provincia;departamento;sector;ambito;Localizacion;ElectricidadSi;ElectricidadRedpública;ElectricidadGrupoelectrógeno;ElectricidadPanelfotovoltaicosolar;ElectricidadGeneradoreólico;ElectricidadGeneradorhidráulico;ElectricidadOtro;EquipamientoEstablecimientoTelevisor;EquipamientoEstablecimientoSistemamultimediaoCañón;EquipamientoEstablecimientoScanner;EquipamientoEstablecimientoWebcam;EquipamientoEstablecimientoTeléfonointeligente;EquipamientoEstablecimientoImpresora;EquipamientoEstablecimientoEquipoemisorderadioAMFM;EquipamientoEstablecimientoEquiporeceptorderadioAMFM;EquipamientoEstablecimientoServidorparausoescolar;EquipamientoEstablecimientoImpresora3D;EquipamientoEstablecimientoEquipodeSonido;EquipamientoEstablecimientoPizarrasdigitales;EquipamientoBibliotecaTelevisor;EquipamientoBibliotecaSistemamultimediaoCañón;EquipamientoBibliotecaScanner;EquipamientoBibliotecaWebcam;EquipamientoBibliotecaTeléfonointeligente;EquipamientoBibliotecaImpresora;EquipamientoBibliotecaEquipoemisorderadioAMFM;EquipamientoBibliotecaEquiporeceptorderadioAMFM;EquipamientoBibliotecaServidorparausoescolar;EquipamientoBibliotecaImpresora3D;EquipamientoBibliotecaEquipodeSonido;EquipamientoBibliotecaPizarrasdigitales;InternetTipodeservicioGratuitoEstado;InternetTipodeservicioGratuitoOtro;InternetTipodeservicioPago;InternetTipodeconexiónTelefónica;InternetTipodeconexiónADSL;InternetTipodeconexiónCableMódem;InternetTipodeconexiónSatelital;InternetTipodeconexiónOtroTipo;InternetTipodeconexiónMóvil;EspaciosconconexiónEneláreadeadministración;EspaciosconconexiónEnlasaulas;EspaciosconconexiónEnlabibliotecas;EspaciosconconexiónEnotroespaciodelestablecimiento;EspaciosconconexiónEnellaboratorio;CooperadoraConpersoneríajurídica;CooperadoraSinpersoneríajurídica;CooperadoraNo;SistemadeGestiónEscolarSi;SistemadeGestiónEscolarProvistoporelMinisterio;SistemadeGestiónEscolarDesarrolladoporterceros;SistemadeGestiónEscolarEncargadoporelEstablecimiento;SistemadeGestiónEscolarPlanilladeCalculo;DisponedesalaolaboratoriodeinformáticaSi;LaboratorioFuncionaesespacioexclusivoSi;BibliotecaDisponedealmenosunaSi;BibliotecaFuncionaesespacioexclusivoSi;SubvenciónEstatalJardínMaternalSi;SubvenciónEstatalJardíndeInfantesSi;SubvenciónEstatalPrimariaSi;SubvenciónEstatalSecundariaSi;SubvenciónEstatalSNUSi
Buenos Aires;25 DE MAYO;Estatal;Rural;49;49;48; ;1; ; ;1;77;37;14;7;13;47;14; ;29;3;28; ;5;3;1;1;0;1;2; ;1;0;1;1;42;3;4;1;3;15;33;3;2;28;46;12;21;6;29;12;8;16;13;1; ;2;9;4;22;13; ; ; ; ; 
Buenos Aires;25 DE MAYO;Estatal;Urbano;43;43;43; ; ; ; ; ;58;37;24;7;3;50;13; ;24;4;33; ;7;3;0;0;0;0;0; ;2;0;3;0;37;3;3;2;1;21;13;7;5;32;40;23;26;10;24;5;14;18;18; ; ; ;10;3;33;21; ; ; ; ; 
Buenos Aires;25 DE MAYO;Privado;Urbano;9;9;9; ; ; ; ; ;358;6;6;3;2;23;3; ;8;0;15; ;2;1;0;0;0;3;0; ;2;0;0;0; ; ;9;2; ;7;1; ;2;9;9;3;7;2; ; ;9;4;1; ;2;1;2;2;4;4; ;3;3;3; 
Buenos Aires;9 DE JULIO;Estatal;Rural;49;48;47; ;2; ; ;2;33;39;22;12;5;44;10; ;29;3;35; ;6;3;1;1;2;3;0; ;2;1;3;0;37;9;1;3;6;12;28; ;3;31;41;21;21;12;18;11;19;14;12; ; ;2;11;5;31;22; ; ; ; ; 
Buenos Aires;9 DE JULIO;Estatal;Urbano;36;35;35; ; ; ; ; ;35;40;14;10;5;54;6; ;26;6;35; ;10;1;1;1;0;4;0; ;1;0;1;1;18;10;8;9;5;15;5;3;4;33;27;22;16;8;20;6;10;15;13; ;1;1;14;8;31;24; ; ; ; ; 
Buenos Aires;9 DE JULIO;Privado;Urbano;8;8;8; ; ; ; ; ;61;14;6;42;5;19;2; ;4;0;11; ;3;0;0;1;0;0;0; ;1;0;0;0; ; ;8;1;3;5; ; ;1;8;7;5;6;5; ; ;8;6;3;2;1; ;5;4;5;4; ;2;2;3; 
Buenos Aires;ADOLFO ALSINA;Estatal;Rural;27;27;27; ; ; ; ; ;16;21;14;3;3;28;11; ;10;0;22; ;4;2;0;1;1;1;0; ;1;0;0;1;23;4; ;3;1;5;21; ;1;16;25;7;11;2;15;10;2;14;14; ; ; ;3;1;16;10; ; ; ; ; 
Buenos Aires;ADOLFO ALSINA;Estatal;Urbano;18;18;18;1;1; ; ; ;30;21;11;1;6;32;5; ;18;5;19; ;7;3;0;0;0;0;1; ;1;0;1;0;13;4;1;5; ;7;1;6;4;18;14;11;11;2;12;5;1;16;16; ; ; ;4;4;16;12; ; ; ; ; 
Buenos Aires;ADOLFO GONZALES CHAVES;Estatal;Rural;21;21;20;1; ;1; ;1;13;15;6;2;2;19;8; ;11;1;13; ;0;0;0;1;0;0;0; ;0;0;0;0;17;2;1;4; ;3;14;2;2;10;19;5;8;4;17;4; ;9;9; ; ; ;4; ;14;5; ; ; ; ; 
Buenos Aires;ADOLFO GONZALES CHAVES;Estatal;Urbano;13;13;13; ; ; ; ; ;18;15;7;5;1;22;5; ;8;3;11; ;3;1;1;1;0;2;1; ;0;0;1;0;12;1; ;1; ;4;3;2;5;12;11;9;9;4;10;3; ;6;6; ; ; ;4;1;9;9; ; ; ; ; 
Buenos Aires;ALBERTI;Estatal;Rural;18;18;18; ; ; ; ; ;17;16;9;5;1;28;3; ;7;1;11; ;3;3;1;1;0;2;1; ;0;0;0;0;14;2;2;2; ;7;7;1;2;12;14;4;12;3;9;4;5;7;6;1; ; ;3;1;11;6; ; ; ; ; 
Buenos Aires;ALBERTI;Estatal;Urbano;11;10;10; ; ; ; ; ;13;10;8;1;0;16;3; ;5;3;9; ;1;3;1;0;0;0;0; ;1;0;0;0;5;2;3;4; ;9; ;1;1;10;8;7;6;3;5;4;1;2;2; ; ; ;3;2;8;6; ; ; ; ; 
Buenos Aires;ALMIRANTE BROWN;Estatal;Urbano;252;252;250; ; ; ; ;2;360;229;131;22;43;494;45; ;166;21;295; ;62;13;5;3;1;29;3; ;16;2;18;3;231;2;9;58;14;168;15;16;40;239;179;133;105;42;140;76;36;118;108;1; ;9;57;28;222;171; ; ; ; ; 
Buenos Aires;ALMIRANTE BROWN;Privado;Urbano;172;171;170;12;2; ; ;1;451;232;89;237;85;288;64; ;118;9;237; ;11;6;3;5;2;11;5; ;6;0;7;0;1; ;165;68;13;108;4;9;43;164;115;45;94;91; ;1;170;78;39;11;21;7;99;82;109;69;9;47;46;46;1
Buenos Aires;ARRECIFES;Estatal;Rural;17;17;17; ; ; ; ; ;10;14;5;1;0;18;4; ;10;0;10; ;1;0;0;0;0;0;0; ;0;0;0;1;14;3; ;1; ;5;7;2;4;15;16;6;8;1;6;5;6;6;6; ; ; ;2; ;9;4; ; ; ; ; 
Buenos Aires;ARRECIFES;Estatal;Urbano;29;29;29; ; ; ; ; ;47;26;11;2;3;43;4; ;16;5;19; ;8;7;1;0;0;8;0; ;3;0;1;1;23;5; ;7;1;15;4;6;6;25;18;12;12;7;13;10;6;17;16; ; ;1;9;5;27;22; ; ; ; ; 
Buenos Aires;AVELLANEDA;Estatal;Urbano;185;183;183; ;1; ; ; ;161;196;101;32;41;324;46; ;112;33;208; ;26;22;3;1;1;21;4; ;5;0;8;3;147;14;15;46;8;109;9;20;30;173;139;92;89;56;123;39;21;80;69;4;3;4;74;56;151;120; ; ; ; ; 
Buenos Aires;AVELLANEDA;Privado;Urbano;112;112;112;2; ; ; ;1;346;350;96;153;63;245;59; ;70;9;198; ;15;6;1;20;0;14;1; ;10;1;7;6;2;1;107;30;2;77;6;9;25;108;90;33;70;70; ; ;112;49;12;18;17;2;69;63;63;37;15;29;26;28;4
Buenos Aires;AYACUCHO;Estatal;Rural;42;41;32;4;8; ; ;1;24;29;17;7;4;29;6; ;21;1;26; ;3;0;0;0;0;0;0; ;2;1;2;1;39;1; ;2; ;8;28;2;4;25;38;9;14;5;23;12;7;13;12; ; ;1;8; ;24;10; ; ; ; ; 
Buenos Aires;AYACUCHO;Estatal;Urbano;24;24;23;1;1; ; ; ;34;22;14;3;3;40;13; ;15;4;22; ;10;3;0;0;0;1;1; ;0;0;0;1;20;2;2;7;1;13;1;7;2;23;15;9;9;2;16;3;5;7;7; ; ; ;9;6;18;13; ; ; ; ; 
Buenos Aires;AZUL;Estatal;Rural;43;43;30; ;13; ; ;3;28;30;14;5;3;33;12; ;19;1;26; ;2;4;0;0;0;1;1; ;3;0;0;0;38;3; ; ; ;8;34;1;1;21;35;8;18;2;10;10;23;9;8; ; ;1;3; ;22;4; ; ; ; ; 
Buenos Aires;AZUL;Estatal;Urbano;61;61;61; ; ; ; ; ;58;62;36;6;14;81;27; ;40;4;63; ;6;10;2;0;0;7;2; ;4;2;3;3;46;9;3;3;5;31;12;12;7;55;43;26;23;10;35;13;13;27;24;2;1; ;18;10;53;28; ; ; ; ; 
Buenos Aires;AZUL;Privado;Urbano;21;21;21; ; ; ; ;1;22;22;10;3;14;34;19; ;6;0;30; ;3;1;2;1;1;2;3; ;2;0;2;0;1;3;17;3; ;13;3;3;2;20;16;5;11;9;1;3;17;7;4;1; ;2;10;9;13;9;4;4;7;7; 
Buenos Aires;BAHIA BLANCA;Estatal;Rural;6;6;6; ; ; ; ; ;4;5;5;1;2;11;3; ;3;0;3; ;0;0;0;0;0;2;0; ;0;0;0;0;4;2; ; ; ;1;4;2;1;5;6;4;2;1;3;2;1;2;1;1; ; ;3;1;5;3; ; ; ; ; 
Buenos Aires;BAHIA BLANCA;Estatal;Urbano;197;191;191; ; ; ; ; ;203;197;108;48;32;333;71; ;111;19;188; ;44;26;7;26;0;20;8; ;13;0;13;5;152;16;20;20;6;137;8;23;23;186;140;104;75;33;119;39;33;99;89;2;3;5;51;27;172;124; ; ; ; ; 
Buenos Aires;BAHIA BLANCA;Privado;Urbano;87;87;87; ; ; ; ;1;288;171;57;134;76;221;36; ;49;8;131; ;11;7;2;4;1;9;5; ;5;0;11;0; ; ;87;12;5;69;4;6;27;87;79;46;65;35;1; ;86;47;23;13;10;1;37;30;61;39;13;24;15;19;4
Buenos Aires;BALCARCE;Estatal;Rural;35;35;34;1;1; ; ; ;24;25;10;5;11;34;8; ;15;0;19; ;0;2;1;0;0;1;0; ;2;0;1;2;35; ; ;1; ;11;22;3;1;27;32;9;15;6;17;11;7;20;20; ; ; ;6;3;21;9; ; ; ; ; 
Buenos Aires;BALCARCE;Estatal;Urbano;44;44;43; ;1; ; ; ;61;42;23;19;18;72;17; ;24;0;50; ;13;6;1;0;1;5;2; ;4;0;3;2;35;2;7;2;2;28;13;4;8;39;36;17;23;7;22;11;11;24;21; ;1;2;13;6;31;22; ; ; ; ; 
Buenos Aires;BALCARCE;Privado;Rural;5;5;5;2; ; ; ; ;25;11;4;3;5;23;0; ;3;1;8; ;1;2;0;0;2;3;0; ;0;0;3;2; ;1;4; ;1;1;2;1;1;5;5;3;4;3; ; ;5;3;1;2; ; ;3;2;4;3;1;2;1;2; 
Buenos Aires;BALCARCE;Privado;Urbano;4;4;4; ; ; ; ; ;22;6;14;30;2;8;0; ;3;0;5; ;2;0;0;0;0;0;2; ;1;0;0;0;1; ;3;3; ;3; ; ;2;4;4;3;4;3;1; ;3;3;3; ; ; ;4;3;3;2;1;3;3;1; 
Buenos Aires;BARADERO;Estatal;Rural;26;26;21;5;2; ; ; ;20;23;9;7;1;24;6; ;16;2;17; ;3;0;0;0;0;0;0; ;0;0;0;0;22;1;1; ; ;8;15; ;3;17;20;10;9;3;10;7;9;9;8; ; ;1;6;2;18;11; ; ; ; ; 
Buenos Aires;BARADERO;Estatal;Urbano;38;38;36;1;1; ;1; ;47;39;11;3;17;52;5; ;21;0;32; ;4;2;0;0;0;1;0; ;1;0;1;2;32;5;1;2;1;24;8;3;5;33;29;20;11;3;13;10;15;17;17; ; ; ;8;5;33;18; ; ; ; ; 
Buenos Aires;BARADERO;Privado;Urbano;9;9;9; ; ; ; ; ;56;22;7;15;5;17;1; ;15;0;11; ;3;0;0;1;0;1;0; ;2;0;0;0; ; ;9; ; ;8; ; ;1;9;8;6;6;3; ; ;9;8;3;1;4; ;2;1;6;5;1;2;2;2; 
Buenos Aires;BENITO JUAREZ;Estatal;Rural;14;14;14;1; ; ; ; ;9;13;7;1;0;20;9; ;10;0;10; ;2;3;1;1;1;3;2; ;0;0;4;3;13; ;1;2;1;5;8;1;2;14;13;7;7;2;10;4; ;9;9; ; ; ;5;2;10;5; ; ; ; ; 
Buenos Aires;BENITO JUAREZ;Estatal;Urbano;16;16;16; ; ; ; ; ;11;22;14;19;2;25;12; ;13;1;16; ;4;6;4;0;0;3;3; ;5;0;3;3;8;3;5;2;1;6;5;2;4;16;13;13;5;6;9;6;1;9;8; ; ;1;5;4;15;14; ; ; ; ; 
Buenos Aires;BERAZATEGUI;Estatal;Urbano;186;183;183;1; ; ; ;1;211;172;113;65;26;328;50; ;129;19;188; ;53;18;1;1;1;18;6; ;18;2;16;5;170;4;8;44;18;95;21;24;40;181;151;124;83;37;102;52;29;93;79;3;1;10;52;26;174;140; ; ; ; ; 
Buenos Aires;BERAZATEGUI;Privado;Urbano;99;99;98;9; ; ; ;1;220;279;76;212;50;183;27; ;67;18;134; ;5;5;6;6;2;12;5; ;7;0;11;0;3; ;95;45;4;63;6;5;24;98;67;34;61;60; ; ;99;44;23;11;8;2;61;56;59;40;5;27;27;27;2
Buenos Aires;BERISSO;Estatal;Urbano;56;56;56; ; ; ; ; ;36;40;33;8;5;84;15; ;44;6;49; ;16;9;7;2;0;9;7; ;8;1;6;1;51;3;1;10;4;34;7;10;9;54;46;36;25;12;37;10;9;30;28;1;1; ;16;9;48;41; ; ; ; ; 
Buenos Aires;BERISSO;Privado;Urbano;22;19;19; ; ; ; ; ;32;29;15;23;9;46;10; ;7;0;22; ;1;0;0;0;0;0;0; ;0;0;0;0; ;1;18;7;1;15; ; ;2;19;14;9;11;5;1; ;18;5;3; ;1;1;6;5;10;10;1;9;7;7;1
Buenos Aires;BOLIVAR;Estatal;Rural;40;40;40; ; ; ; ; ;18;32;12;4;9;30;10; ;19;1;26; ;3;0;0;0;0;0;0; ;1;0;0;0;36;3; ;3;1;11;24;1;4;13;39;4;14;2;16;12;12;13;13; ; ; ;3;1;14;4; ; ; ; ; 
Buenos Aires;BOLIVAR;Estatal;Urbano;38;38;38; ; ; ; ; ;31;34;13;13;9;48;18; ;16;4;36; ;14;8;3;0;2;6;0; ;1;0;4;3;31;5;2;3;1;21;14;3;5;29;37;19;18;8;21;8;9;16;13; ;1;2;9;7;28;21; ; ; ; ; 
Buenos Aires;BOLIVAR;Privado;Urbano;7;7;7; ; ; ; ; ;28;13;7;43;7;31;6; ;1;0;12; ;0;0;0;1;0;1;0; ;0;0;0;0; ; ;7;1; ;7; ; ;1;7;7;4;6;7; ;2;5;1; ;1; ; ;6;4;3;2;1;2;2;2;1
Buenos Aires;BRAGADO;Estatal;Rural;23;23;23; ;2; ; ; ;30;23;8;3;3;29;6; ;12;1;20; ;3;1;0;1;0;0;0; ;1;0;0;1;17;1;5;2; ;14;8; ;4;16;20;8;11;5;16;3;4;7;5; ; ;2;5;3;15;8; ; ; ; ; 
Buenos Aires;BRAGADO;Estatal;Urbano;30;30;30; ; ; ; ; ;139;29;11;6;9;46;14; ;21;7;38; ;8;2;0;0;0;3;0; ;2;2;0;0;20;3;7;4;5;17;3;6;4;28;18;15;12;7;17;11;2;19;18; ; ;1;10;8;22;19; ; ; ; ; 
Buenos Aires;BRANDSEN;Estatal;Rural;29;29;29; ; ; ; ; ;20;27;12;3;7;26;7; ;14;2;20; ;1;0;0;1;1;1;0; ;2;0;1;0;28; ; ;1; ;4;18;5;3;23;20;9;8;3;16;7;6;17;16; ; ;1;6;1;21;8; ; ; ; ; 
Buenos Aires;BRANDSEN;Estatal;Urbano;21;20;20; ; ; ; ; ;21;22;14;2;3;27;2; ;13;2;21; ;5;3;0;0;0;2;0; ;1;0;0;1;15;1;1;4; ;8;5;1; ;15;8;9;3;1;14;4;2;7;6; ; ;1;7;2;19;13; ; ; ; ; 
Buenos Aires;BRANDSEN;Privado;Urbano;10;10;10; ; ; ; ; ;18;8;6;5;5;12;2; ;2;1;11; ;1;0;0;0;0;0;0; ;0;0;1;0; ; ;10;1;2;5;2;1; ;10;10;3;7;2; ; ;10;2;2; ; ; ;3;3;4;3; ;2;3;2; 
Buenos Aires;CAMPANA;Estatal;Rural;18;18;18;1;1; ; ; ;16;18;8;2;1;22;3; ;8;6;16; ;1;6;1;0;0;3;0; ;2;2;2;0;15;2; ;1; ;9;7;2;1;17;9;6;7;2;9;4;5;5;4; ; ;1;5;2;13;9; ; ; ; ; 
Buenos Aires;CAMPANA;Estatal;Urbano;72;72;72; ; ; ; ; ;74;71;55;7;12;118;8; ;42;12;67; ;13;17;3;2;0;3;2; ;4;0;6;1;58;6;4;6; ;38;14;11;6;67;49;31;25;6;32;16;24;28;27; ; ;1;14;10;56;46; ; ; ; ; 
Buenos Aires;CAMPANA;Privado;Urbano;37;37;37;7; ; ; ;1;171;143;24;44;53;75;11; ;31;17;86; ;2;1;0;0;0;0;0; ;1;0;1;0; ; ;37;7;1;28;2;3;6;37;36;13;22;11; ; ;37;18;3;6;9; ;13;7;20;11;2;4;4;5; 
Buenos Aires;CAÑUELAS;Estatal;Rural;26;26;26; ; ; ; ; ;18;24;6;0;5;33;7; ;10;1;21; ;1;1;1;0;0;3;0; ;1;0;2;0;23;2; ; ; ;10;14; ;2;19;23;3;10;2;12;4;10;15;14; ; ;1;7;2;14;4; ; ; ; ; 
Buenos Aires;CAÑUELAS;Estatal;Urbano;56;56;56; ; ; ; ;1;45;39;19;4;5;80;10; ;28;3;53; ;10;9;3;1;1;12;1; ;5;0;1;0;55; ; ;7;2;34;6;7;11;54;45;25;24;7;30;10;16;30;29;1; ; ;14;8;40;25; ; ; ; ; 
Buenos Aires;CAÑUELAS;Privado;Urbano;16;16;16;2; ; ; ; ;69;22;9;17;12;38;3; ;8;2;34; ;8;1;0;0;0;0;1; ;1;0;0;0; ; ;16;2; ;10;4;3;2;16;13;7;12;12; ; ;16;10;3;2;4;1;12;11;10;5;1;2;2;2; 
Buenos Aires;CAPITAN SARMIENTO;Estatal;Rural;9;9;9; ; ; ; ; ;7;7;6;2;1;19;2; ;4;0;5; ;0;0;0;0;0;0;0; ;0;0;0;0;7;1;1; ; ;4;3;2; ;5;6; ;2; ;4;3;2;6;6; ; ; ;2;1;2;1; ; ; ; ; 
Buenos Aires;CAPITAN SARMIENTO;Estatal;Urbano;18;18;18; ; ; ; ; ;61;18;14;5;6;32;1; ;11;1;11; ;8;3;2;0;0;4;0; ;0;0;2;0;14;4; ; ;1;13;2;1;2;16;14;13;8;5;13;3;2;13;12;1; ; ;6;4;14;14; ; ; ; ; 
Buenos Aires;CARLOS CASARES;Estatal;Rural;34;34;32;1; ; ; ;2;22;21;10;3;3;29;8; ;18;3;21; ;0;2;0;0;0;0;0; ;0;0;1;1;28;4;2;1;1;11;20;3;3;25;30;15;14;3;18;9;7;9;9; ; ; ;2;1;27;14; ; ; ; ; 
Buenos Aires;CARLOS CASARES;Estatal;Urbano;20;20;20;1; ; ; ; ;36;29;12;3;2;37;6; ;14;7;30; ;6;5;3;0;0;3;0; ;0;0;0;1;16; ;4;7;2;12; ;1;3;20;15;14;9;7;16;2;2;10;9;1; ; ;6;3;18;13; ; ; ; ; 
Buenos Aires;CARLOS TEJEDOR;Estatal;Rural;30;30;28; ;3; ; ;2;18;28;15;7;3;41;6; ;17;2;16; ;2;2;1;9;0;1;0; ;0;0;1;0;22;7;1;3;1;7;19;3;8;15;27;8;12;1;15;12;3;19;18; ;1; ;1; ;12;8; ; ; ; ; 
Buenos Aires;CARLOS TEJEDOR;Estatal;Urbano;16;16;16; ; ; ; ; ;21;14;12;3;0;21;4; ;7;2;20; ;5;6;1;0;0;4;1; ;2;0;1;0;9;7; ;1;3;9;2;3; ;16;10;8;8; ;13;2;1;9;9; ; ; ;1;1;11;9; ; ; ; ; 
Buenos Aires;CARMEN DE ARECO;Estatal;Rural;18;18;18; ; ; ; ; ;11;12;1;0;1;11;5; ;11;1;11; ;1;2;1;1;1;1;2; ;1;1;1;1;15; ;2; ; ;3;11;3;1;9;15;6;7;3;7;7;4;8;7; ; ;1;8;1;13;4; ; ; ; ; 
Buenos Aires;CARMEN DE ARECO;Estatal;Urbano;26;26;25; ; ; ; ;1;21;22;10;7;4;35;8; ;18;1;19; ;4;0;0;0;0;0;0; ;0;0;0;0;20; ;4;6; ;6;8;2;4;21;21;13;12;1;14;7;5;9;7;2; ; ;7;2;20;14; ; ; ; ; 
Buenos Aires;CASTELLI;Estatal;Rural;17;17;15; ;2; ; ;1;11;10;2;0;2;23;3; ;10;1;12; ;0;0;0;0;0;0;0; ;0;0;0;0;14;3; ; ; ;3;11;2;4;10;14;1;3; ;14;2;1;8;7;1; ; ;1; ;10;1; ; ; ; ; 
Buenos Aires;CASTELLI;Estatal;Urbano;9;9;9; ; ; ; ; ;26;9;3;1;3;13;4; ;3;1;6; ;2;0;0;0;0;0;1; ;0;1;1;0;7;2; ;1;2;5; ;3;2;9;9;2;5;1;6;2;1;5;5; ; ; ; ; ;5;3; ; ; ; ; 
Buenos Aires;CHACABUCO;Estatal;Rural;32;32;32; ;1; ; ; ;20;22;12;7;3;35;7; ;14;0;25; ;1;4;2;2;2;0;0; ;3;2;1;3;21;9; ;4;1;15;9;5;2;27;27;17;16;4;11;10;11;8;8; ; ; ;6;1;23;13; ; ; ; ; 
Buenos Aires;CHACABUCO;Estatal;Urbano;50;49;49; ; ; ; ; ;32;35;22;15;3;58;10; ;18;4;41; ;7;7;2;1;0;9;0; ;6;2;4;4;33;10;2;4;2;29;8;3;8;41;38;27;25;10;26;11;13;16;15; ; ;1;8;4;39;33; ; ; ; ; 
Buenos Aires;CHACABUCO;Privado;Urbano;10;10;10; ; ; ; ; ;26;6;4;19;13;16;12; ;9;1;10; ;3;0;1;0;0;1;0; ;0;0;0;0; ; ;10;1; ;10; ;1;4;10;10;7;5;2;2; ;8;2;1; ;1; ;3;2;9;8;4;4;2;2; 
Buenos Aires;CHASCOMUS;Estatal;Rural;15;15;13;1;2; ; ; ;4;7;1;1;3;9;2; ;5;1;5; ;1;0;0;0;0;0;0; ;0;0;0;0;15; ; ;1; ;6;9; ; ;6;15;1;2; ;8; ;7;7;6; ; ;1;3; ;9;1; ; ; ; ; 
Buenos Aires;CHASCOMUS;Estatal;Urbano;59;59;55; ;3; ; ;2;64;57;25;20;12;80;32; ;39;4;52; ;8;10;1;0;0;6;3; ;1;0;2;0;51;5;2;5;3;26;23;5;1;47;52;24;35;10;38;12;9;28;25;1; ;2;15;6;40;23; ; ; ; ; 
Buenos Aires;CHASCOMUS;Privado;Urbano;10;10;10; ; ; ; ; ;11;22;6;5;6;15;2; ;7;0;15; ;2;0;0;0;0;0;0; ;0;0;2;0; ; ;10;4; ;7;2; ;2;10;10;5;7;5; ; ;10;3;1;1;1; ;5;4;8;3; ;4;3;3; 
Buenos Aires;CHIVILCOY;Estatal;Rural;30;30;30; ; ; ; ; ;17;28;9;8;5;24;7; ;17;1;23; ;1;1;0;0;0;1;0; ;1;0;1;1;24;3;2;4; ;14;12;2;6;21;25;2;9; ;19;6;5;11;11; ; ; ;10;2;15;8; ; ; ; ; 
Buenos Aires;CHIVILCOY;Estatal;Urbano;59;59;58;1; ; ; ; ;50;58;33;40;5;87;19; ;36;9;57; ;13;10;3;5;0;7;1; ;3;0;1;3;46;7;5;8;5;33;7;7;11;54;51;34;26;14;47;8;4;28;25; ; ;3;20;7;50;36; ; ; ; ; 
Buenos Aires;CHIVILCOY;Privado;Urbano;19;19;19; ; ; ; ; ;13;54;15;11;7;41;7; ;12;0;27; ;0;3;2;0;0;0;0; ;1;0;1;0; ; ;19;2; ;11;4;1;4;19;17;9;12;4; ; ;19;7;4; ;3; ;4;3;13;6;3;5;6;6;1
Buenos Aires;COLON;Estatal;Rural;12;12;12; ; ; ; ; ;7;8;3;1;2;10;1; ;6;0;7; ;1;2;0;4;0;2;2; ;0;0;1;0;9;1;1; ; ;1;8;1;1;8;9;4;5;1;2;5;5;5;4; ; ;1;1;1;9;3; ; ; ; ; 
Buenos Aires;COLON;Estatal;Urbano;22;22;22; ;1; ; ; ;18;20;10;2;1;36;6; ;14;6;17; ;9;2;0;0;0;1;0; ;2;0;4;0;14;2;6;1;1;15;4;3;1;20;19;15;15;7;6;13;3;15;11;1; ;3;11;5;20;17; ; ; ; ; 
Buenos Aires;COLON;Privado;Urbano;9;9;9; ; ; ; ; ;38;11;11;6;2;20;7; ;4;0;13; ;4;1;0;1;0;0;1; ;1;0;2;0; ;1;8;2; ;6; ;1;1;9;6;3;6;1; ; ;9;5;4; ; ;1;3;3;6;3; ;3;3;3; 
Buenos Aires;CORONEL DE MARINA L ROSALES;Estatal;Rural;16;16;15; ; ;1; ; ;16;14;5;2;1;19;5; ;9;2;22; ;1;2;0;0;0;1;1; ;1;0;2;1;8;5;1;1; ;8;5;1; ;12;9;2;6;1;8;3;5;10;9;1; ; ;2;1;8;3; ; ; ; ; 
Buenos Aires;CORONEL DE MARINA L ROSALES;Estatal;Urbano;48;47;47;1; ; ; ; ;52;50;26;104;4;180;16; ;33;7;56; ;15;6;1;0;0;3;0; ;3;0;1;2;41;2;3;10;1;34;2;3;6;45;37;28;20;11;27;10;10;26;25;1; ; ;15;8;42;29; ; ; ; ; 
Buenos Aires;CORONEL DE MARINA L ROSALES;Privado;Urbano;9;9;9; ; ; ; ; ;20;9;2;2;2;24;4; ;2;2;10; ;1;6;0;0;0;5;0; ;0;0;4;0; ; ;9;2; ;6; ;2;1;9;5;3;2;3; ; ;9;3;2; ;1; ;5;3;6;3;1;3;3;3; 
Buenos Aires;CORONEL DORREGO;Estatal;Rural;26;26;24; ;3; ; ; ;15;23;11;4;2;29;7; ;12;1;23; ;4;5;0;0;0;0;1; ;1;0;3;0;20;4;1;6; ;9;10;2;3;16;21;10;16; ;14;6;6;23;23; ; ; ;5; ;11;5; ; ; ; ; 
Buenos Aires;CORONEL DORREGO;Estatal;Urbano;16;16;16; ; ; ; ; ;17;17;14;3;1;25;3; ;12;5;17; ;7;1;0;0;0;1;0; ;1;0;1;1;14;2; ;1; ;9;5;1;4;11;16;10;7;3;7;4;5;15;15; ; ; ;5;2;13;11; ; ; ; ; 
Buenos Aires;CORONEL DORREGO;Privado;Urbano;5;5;5; ; ; ; ; ;4;7;5;3;0;9;4; ;2;0;5; ;0;3;0;0;0;0;1; ;0;0;0;0; ; ;5;2; ;3;1; ; ;5;5;2;3;2;1;2;2;2;2; ; ; ;2;2;3;3; ;2;2;2; 
Buenos Aires;CORONEL PRINGLES;Estatal;Rural;21;21;10;3;9; ; ; ;11;16;7;4;4;18;2; ;11;1;12; ;1;1;0;0;0;0;0; ;0;0;0;0;17;2; ;2; ;4;15; ;3;8;19;8;7;3;11;3;7;10;10; ; ; ;4;1;12;8; ; ; ; ; 
Buenos Aires;CORONEL PRINGLES;Estatal;Urbano;28;28;26;1;2; ; ; ;32;23;23;5;1;34;2; ;19;2;18; ;8;5;1;3;0;2;0; ;4;0;1;3;25;1;1;1;2;15;3;2;6;26;23;15;13;1;18;7;3;16;15; ;1; ;4;3;26;18; ; ; ; ; 
Buenos Aires;CORONEL SUAREZ;Estatal;Rural;29;29;29; ; ; ; ; ;20;27;17;7;5;29;4; ;17;0;33; ;5;1;0;1;0;3;0; ;0;0;1;0;24;3;2;1;2;8;18;2;1;20;27;16;16;5;18;8;3;12;12; ; ; ;7;2;23;15; ; ; ; ; 
Buenos Aires;CORONEL SUAREZ;Estatal;Urbano;53;53;53; ; ; ; ; ;64;51;32;23;14;73;20; ;31;3;48; ;15;9;2;1;2;8;7; ;5;0;5;4;44;4;5;9;3;28;14;5;5;44;49;28;30;12;34;9;10;18;16; ;1;1;15;9;42;33; ; ; ; ; 
Buenos Aires;CORONEL SUAREZ;Privado;Urbano;8;8;8; ; ; ; ; ;14;9;4;5;1;21;3; ;6;0;8; ;3;1;0;1;0;0;0; ;1;0;0;0; ;1;7;2;1;7; ;1;1;8;6;7;6;5;1; ;7; ; ; ; ; ;5;2;6;4;4;4;3;4; 
Buenos Aires;DAIREAUX;Estatal;Rural;32;32;27;1;4; ; ;2;20;25;12;6;2;32;5; ;18;1;22; ;3;1;0;0;0;0;0; ;0;0;1;1;26;1;3;3; ;1;22;5;1;16;27;4;10;1;23;1;8;8;8; ; ; ;6;1;20;7; ; ; ; ; 
Buenos Aires;DAIREAUX;Estatal;Urbano;13;13;12; ;1; ; ; ;13;17;6;1;3;17;6; ;9;1;12; ;5;3;0;0;0;2;0; ;0;0;1;3;10;1;2;2; ;4;3;3;2;10;8;5;5;2;10;1;2;8;8; ; ; ;4;2;11;7; ; ; ; ; 
Buenos Aires;DOLORES;Estatal;Rural;15;15;9; ;6; ; ;1;12;12;3;1;2;11;4; ;8;1;11; ;1;1;0;0;0;0;0; ;1;0;0;0;12;1;1;1; ;5;9; ;1;12;11;4;4;1;6;7;2;2;2; ; ; ;1;1;8;5; ; ; ; ; 
Buenos Aires;DOLORES;Estatal;Urbano;24;24;24; ;1; ; ; ;19;32;9;7;4;41;6; ;13;4;24; ;3;0;1;17;0;1;0; ;1;0;1;0;19;2;1;1; ;15;1;8;1;19;17;11;14;7;10;9;5;15;14; ; ;1;7;5;22;14; ; ; ; ; 
Buenos Aires;Enmascarado;Estatal;Rural;18;18;18; ; ; ; ; ;25;16;7;1;0;19;2; ;10;1;17; ;1;0;0;0;0;0;0; ;0;0;0;0;11;5;2;3; ;8;5;3; ;18;14;6;2;2;9;6;3;7;7; ; ; ;1;1;12;6; ; ; ; ; 
Buenos Aires;Enmascarado;Estatal;Urbano;15;15;15; ; ; ; ; ;19;14;8;8;1;26;7; ;11;0;13; ;5;5;0;1;0;3;3; ;1;0;2;2;8;6; ; ; ;10;3;3;1;12;11;9;9;3;9;4;2;9;8;1; ; ;3;2;12;8; ; ; ; ; 
Buenos Aires;Enmascarado;Privado;Rural;53;53;53;4;1; ; ; ;133;68;39;30;28;116;18; ;21;11;64; ;14;11;5;6;1;11;1; ;2;1;6;0;1;8;42;8;3;24;17;7;8;50;39;26;26;25;4;8;41;24;15;4;3;2;26;20;40;33;12;18;13;27; 
Buenos Aires;Enmascarado;Privado;Urbano;108;108;105;1;3; ; ;1;404;146;74;93;49;222;41; ;52;6;149; ;20;10;1;5;0;9;7; ;5;2;11;1;1;10;96;21;3;72;13;13;13;106;85;54;60;44;7;3;98;38;26;9;3; ;48;43;81;70;12;34;34;40;8
Buenos Aires;ENSENADA;Estatal;Urbano;42;42;42;1; ; ; ; ;21;45;18;8;7;58;11; ;28;16;29; ;4;5;1;0;1;2;0; ;6;0;3;2;42; ; ;3;4;32; ;8;3;41;36;27;23;8;17;12;13;18;14; ; ;4;10;4;39;29; ; ; ; ; 
Buenos Aires;ENSENADA;Privado;Urbano;11;8;8; ;1; ; ; ;10;10;5;0;7;12;4; ;6;0;9; ;0;0;0;0;0;0;0; ;0;0;0;0; ; ;8;3; ;8; ; ;2;8;8;1;4; ; ; ;8;1;1; ; ; ;2; ;2;1; ;4;3;3; 
Buenos Aires;ESCOBAR;Estatal;Urbano;112;112;112; ;1; ; ; ;116;132;62;63;25;215;19; ;66;26;124; ;15;8;2;2;0;9;3; ;8;1;12;3;94;9;4;19;11;65;13;10;13;103;80;55;43;23;65;28;19;52;46;1; ;5;30;25;91;60; ; ; ; ; 
Buenos Aires;ESCOBAR;Privado;Urbano;117;117;116;10;3; ; ;1;216;395;82;214;59;216;30; ;51;16;185; ;6;16;3;14;0;6;1; ;3;1;3;1; ; ;113;34;7;77;12;9;15;113;90;35;72;42;2; ;115;50;12;24;13;1;40;34;60;39;1;13;13;16; 
Buenos Aires;ESTEBAN ECHEVERRIA;Estatal;Urbano;130;130;130; ; ; ; ; ;224;138;92;16;28;254;50; ;84;4;146; ;34;10;7;1;0;19;7; ;15;0;9;1;111;7;2;26;9;72;9;9;19;120;92;76;51;17;94;29;7;73;70; ; ;3;35;19;120;97; ; ; ; ; 
Buenos Aires;ESTEBAN ECHEVERRIA;Privado;Urbano;79;78;78;14;2; ; ; ;276;113;62;172;38;158;42; ;44;18;173; ;1;3;0;0;0;0;0; ;0;0;0;0; ; ;74;19;7;51;8;3;20;74;48;14;42;47; ; ;78;34;9;12;11;2;54;47;32;20;2;21;18;15; 
Buenos Aires;EXALTACION DE LA CRUZ;Estatal;Rural;19;19;19; ; ; ; ; ;12;17;3;2;5;22;0; ;9;0;15; ;1;0;0;0;1;1;0; ;0;0;1;0;16;2; ;4; ;7;8;1;2;15;16;6;6;1;12;4;3;6;5;1; ; ;4;1;14;7; ; ; ; ; 
Buenos Aires;EXALTACION DE LA CRUZ;Estatal;Urbano;24;24;24; ; ; ; ; ;18;22;3;5;5;30;2; ;8;3;16; ;8;2;0;0;0;1;0; ;1;0;2;0;15;8;1;3;3;14;3;3;1;22;18;7;5;2;20;2;2;11;10; ; ;1;2;1;16;12; ; ; ; ; 
Buenos Aires;EXALTACION DE LA CRUZ;Privado;Urbano;10;10;10;3; ; ; ; ;39;13;12;7;10;25;4; ;6;0;14; ;0;0;0;0;0;3;0; ;0;0;0;0; ;1;9;2; ;7;3; ; ;10;8;2;5;6;1; ;9;4;1;2;1; ;6;6;5;4; ;2;2;2; 
Buenos Aires;EZEIZA;Estatal;Urbano;92;88;87; ; ; ;1;2;81;74;32;26;17;121;16; ;57;3;88; ;10;2;1;0;0;5;1; ;9;2;4;3;75; ;5;19;3;45;12;14;10;77;59;38;39;12;53;16;19;56;51;1;1;3;19;8;70;54; ; ; ; ; 
Buenos Aires;EZEIZA;Privado;Urbano;55;52;50;16; ; ; ;1;162;123;34;100;23;118;22; ;31;12;104; ;3;0;0;0;0;0;0; ;0;0;0;0;1; ;50;24;3;27;10;2;11;50;37;17;35;26; ;1;51;23;10;9;3;1;28;26;25;16; ;7;6;9;1
Buenos Aires;FLORENCIO VARELA;Estatal;Rural;6;6;6; ; ; ; ; ;3;4;3;0;0;12;2; ;3;2;8; ;2;0;0;0;0;1;0; ;0;0;0;0;4;1; ; ; ;1;2; ;3;4;2;1; ; ;2;2;2;4;3; ; ;1;2;1;6;5; ; ; ; ; 
Buenos Aires;FLORENCIO VARELA;Estatal;Urbano;201;200;199; ; ; ; ;1;169;153;73;24;16;307;36; ;128;12;184; ;42;21;2;6;0;17;6; ;10;0;23;1;176;1;3;32;16;96;26;13;27;178;132;99;77;34;83;38;79;88;81;2; ;5;40;25;179;137; ; ; ; ; 
Buenos Aires;FLORENCIO VARELA;Privado;Urbano;88;88;87;8; ; ; ;1;161;64;60;49;42;152;32; ;45;2;109; ;13;1;1;1;1;4;3; ;3;1;7;3;1; ;85;31;6;50;12;10;16;85;43;23;42;38; ; ;88;22;13;2;5;2;36;33;51;31;4;30;28;28;2
Buenos Aires;FLORENTINO AMEGHINO;Estatal;Rural;11;11;11; ; ; ; ; ;14;9;2;1;2;16;1; ;6;2;8; ;2;1;0;0;0;0;0; ;0;1;2;0;8;1;2; ; ;4;7; ;1;10;8;4;8;2;6;3;2;3;3; ; ; ;1; ;8;4; ; ; ; ; 
Buenos Aires;FLORENTINO AMEGHINO;Estatal;Urbano;10;10;10; ; ; ; ; ;25;8;3;0;1;15;4; ;8;0;11; ;5;0;0;3;0;0;0; ;1;0;0;1;8;1;1; ; ;7;3; ; ;9;10;7;8;3;7;2;1;1;1; ; ; ;3;2;8;7; ; ; ; ; 
Buenos Aires;GENERAL ALVARADO;Estatal;Rural;13;13;13; ; ; ; ;1;12;9;6;2;2;15;2; ;6;1;14; ;1;1;1;0;0;2;0; ;0;0;1;0;11;1;1;2; ;3;8; ;1;11;7;5;2;1;9;2;2;8;8; ; ; ;2; ;9;5; ; ; ; ; 
Buenos Aires;GENERAL ALVARADO;Estatal;Urbano;33;33;33; ; ; ; ; ;41;36;17;4;10;54;12; ;21;12;29; ;10;1;0;0;0;3;1; ;5;0;0;0;19;3;9;6; ;17;7;8;2;31;18;14;13;8;21;10;2;17;13;2;1;1;13;7;25;17; ; ; ; ; 
Buenos Aires;GENERAL ALVARADO;Privado;Urbano;15;15;15; ; ; ; ; ;90;15;17;11;13;33;5; ;8;0;23; ;1;1;1;1;2;1;1; ;2;0;0;0; ;1;14;3;3;9;1;3;1;15;12;5;8;6; ;1;14;4;3;1; ; ;7;5;8;7;1;5;6;5; 
Buenos Aires;GENERAL ALVEAR;Estatal;Rural;27;27;24; ;2; ; ;1;23;23;14;1;1;23;5; ;14;3;10; ;0;0;0;0;0;0;1; ;0;1;0;0;26;1; ;3; ;1;23;1; ;15;25;7;11;5;15;7;5;8;8; ; ; ;8; ;18;8; ; ; ; ; 
Buenos Aires;GENERAL ALVEAR;Estatal;Urbano;18;18;17; ;1; ; ; ;27;14;9;3;2;18;11; ;10;3;17; ;6;3;0;1;0;4;1; ;3;0;4;2;14;2;2;1; ;10;7;2;2;13;18;9;10;2;10;2;6;12;10;2; ; ;3;2;13;12; ; ; ; ; 
Buenos Aires;GENERAL ARENALES;Estatal;Rural;7;6;6; ; ; ; ; ;3;3;2;0;0;4;2; ;4;0;4; ;0;0;0;0;0;0;0; ;0;0;0;0;5;1; ; ; ;5;3; ; ;5;5;2;2; ;3; ;4;3;3; ; ; ; ; ;4;1; ; ; ; ; 
Buenos Aires;GENERAL ARENALES;Estatal;Urbano;17;17;17; ; ; ; ; ;17;18;6;2;4;29;5; ;6;0;17; ;6;2;1;0;0;4;0; ;2;0;1;2;5;11;1;3;5;7;1;3;2;17;11;9;9;6;10;6;1;9;8; ;1; ;6;4;12;11; ; ; ; ; 
Buenos Aires;GENERAL ARENALES;Privado;Urbano;8;8;8; ; ; ; ; ;12;7;3;1;5;9;4; ;3;0;7; ;0;0;0;0;0;0;0; ;0;0;0;0; ;4;4;1; ;6;1; ; ;8;5;4;2;3; ; ;8;1; ; ;1; ;3;3;4;4;2;3;2;3; 
Buenos Aires;GENERAL BELGRANO;Estatal;Rural;19;18;18; ; ; ; ;1;18;13;2;1;1;12;5; ;10;2;13; ;1;0;1;2;1;0;0; ;1;3;1;0;17; ;2;1; ;2;15;1;1;9;17;6;5;3;8;4;7;11;11; ; ; ;2; ;13;6; ; ; ; ; 
Buenos Aires;GENERAL BELGRANO;Estatal;Urbano;16;16;16; ;1; ; ; ;44;13;8;0;1;29;4; ;4;5;12; ;4;1;0;0;0;2;1; ;1;0;1;0;10;2;3;2;1;9;4; ;1;15;10;8;5;2;10;3;3;5;5; ; ; ;3;1;15;9; ; ; ; ; 
Buenos Aires;GENERAL GUIDO;Estatal;Rural;22;22;16;1;7; ; ; ;12;21;8;5;9;24;2; ;8;0;8; ;1;0;0;0;0;4;0; ;0;0;0;0;20;1; ;1; ;2;16;2;3;18;20;5;10;4;11;5;6;5;5; ; ; ;7;2;10;5; ; ; ; ; 
Buenos Aires;GENERAL JUAN MADARIAGA;Estatal;Rural;20;20;16; ;3; ; ;1;13;14;7;4;3;15;7; ;7;0;9; ;0;0;0;1;0;0;0; ;0;1;1;0;18; ; ;1;1;5;12;1; ;7;18;4;3;1;9;4;7;7;7; ; ; ;1; ;11;2; ; ; ; ; 
Buenos Aires;GENERAL JUAN MADARIAGA;Estatal;Urbano;32;32;32; ; ; ; ; ;22;27;18;0;0;50;12; ;19;1;22; ;4;3;1;0;0;8;0; ;3;0;0;2;24;4;1;11;3;13;8;3;5;25;25;18;16;5;18;8;6;13;12; ; ;1;7;4;25;17; ; ; ; ; 
Buenos Aires;GENERAL JUAN MADARIAGA;Privado;Urbano;4;4;4; ; ; ; ; ;21;8;4;4;2;11;3; ;0;0;11; ;0;0;0;0;0;0;0; ;0;0;0;0; ; ;4;4; ;3;1; ;1;4;3;1;2; ; ; ;4;3;1; ;2; ; ; ;3;2; ; ;2;2; 
Buenos Aires;GENERAL LA MADRID;Estatal;Rural;20;20;15; ;5; ; ;1;16;21;15;4;1;28;2; ;9;1;20; ;3;1;2;0;1;1;0; ;2;0;5;0;10;10; ; ; ;6;11;5;2;15;18;9;9;3;10;8;2;9;6;2; ;1;3; ;16;9; ; ; ; ; 
Buenos Aires;GENERAL LA MADRID;Estatal;Urbano;18;18;17; ;1; ; ; ;25;20;6;1;1;19;3; ;12;2;18; ;3;3;0;0;0;1;0; ;0;0;1;0;8;3;5;2; ;8;7;2; ;12;15;7;7;4;6;6;6;6;5; ;1; ;1;1;15;9; ; ; ; ; 
Buenos Aires;GENERAL LAS HERAS;Estatal;Rural;22;22;22; ; ; ; ; ;18;16;6;3;3;17;4; ;8;0;15; ;1;1;0;0;0;0;0; ;0;0;0;0;20;2; ; ; ;5;14;2;1;15;18;1;7;1;10;6;6;8;7; ; ;1;3;1;13;6; ; ; ; ; 
Buenos Aires;GENERAL LAS HERAS;Estatal;Urbano;12;12;12; ; ; ; ; ;8;12;7;0;2;16;2; ;8;1;12; ;4;1;0;0;0;0;0; ;1;0;0;0;11;1; ;2; ;7;3;2;1;8;11;7;7;3;5;3;4;9;8;1; ; ;4;1;10;6; ; ; ; ; 
Buenos Aires;GENERAL LAVALLE;Estatal;Rural;17;17;10; ;7; ; ; ;12;14;8;1;3;18;2; ;8;0;8; ;0;0;0;0;0;1;0; ;2;0;1;0;14;3; ;1;2;2;11;2;1;11;13;7;4;4;9;2;6;7;6; ; ;1;5;1;13;5; ; ; ; ; 
Buenos Aires;GENERAL PAZ;Estatal;Rural;29;29;29; ; ; ; ; ;17;31;14;5;6;24;7; ;17;1;18; ;5;0;0;0;0;1;0; ;0;0;0;0;22;6; ;3;1;9;19;1;3;20;25;5;11;1;12;10;7;16;15; ; ;1;4; ;14;7; ; ; ; ; 
Buenos Aires;GENERAL PAZ;Estatal;Urbano;15;15;15; ; ; ; ; ;13;15;7;1;4;16;7; ;9;1;15; ;1;0;0;0;0;0;0; ;1;0;3;0;13;1;1;1;4;5;3;4;1;11;12;6;8;1;4;6;5;6;6; ; ; ;1; ;13;8; ; ; ; ; 
Buenos Aires;GENERAL PINTO;Estatal;Rural;20;19;18;1;1; ; ;1;15;11;9;1;2;22;4; ;14;1;8; ;3;2;0;0;0;0;0; ;1;0;0;1;14;3;1;1; ;5;13; ;2;14;15;4;9;3;7;2;11;5;4; ; ;1;6;2;11;4; ; ; ; ; 
Buenos Aires;GENERAL PINTO;Estatal;Urbano;10;10;10; ; ; ; ; ;17;17;2;1;0;16;2; ;7;1;7; ;3;0;1;0;0;2;0; ;1;0;1;1;6; ;4; ;1;2;7; ;1;10;3;2;3;1;6;3;1;4;4; ; ; ;4;4;9;9; ; ; ; ; 
Buenos Aires;GENERAL PUEYRREDON;Estatal;Rural;34;34;34; ; ; ; ; ;32;25;13;2;7;41;8; ;20;0;26; ;4;2;1;1;0;1;0; ;0;0;1;2;18;6;4;3;1;9;13;2;3;26;20;12;9;2;21;4;9;17;17; ; ; ;8;1;29;12; ; ; ; ; 
Buenos Aires;GENERAL PUEYRREDON;Estatal;Urbano;266;262;262; ;2; ; ; ;344;240;156;64;35;461;91; ;166;24;287; ;55;31;5;5;1;14;14; ;21;1;19;6;210;23;20;70;19;141;30;33;26;246;191;142;118;36;146;63;54;132;108;10;3;11;60;33;225;167; ; ; ; ; 
Buenos Aires;GENERAL PUEYRREDON;Privado;Urbano;238;238;237;2; ; ; ; ;1699;412;203;353;202;589;148; ;174;12;462; ;29;14;11;10;2;30;4; ;9;0;11;1;2;2;231;78;29;154;10;23;63;234;221;93;176;127; ; ;238;140;53;43;38;6;129;101;131;87;22;61;53;50;1
Buenos Aires;GENERAL RODRIGUEZ;Estatal;Rural;10;10;10; ; ; ; ; ;9;8;7;1;2;8;2; ;3;0;7; ;0;0;0;0;0;1;0; ;0;0;1;0;6;1; ;2; ;3;3;2; ;7;6;2;1; ;8;2; ;7;7; ; ; ;1; ;6;3; ; ; ; ; 
Buenos Aires;GENERAL RODRIGUEZ;Estatal;Urbano;68;68;68; ; ; ; ;3;63;51;19;7;7;78;6; ;16;6;55; ;7;7;3;1;1;3;0; ;1;0;2;4;27;2;11;2;1;23;7;8;5;39;23;20;9;3;35;17;16;28;27; ; ;1;7;2;55;48; ; ; ; ; 
Buenos Aires;GENERAL RODRIGUEZ;Privado;Urbano;26;26;26;1; ; ; ; ;75;60;16;27;19;60;5; ;11;2;35; ;2;4;1;0;0;5;1; ;3;0;0;0; ; ;25;5; ;17;4;1;4;25;21;9;9;11;1; ;25;15;3;7;5; ;9;7;13;10; ;5;7;6; 
Buenos Aires;GENERAL SAN MARTIN;Estatal;Urbano;180;176;176;1; ; ; ;2;255;189;137;78;44;350;43; ;121;25;173; ;45;28;6;5;1;18;3; ;19;2;18;7;148;11;10;26;13;104;10;20;25;168;140;106;83;43;73;54;49;120;105;7;2;6;49;31;150;115; ; ; ; ; 
Buenos Aires;GENERAL SAN MARTIN;Privado;Urbano;119;119;119;1; ; ; ; ;523;280;104;325;62;292;27; ;73;20;180; ;21;6;11;7;1;26;2; ;11;5;15;3;2; ;115;32;21;76;4;12;16;117;93;42;66;90; ; ;119;52;17;22;12;1;90;77;69;48;16;37;32;35;5
Buenos Aires;GENERAL VIAMONTE;Estatal;Rural;23;23;23; ; ; ; ; ;17;14;6;5;4;20;7; ;10;1;12; ;0;3;1;0;0;1;0; ;0;0;1;0;18;4; ;2; ;7;12;1;4;14;21;7;10;2;12;6;5;10;9; ; ;1;3;2;13;9; ; ; ; ; 
Buenos Aires;GENERAL VIAMONTE;Estatal;Urbano;16;16;16; ; ; ; ; ;46;19;3;2;1;30;7; ;11;3;17; ;4;1;1;0;0;3;0; ;2;0;1;0;12;3;1;1;1;8;3;2;4;15;15;13;9;4;13;2;1;8;7; ; ;1;6;4;15;13; ; ; ; ; 
Buenos Aires;GENERAL VILLEGAS;Estatal;Rural;46;46;43;1;3; ; ;3;51;40;20;7;8;58;9; ;20;2;34; ;8;8;2;4;0;6;2; ;2;0;5;0;27;8;3;8; ;23;11;4;3;31;35;20;17;7;19;16;11;17;13;4; ; ;11;8;32;25; ; ; ; ; 
Buenos Aires;GENERAL VILLEGAS;Estatal;Urbano;27;27;27; ; ; ; ; ;28;33;20;21;13;44;14; ;17;3;34; ;12;2;2;2;0;3;1; ;4;0;2;0;17;7;3;2;1;14;8;3;5;21;22;16;17;10;15;7;5;12;10;2; ; ;9;7;24;20; ; ; ; ; 
Buenos Aires;GUAMINI;Estatal;Rural;27;27;25; ; ; ; ;2;19;23;5;4;2;29;6; ;15;1;17; ;2;2;0;1;0;4;2; ;2;0;3;0;17;9;1;2; ;7;19;1;3;20;24;6;16;3;12;4;11;15;14; ; ;1;6;4;16;9; ; ; ; ; 
Buenos Aires;GUAMINI;Estatal;Urbano;16;16;16; ; ; ; ; ;22;12;5;3;2;19;5; ;6;1;11; ;6;2;0;0;0;3;0; ;0;0;1;0;9;5;2; ; ;8;5;2;2;13;10;7;8;1;7;6;3;5;5; ; ; ;3;1;12;11; ; ; ; ; 
Buenos Aires;HIPOLITO YRIGOYEN;Estatal;Rural;10;9;8; ; ; ; ;1;8;8;2;0;0;10;3; ;4;1;7; ;0;0;0;0;0;0;0; ;0;0;0;0;7;1;1; ; ;2;7;1;1;6;9;3;1; ;4;3;2;2;1; ; ;1;2;1;5;3; ; ; ; ; 
Buenos Aires;HIPOLITO YRIGOYEN;Estatal;Urbano;8;8;8; ; ; ; ; ;7;10;4;2;0;10;4; ;8;1;13; ;0;0;0;0;0;0;1; ;0;0;0;0;6; ;1; ; ;4;1;2; ;5;6;4;4;1;3;3;2;5;5; ; ; ;2; ;6;5; ; ; ; ; 
Buenos Aires;HURLINGHAM;Estatal;Urbano;96;96;96;1; ; ; ; ;94;89;53;29;17;148;18; ;66;9;95; ;20;7;3;2;0;5;3; ;7;1;5;3;91;1;2;25;7;62;7;9;14;94;68;57;40;24;53;27;16;74;68;2; ;4;28;15;80;57; ; ; ; ; 
Buenos Aires;HURLINGHAM;Privado;Urbano;49;49;49;3; ; ; ; ;89;236;49;128;26;126;13; ;38;22;88; ;3;8;2;8;1;8;5; ;4;0;13;2; ; ;49;18;6;33;2;4;11;49;41;24;34;32; ; ;49;29;6;10;10;3;33;32;30;25;3;9;9;12;2
Buenos Aires;ITUZAINGO;Estatal;Urbano;69;69;69; ; ; ; ;1;77;72;46;28;10;145;24; ;45;10;76; ;23;11;5;1;0;16;2; ;4;0;3;3;58;5;3;26;6;35;3;6;12;66;45;36;34;15;43;19;7;40;37; ; ;3;21;12;59;56; ; ; ; ; 
Buenos Aires;ITUZAINGO;Privado;Urbano;70;70;70;7; ; ; ; ;272;194;46;236;36;179;13; ;38;5;84; ;9;4;0;10;1;11;0; ;6;1;4;1; ;1;69;28;9;52;5;5;14;69;61;29;51;53;1; ;69;38;12;16;10; ;44;39;41;27;12;20;19;21;4
Buenos Aires;JOSE C. PAZ;Estatal;Urbano;114;113;113; ; ; ; ;1;87;72;44;8;4;174;15; ;63;9;97; ;20;12;0;1;0;7;0; ;8;0;11;0;95;5;5;13;2;65;8;9;19;105;66;51;29;16;50;33;30;58;51;1;1;5;15;8;93;77; ; ; ; ; 
Buenos Aires;JOSE C. PAZ;Privado;Urbano;60;58;58;1; ; ; ;1;122;85;39;64;29;110;20; ;28;1;94; ;7;7;6;6;0;9;3; ;3;0;3;0; ; ;57;22;5;43;1;3;16;57;28;20;32;28;1; ;58;21;9;3;9; ;32;29;36;23;2;20;21;17;1
Buenos Aires;JUNIN;Estatal;Rural;27;27;26; ; ; ; ;2;31;23;5;2;3;22;6; ;13;2;18; ;4;1;1;0;0;3;2; ;0;0;2;0;16;7;4;2; ;17;10;1;3;19;25;8;12;3;9;5;13;12;11; ; ;1;6;3;14;8; ; ; ; ; 
Buenos Aires;JUNIN;Estatal;Urbano;74;73;73;1; ; ; ; ;128;79;45;12;12;131;21; ;34;9;78; ;16;4;2;1;1;7;1; ;2;3;5;0;51;10;8;7;7;54;3;13;3;62;52;33;39;17;20;21;33;34;27;1;3;3;16;9;58;44; ; ; ; ; 
Buenos Aires;JUNIN;Privado;Urbano;29;29;29; ; ; ; ; ;153;63;24;23;14;55;4; ;15;1;62; ;2;2;1;1;0;3;0; ;1;0;1;0; ; ;29;9;1;16; ;5;4;28;24;8;23;12;2; ;27;14;4;5;5; ;12;8;16;10;5;10;8;7;1
Buenos Aires;LA COSTA;Estatal;Urbano;56;56;55; ; ; ; ;1;72;50;18;40;3;87;5; ;32;9;54; ;17;9;2;2;0;4;1; ;4;0;3;1;33;19;3;14;6;41;2;4;7;55;38;34;23;9;36;14;6;24;17;2;1;4;12;8;51;43; ; ; ; ; 
Buenos Aires;LA COSTA;Privado;Urbano;19;18;18; ; ; ; ; ;69;14;9;8;5;40;2; ;12;0;22; ;2;2;1;0;0;1;0; ;2;0;0;0;2; ;16;5; ;11;2;2;1;18;13;5;11;5; ;1;17;8;7; ;1; ;7;6;11;7; ;6;7;4; 
Buenos Aires;LA MATANZA;Estatal;Urbano;619;603;601; ;2; ; ;1;464;559;268;82;66;890;116; ;338;61;565; ;105;78;7;13;3;50;12; ;42;2;45;9;528;18;15;156;23;335;27;69;77;545;393;301;228;119;301;174;130;301;273;8;3;17;156;96;540;429; ; ; ; ; 
Buenos Aires;LA MATANZA;Privado;Urbano;374;374;372;12; ; ; ;3;1109;696;255;476;184;766;148; ;148;20;525; ;40;18;5;10;6;18;7; ;15;2;18;4;2;2;367;136;29;248;25;16;79;362;251;107;217;209;7; ;367;167;82;47;34;4;231;197;179;111;37;136;115;113;10
Buenos Aires;LA PLATA;Estatal;Rural;9;9;9; ;1; ; ; ;5;10;2;0;2;9;0; ;4;1;11; ;1;1;0;0;0;0;0; ;0;0;0;0;8;1; ;1; ;2;5;1; ;8;4;2; ; ;7;2; ;4;2; ; ;2;3;1;7;3; ; ; ; ; 
Buenos Aires;LA PLATA;Estatal;Urbano;355;344;344;2; ; ; ; ;244;311;160;71;67;472;73; ;198;49;284; ;60;40;10;12;3;27;15; ;20;0;27;19;277;18;24;51;12;204;20;33;52;316;238;200;127;52;195;70;79;173;161;4;2;6;87;41;310;230; ; ; ; ; 
Buenos Aires;LA PLATA;Privado;Urbano;321;292;291;14;2; ;1;1;800;479;187;375;186;623;138; ;143;17;400; ;21;17;6;0;3;14;6; ;6;0;4;1;1;2;286;62;16;217;17;16;56;286;231;113;175;89;4;2;286;110;62;18;26;4;88;76;161;122;10;72;63;69;6
Buenos Aires;LANUS;Estatal;Urbano;212;210;209; ; ; ; ;1;188;213;105;49;18;287;71; ;132;34;198; ;48;18;3;1;0;11;6; ;14;0;11;2;190;8;10;55;7;126;15;26;32;203;161;107;87;39;103;54;53;95;85;1; ;9;55;31;169;124; ; ; ; ; 
Buenos Aires;LANUS;Privado;Urbano;144;142;141;11; ; ; ;1;333;569;95;377;55;298;63; ;72;27;284; ;12;6;4;9;1;9;10; ;9;0;6;3; ; ;142;64;11;93;9;4;33;141;112;53;93;83; ; ;142;56;18;14;17;7;85;65;71;50;10;38;36;37;3
Buenos Aires;LAPRIDA;Estatal;Rural;14;14;7; ;7; ; ; ;15;12;7;1;3;18;4; ;7;0;10; ;2;2;1;0;0;2;0; ;1;0;0;0;14; ; ; ; ;2;14; ; ;6;14;3;8; ;6;4;4;3;3; ; ; ;3; ;8;4; ; ; ; ; 
Buenos Aires;LAPRIDA;Estatal;Urbano;18;18;16; ;2; ; ; ;19;15;9;0;4;32;13; ;11;3;13; ;6;2;1;0;0;2;1; ;0;0;0;2;15;2; ;7; ;4;5; ;6;13;15;8;6;4;10;4;4;10;10; ; ; ;4;2;14;7; ; ; ; ; 
Buenos Aires;LAS FLORES;Estatal;Rural;39;38;28; ;9; ; ;1;22;28;6;2;0;28;9; ;13;3;19; ;0;1;0;0;0;0;0; ;0;0;0;0;36; ;1;2; ;3;33; ; ;7;35;4;12;1;21;7;11;5;5; ; ; ;6;1;13;2; ; ; ; ; 
Buenos Aires;LAS FLORES;Estatal;Urbano;21;21;21; ; ; ; ; ;32;26;13;2;3;33;10; ;8;3;20; ;6;4;1;2;0;3;0; ;3;0;4;2;17; ;4;3;1;17;2;1;1;20;16;10;9;4;18;3; ;9;9; ; ; ;6;3;16;14; ; ; ; ; 
Buenos Aires;LAS FLORES;Privado;Urbano;5;5;5; ; ; ; ; ;27;8;4;7;1;11;2; ;2;0;12; ;2;0;2;2;0;2;1; ;0;0;0;1; ;1;4;2; ;4;1; ;1;5;5;4;5; ; ;2;3;3;2;1; ; ; ; ;4;1; ;1;1;2; 
Buenos Aires;LEANDRO N. ALEM;Estatal;Rural;17;17;17; ;2; ; ; ;10;10;7;2;0;18;3; ;12;0;6; ;1;1;0;0;0;2;0; ;0;0;0;0;13;3; ; ; ;6;6;4; ;12;14;3;6; ;6;4;7;10;9; ; ;1;4; ;9;4; ; ; ; ; 
Buenos Aires;LEANDRO N. ALEM;Estatal;Urbano;17;17;17; ; ; ; ; ;36;16;13;2;1;38;5; ;12;3;16; ;4;3;2;1;0;5;0; ;4;0;2;2;8;8;1;6;2;7;5;4;1;16;13;14;14;7;15;2; ;9;8;1; ; ;7;6;16;14; ; ; ; ; 
Buenos Aires;LEZAMA;Estatal;Rural;12;12;12; ; ; ; ; ;8;9;0;1;1;11;2; ;9;1;8; ;0;0;0;0;0;0;1; ;1;0;0;1;12; ; ;1; ;1;10;2;1;6;12;2;6;1;7;2;3;9;9; ; ; ;1;1;3;2; ; ; ; ; 
Buenos Aires;LINCOLN;Estatal;Rural;50;50;50; ; ; ; ; ;66;55;38;28;25;64;33; ;47;24;48; ;4;2;2;0;0;3;0; ;2;0;4;2;38;7;3;4;2;18;24;7;2;30;47;16;21;7;9;23;18;15;14; ;1; ;10;4;29;17; ; ; ; ; 
Buenos Aires;LINCOLN;Estatal;Urbano;28;28;28; ;1;1; ; ;108;36;15;1;5;53;7; ;13;8;26; ;6;3;2;1;0;3;1; ;1;0;2;0;19;1;7; ;2;20;4;1;2;24;22;15;12;3;12;11;5;17;13;1;1;2;10;2;22;15; ; ; ; ; 
Buenos Aires;LINCOLN;Privado;Urbano;14;14;14; ; ; ; ; ;66;10;11;5;6;19;1; ;8;0;15; ;2;1;0;0;0;0;1; ;1;0;0;0; ; ;14;3; ;10;2;1;2;14;10;5;7;5;1;1;12;10;3;5;2; ;4;3;7;6; ;3;4;4;1
Buenos Aires;LOBERIA;Estatal;Rural;37;37;32;1;3; ; ;1;26;32;25;9;5;48;15; ;22;2;24; ;8;5;1;0;0;1;2; ;2;0;1;2;34;3; ;4;2;8;23;1;4;23;36;16;16;6;25;8;4;17;16; ; ;1;8;2;25;12; ; ; ; ; 
Buenos Aires;LOBERIA;Estatal;Urbano;20;20;20; ;1; ; ; ;22;18;9;4;1;34;4; ;11;5;15; ;4;2;2;0;0;3;0; ;0;0;2;1;16;2;2;6;1;12;5;4;1;16;15;8;11;6;8;10;2;16;15;1; ; ;6;5;15;11; ; ; ; ; 
Buenos Aires;LOBOS;Estatal;Rural;37;36;36;1; ; ; ;1;33;27;8;5;3;38;9; ;37;2;26; ;2;0;0;0;0;2;0; ;0;0;0;1;30;3;2; ; ;13;22;3;1;27;35;10;23;4;15;16;5;33;32; ; ;1;9;1;17;10; ; ; ; ; 
Buenos Aires;LOBOS;Estatal;Urbano;35;35;35; ;1; ; ; ;36;25;12;3;4;43;10; ;20;6;27; ;11;6;1;0;0;4;0; ;3;0;2;3;26;3;5;5;3;22;5;3;3;29;31;17;15;7;12;15;8;33;33; ; ; ;6;3;27;19; ; ; ; ; 
Buenos Aires;LOBOS;Privado;Urbano;8;8;8; ; ; ; ; ;75;13;5;5;4;19;0; ;3;0;8; ;0;0;0;0;0;0;0; ;0;0;1;0; ; ;8;4;3;5;1; ;1;8;6;3;6;7; ;2;6;7;3;3;1; ;6;6;5;4;1;1;2;2; 
Buenos Aires;LOMAS DE ZAMORA;Estatal;Urbano;298;297;297;1;1; ; ;1;320;334;176;73;44;530;73; ;183;51;284; ;71;29;8;2;1;23;6; ;13;1;21;4;258;8;15;44;6;202;20;32;41;281;216;147;118;56;147;51;99;142;125;4;4;9;72;45;245;194; ; ; ; ; 
Buenos Aires;LOMAS DE ZAMORA;Privado;Urbano;250;249;249;20;2; ; ;1;739;797;179;596;130;543;117; ;131;26;460; ;17;18;6;8;0;18;4; ;11;2;17;1;1;2;241;80;20;172;8;17;50;242;174;73;155;150;3; ;247;138;38;50;43;7;145;130;98;71;21;63;59;65;5
Buenos Aires;LUJAN;Estatal;Rural;28;28;28; ; ; ; ; ;21;26;8;0;1;36;4; ;11;0;26; ;2;1;0;0;0;2;0; ;1;0;2;0;24;2;1;3;2;12;8;1;4;25;16;12;10;3;19;5;4;11;10; ; ;1;3;3;23;15; ; ; ; ; 
Buenos Aires;LUJAN;Estatal;Urbano;68;68;67; ; ; ; ;1;59;77;47;8;9;119;27; ;43;11;74; ;19;10;5;0;1;12;5; ;3;0;6;3;56;8;1;13;4;39;4;8;10;65;46;41;32;16;48;13;7;34;27;1;1;5;21;11;62;40; ; ; ; ; 
Buenos Aires;LUJAN;Privado;Urbano;48;48;48; ; ;1; ; ;153;97;33;61;29;102;12; ;16;9;80; ;9;3;6;3;2;9;2; ;2;0;3;7; ;1;45;12;4;33;5;1;13;46;40;25;34;21; ; ;48;18;3;10;5; ;23;14;32;24;1;8;7;8;2
Buenos Aires;MAGDALENA;Estatal;Rural;34;34;34;1;2; ; ; ;23;27;11;1;6;39;4; ;24;1;24; ;0;0;1;0;0;1;0; ;2;0;0;1;28;4;1;1; ;13;19;1;2;29;27;8;10;2;15;12;7;10;9; ; ;1;3; ;14;6; ; ; ; ; 
Buenos Aires;MAGDALENA;Estatal;Urbano;23;23;23;1; ; ; ; ;26;23;10;1;4;37;6; ;12;11;15; ;3;1;0;0;0;3;1; ;2;0;0;1;15;2;3;1;1;11;7;4;3;18;18;10;11;4;14;3;6;8;6; ; ;2;6;4;17;10; ; ; ; ; 
Buenos Aires;MAIPU;Estatal;Rural;15;15;13;2; ; ; ; ;5;13;8;2;7;15;6; ;9;0;12; ;3;0;0;0;0;0;1; ;0;0;0;0;15; ; ; ; ;2;13;1; ;10;15;2;5; ;7;5;3;6;6; ; ; ;2; ;10;4; ; ; ; ; 
Buenos Aires;MAIPU;Estatal;Urbano;9;9;9; ; ; ; ; ;10;34;6;2;0;14;2; ;5;0;8; ;3;0;0;0;0;0;0; ;0;0;0;0;6;2;1;4; ;5;2;1; ;9;8;6;6;2;3;1;5;6;5;1; ; ;4;1;8;7; ; ; ; ; 
Buenos Aires;MALVINAS ARGENTINAS;Estatal;Urbano;123;123;123;1; ; ; ; ;143;90;55;18;14;167;12; ;67;10;110; ;41;23;6;5;1;16;2; ;5;4;19;1;90;14;11;38;7;78;7;8;12;112;76;55;36;13;51;41;31;83;78;1;3;1;31;14;104;82; ; ; ; ; 
Buenos Aires;MALVINAS ARGENTINAS;Privado;Urbano;104;89;89;3; ; ; ; ;173;147;54;178;44;180;23; ;95;12;152; ;2;6;2;2;1;6;2; ;5;0;7;0; ;3;85;36;6;52;6;5;11;88;57;23;51;40; ; ;89;45;20;11;11;3;42;36;44;27;2;36;36;33; 
Buenos Aires;MAR CHIQUITA;Estatal;Rural;30;30;18;1;13; ; ; ;32;26;14;11;7;35;8; ;20;1;17; ;5;1;0;0;0;1;0; ;1;1;0;1;24;4; ;7; ;3;21;1;2;16;25;7;11;1;9;7;14;23;23; ; ; ;2;1;16;8; ; ; ; ; 
Buenos Aires;MAR CHIQUITA;Estatal;Urbano;26;26;25; ; ; ; ;1;49;24;13;11;7;39;10; ;13;9;27; ;5;2;3;4;0;5;2; ;1;4;3;0;17;8;1;2;3;12;10;3;1;25;24;15;12;5;10;9;7;18;18; ; ; ;9;4;20;14; ; ; ; ; 
Buenos Aires;MARCOS PAZ;Estatal;Rural;10;10;10; ; ;1; ; ;12;9;4;1;3;8;3; ;7;0;10; ;2;0;0;0;0;1;0; ;0;0;0;0;10; ; ;2; ;6;6; ;1;10;6;4;1;1;10; ; ;5;3; ; ;2;5; ;8;5; ; ; ; ; 
Buenos Aires;MARCOS PAZ;Estatal;Urbano;42;42;41; ; ; ; ;1;44;34;20;2;12;71;9; ;20;8;42; ;14;6;1;1;1;9;5; ;3;1;6;10;34;5;1;8;3;32;2;4;4;39;26;18;15;7;22;10;10;18;16; ; ;2;10;6;38;30; ; ; ; ; 
Buenos Aires;MARCOS PAZ;Privado;Urbano;15;15;15;1; ; ; ; ;72;31;14;81;12;35;13; ;12;7;25; ;3;4;0;1;0;1;1; ;3;0;3;0; ; ;15;5; ;14;1;1;6;15;14;6;13;11; ; ;15;9;7; ;1;1;11;9;11;9;3;5;4;4; 
Buenos Aires;MERCEDES;Estatal;Rural;32;32;28; ; ; ; ;5;19;23;9;8;4;36;11; ;17;3;21; ;3;2;1;1;0;5;1; ;2;0;1;0;26; ;4;2;1;10;13;2;5;20;26;9;15;2;16;6;10;11;10; ; ;1;9;3;21;7; ; ; ; ; 
Buenos Aires;MERCEDES;Estatal;Urbano;58;58;57; ;1; ; ;1;34;51;27;6;4;80;8; ;27;7;50; ;7;5;1;0;0;3;0; ;3;1;4;0;34;5;15;6;1;34;13;4;7;48;34;18;25;6;36;10;12;24;21;3; ; ;13;5;49;27; ; ; ; ; 
Buenos Aires;MERCEDES;Privado;Urbano;29;29;29;2; ; ; ; ;136;53;27;20;9;71;9; ;16;2;51; ;3;6;4;1;0;3;1; ;2;0;3;0; ; ;29;10; ;15;7;3;8;29;26;15;20;16;2;1;26;13;3;8;2; ;13;12;20;14;3;8;9;8;2
Buenos Aires;MERLO;Estatal;Urbano;228;227;227; ;1; ; ; ;222;201;100;25;34;341;45; ;179;17;226; ;69;34;6;15;0;17;13; ;13;0;22;10;182;16;22;78;9;121;24;21;27;214;134;104;69;34;152;53;23;137;127;2; ;8;58;32;196;158; ; ; ; ; 
Buenos Aires;MERLO;Privado;Urbano;126;125;124;9;1; ; ; ;311;191;100;177;66;282;62; ;84;12;251; ;25;13;7;1;1;11;8; ;7;0;11;0; ; ;125;52;9;81;6;3;16;122;79;45;77;80; ; ;125;58;38;7;9;4;82;72;82;49;6;45;40;38;2
Buenos Aires;MONTE;Estatal;Rural;16;16;15; ; ; ; ;1;14;15;4;0;2;17;3; ;10;0;10; ;0;2;0;0;0;0;0; ;1;0;1;1;15;1; ;1; ;2;12;1;4;13;14;5;7;4;13;2;1;5;5; ; ; ;7;2;15;8; ; ; ; ; 
Buenos Aires;MONTE;Estatal;Urbano;22;22;22; ; ; ; ; ;28;21;16;1;2;40;2; ;16;7;19; ;5;2;2;0;0;3;0; ;3;0;3;1;20;1;1;4;1;8;5;3;3;20;18;11;11;2;15;3;4;8;6;1; ;1;6; ;18;14; ; ; ; ; 
Buenos Aires;MONTE;Privado;Urbano;9;9;9;1; ; ; ; ;27;8;3;0;4;8;5; ;3;1;5; ;2;2;0;0;0;9;0; ;1;0;0;0; ; ;9;2; ;6;2; ;2;9;8;5;7;6; ; ;9;7;2;3;2; ;6;3;5;3;1;3;3;3; 
Buenos Aires;MONTE HERMOSO;Estatal;Urbano;11;11;11; ; ; ; ; ;8;12;5;1;0;18;3; ;5;2;17; ;2;0;0;0;0;0;0; ;1;0;0;0;10;1; ;7; ;4; ;1;1;10;10;6;6;2;8;2;1;3;3; ; ; ;4;1;9;7; ; ; ; ; 
Buenos Aires;MORENO;Estatal;Urbano;248;236;235; ; ; ; ;1;180;190;101;54;17;358;41; ;85;20;196; ;57;37;11;2;0;27;3; ;8;3;20;12;105;18;37;18;19;91;15;16;21;156;92;76;62;19;108;55;74;99;89;2;5;3;39;21;201;152; ; ; ; ; 
Buenos Aires;MORENO;Privado;Urbano;129;123;123;3; ; ; ;1;256;329;106;194;98;255;33; ;53;21;231; ;7;9;2;4;1;2;1; ;5;0;9;2;2;1;120;43;12;72;15;6;21;122;74;38;77;72;3;2;118;59;32;13;12;2;76;67;70;53;2;40;42;36;2
Buenos Aires;MORON;Estatal;Urbano;156;156;156; ; ; ; ; ;165;138;100;66;23;262;31; ;104;26;166; ;45;20;9;8;0;8;2; ;13;1;7;3;138;13;4;49;4;109;8;9;27;154;120;90;67;36;111;41;4;80;72;2; ;6;46;26;137;106; ; ; ; ; 
Buenos Aires;MORON;Privado;Urbano;129;129;129;2; ; ; ; ;424;399;118;363;64;324;53; ;77;12;203; ;24;26;8;8;4;22;10; ;10;1;12;1;1;1;127;39;13;94;11;8;27;129;109;59;81;80;2; ;127;81;41;20;16;4;79;70;78;58;25;40;35;37;7
Buenos Aires;NAVARRO;Estatal;Rural;37;37;37; ; ; ; ; ;25;24;4;3;10;30;5; ;16;1;20; ;0;0;1;0;0;1;0; ;0;0;0;0;32;3;2;1; ;8;24;4;2;21;33;5;13;2;16;4;17;12;9;1; ;2;10;2;21;9; ; ; ; ; 
Buenos Aires;NAVARRO;Estatal;Urbano;19;19;19;1; ; ; ; ;21;14;6;1;7;22;0; ;8;2;10; ;2;0;0;0;0;1;0; ;0;0;0;0;18; ; ;4;1;7;9;1;3;14;17;7;7;2;8;4;7;7;7; ; ; ;1;1;14;6; ; ; ; ; 
Buenos Aires;NAVARRO;Privado;Urbano;6;6;6; ; ; ; ; ;23;7;3;3;3;11;5; ;7;0;9; ;2;0;2;2;0;4;1; ;3;0;0;0;1; ;5;2; ;4; ; ;2;6;5;5;4;1; ; ;6;3;3; ; ; ;1; ;6;5;1;1;2;2;1
Buenos Aires;NECOCHEA;Estatal;Rural;21;20;20; ; ; ; ; ;13;15;3;18;2;22;3; ;11;1;16; ;1;0;0;0;0;0;0; ;0;0;0;0;15;2;1;1; ;5;13; ; ;13;15;4;6;2;13;3;4;6;6; ; ; ;4; ;10;6; ; ; ; ; 
Buenos Aires;NECOCHEA;Estatal;Urbano;75;75;75; ;1;1; ; ;63;70;35;5;20;139;18; ;49;10;74; ;22;18;3;1;2;10;0; ;5;0;3;4;48;12;12;18;5;43;13;7;8;71;59;43;34;13;47;17;11;31;27;1;1;2;20;10;59;48; ; ; ; ; 
Buenos Aires;NECOCHEA;Privado;Urbano;36;36;36; ; ; ; ; ;123;49;25;47;28;74;11; ;16;1;38; ;8;4;0;23;0;6;0; ;2;0;2;0; ; ;35;5;6;20;3;4;6;33;31;18;25;9; ; ;36;15;9;4;2; ;8;6;20;15;7;13;9;9;1
Buenos Aires;OLAVARRIA;Estatal;Rural;52;52;45;3;9; ; ; ;26;45;18;5;2;41;13; ;24;1;30; ;2;12;1;0;0;1;1; ;1;1;2;1;41;6; ;5; ;16;28; ;2;27;38;10;14;3;29;12;11;16;14;1; ;1;8;1;24;11; ; ; ; ; 
Buenos Aires;OLAVARRIA;Estatal;Urbano;91;91;88;1;3; ; ; ;105;123;53;26;32;160;29; ;51;13;97; ;21;9;4;9;0;19;6; ;5;2;12;1;61;2;23;7;4;53;17;11;9;77;63;45;37;14;62;12;17;43;36;3;2;2;22;12;75;52; ; ; ; ; 
Buenos Aires;OLAVARRIA;Privado;Urbano;34;34;34; ; ; ; ; ;152;75;20;27;17;68;35; ;15;2;63; ;4;4;0;2;0;0;0; ;2;0;1;0; ; ;34;8;4;21;3; ;9;34;28;16;21;9; ;2;32;9;6; ;1;2;8;8;23;17;7;12;11;11;1
Buenos Aires;PATAGONES;Estatal;Rural;35;35;34; ;2; ; ; ;14;30;19;4;1;33;9; ;12;0;18; ;5;3;2;1;0;3;1; ;3;0;3;1;17;8;7;3;2;12;13;3;3;16;30;9;15;2;15;8;12;15;15; ; ; ;5;1;21;9; ; ; ; ; 
Buenos Aires;PATAGONES;Estatal;Urbano;25;25;25;1; ; ; ; ;24;29;18;4;2;40;6; ;9;2;24; ;8;3;1;0;0;0;2; ;2;0;2;2;16;2;6;5; ;11;5;2;3;22;14;11;6;5;14;5;6;12;10;1;1; ;6;4;23;14; ; ; ; ; 
Buenos Aires;PATAGONES;Privado;Urbano;5;5;5; ; ; ; ; ;31;6;5;4;1;16;2; ;0;0;11; ;0;0;0;0;0;0;1; ;0;0;0;0; ; ;4;1;2;1; ; ; ;4;3;3;2;2; ; ;5;3;1;2; ; ;2;2;3;3; ;1;2;2; 
Buenos Aires;PEHUAJO;Estatal;Rural;40;40;40; ;1; ; ;1;37;40;21;5;3;54;11; ;26;5;28; ;1;2;0;0;0;1;0; ;1;0;1;0;32;4;1;2; ;7;27;1;4;24;36;12;15;6;18;11;11;12;11; ; ;1;9;3;21;11; ; ; ; ; 
Buenos Aires;PEHUAJO;Estatal;Urbano;41;41;41; ; ; ; ; ;79;44;26;5;6;73;10; ;26;8;49; ;11;10;4;1;0;4;1; ;6;0;3;3;34;1;3;4;2;10;8;19;2;36;32;24;17;12;22;12;7;20;15;1; ;4;13;5;29;24; ; ; ; ; 
Buenos Aires;PEHUAJO;Privado;Urbano;6;6;6; ; ; ; ; ;35;25;19;23;1;25;19; ;6;2;14; ;0;1;1;1;0;0;1; ;4;1;1;0; ; ;6;2; ;2;2;3;2;6;6;6;6;4; ; ;6;6;1;5; ; ;6;3;6;6; ;1;1;1; 
Buenos Aires;PELLEGRINI;Estatal;Rural;9;9;9; ; ; ; ; ;10;9;4;0;0;10;3; ;5;1;8; ;2;1;0;0;0;0;0; ;0;0;0;0;8; ;1; ; ;2;5; ;2;7;9;2;4;2;3;4;2;2;2; ; ; ;2;2;3;2; ; ; ; ; 
Buenos Aires;PERGAMINO;Estatal;Rural;50;50;49; ; ; ; ;1;36;36;9;4;8;41;10; ;26;3;31; ;4;3;0;1;1;1;0; ;2;0;0;0;31;15;2;7;1;16;22;4;4;33;41;12;16;3;19;15;16;21;18;1; ;2;15;7;29;10; ; ; ; ; 
Buenos Aires;PERGAMINO;Estatal;Urbano;66;66;66; ; ; ; ; ;100;71;31;7;20;110;30; ;36;20;66; ;19;7;2;2;1;5;2; ;5;1;4;4;47;4;14;8;4;42;6;7;12;64;50;35;21;10;41;12;13;37;34;3; ; ;15;10;51;41; ; ; ; ; 
Buenos Aires;PERGAMINO;Privado;Rural;5;5;5; ; ; ; ; ;10;5;3;1;8;9;1; ;4;3;4; ;1;0;0;0;0;0;0; ;0;0;1;0; ;2;3; ;1;1;1; ;2;5;3;2;3;1;2;2;1; ; ; ; ; ;1;1;4;2; ; ; ;5; 
Buenos Aires;PERGAMINO;Privado;Urbano;32;32;32; ; ; ; ; ;125;52;28;19;26;57;13; ;13;0;45; ;4;5;1;1;0;2;1; ;3;0;2;0; ;1;29;7;1;17;3;3;3;30;27;19;24;17; ; ;32;12;9;1;2; ;13;13;21;14;7;10;5;5; 
Buenos Aires;PILA;Estatal;Rural;15;15;5;3;8; ; ; ;8;13;3;5;4;10;2; ;8;0;4; ;0;1;0;0;0;0;0; ;1;0;0;0;13; ; ; ; ;1;12; ; ;6;13;1;6;1;12;2;1;4;3; ; ;1;5; ;9;2; ; ; ; ; 
Buenos Aires;PILA;Estatal;Urbano;12;12;8; ;4; ; ; ;18;7;2;1;4;20;4; ;6;1;8; ;1;1;0;0;0;1;0; ;0;0;1;0;10; ;2;1;1;2;7;1;1;8;10;5;4;2;3;1;8;4;4; ; ; ;2;2;9;5; ; ; ; ; 
Buenos Aires;PILAR;Estatal;Urbano;143;143;142;1; ; ; ;1;99;244;63;17;17;218;19; ;72;11;140; ;25;10;4;3;2;15;1; ;8;3;10;5;97;21;16;38;5;76;21;11;16;131;70;45;42;13;97;39;7;62;53;2; ;7;31;18;114;92; ; ; ; ; 
Buenos Aires;PILAR;Privado;Urbano;171;170;168;28;3; ; ;1;514;783;159;404;137;474;50; ;97;29;362; ;14;30;12;36;0;30;4; ;12;1;18;5; ;2;167;68;29;96;17;18;23;166;149;76;130;107;5; ;165;105;20;51;31;3;105;87;100;61;3;29;32;24;1
Buenos Aires;PINAMAR;Estatal;Urbano;25;24;24; ; ; ; ; ;49;24;13;10;2;39;4; ;17;5;23; ;8;6;1;1;0;8;2; ;4;0;3;4;11;9;4;15;3;10; ;4;4;24;21;19;16;8;20;4; ;13;12; ; ;1;10;5;19;17; ; ; ; ; 
Buenos Aires;PINAMAR;Privado;Urbano;9;9;9; ; ; ; ; ;45;7;10;15;6;20;15; ;5;0;17; ;0;1;0;0;0;0;0; ;0;0;0;0; ; ;9;1;3;5;2; ;3;9;9;3;7; ; ; ;9;4; ;1;3; ;1; ;6;2; ; ; ; ; 
Buenos Aires;PRESIDENTE PERON;Estatal;Urbano;45;45;45; ; ; ; ; ;39;37;15;2;1;65;6; ;19;5;36; ;8;3;0;0;0;0;0; ;5;0;2;0;39; ;3;11; ;28;4;5;9;41;30;19;20;3;28;8;9;25;24; ; ;1;4; ;35;23; ; ; ; ; 
Buenos Aires;PRESIDENTE PERON;Privado;Urbano;16;15;15; ; ; ; ; ;43;16;13;10;8;26;7; ;5;0;28; ;0;0;0;0;0;0;0; ;0;0;0;0; ; ;14;2;1;9;4; ; ;14;11;2;7;7; ; ;15;11;6;2;3; ;6;5;4;2; ;2;4;3; 
Buenos Aires;PUAN;Estatal;Rural;28;28;28; ;1; ; ; ;26;37;20;3;2;36;7; ;9;1;26; ;2;1;1;0;0;1;0; ;0;0;3;1;13;13;1;3; ;15;7;3;2;22;25;12;14;4;20;7;1;5;5; ; ; ;6;4;19;10; ; ; ; ; 
Buenos Aires;PUAN;Estatal;Urbano;8;8;8; ; ; ; ; ;27;7;6;4;0;23;2; ;4;3;7; ;2;4;2;1;0;3;0; ;1;0;2;1;7;1; ;2;1;6; ;2;1;8;6;7;5;4;7;1; ;5;3;1; ;1;4;4;8;6; ; ; ; ; 
Buenos Aires;PUAN;Privado;Urbano;9;9;9; ; ; ; ; ;30;19;13;3;0;22;10; ;4;1;14; ;3;3;3;1;0;4;1; ;0;0;1;0;1;3;5;4; ;7; ;2; ;9;9;9;7;8;4; ;5;2; ;1;1; ;9;8;9;9;2;2;3;5;1
Buenos Aires;PUNTA INDIO;Estatal;Rural;24;24;23; ;1; ; ;1;13;16;5;2;1;28;5; ;9;1;17; ;1;2;0;0;0;0;0; ;0;0;1;0;17;5; ;3; ;4;14;4;2;17;20;5;10;1;13;6;5;7;7; ; ; ;4;1;17;6; ; ; ; ; 
Buenos Aires;PUNTA INDIO;Estatal;Urbano;8;8;8; ; ; ; ; ;3;5;6;0;0;11;3; ;4;0;8; ;5;4;0;0;0;2;1; ;0;0;1;1;5;2;1;4;1;3; ;2;2;8;6;6;5;1;6;2; ;5;5; ; ; ;4;1;7;6; ; ; ; ; 
Buenos Aires;QUILMES;Estatal;Urbano;268;267;266;1;2; ; ;1;260;203;131;93;29;429;54; ;159;33;232; ;61;43;9;37;0;29;5; ;16;9;27;7;241;2;9;46;17;155;14;25;42;248;206;162;115;50;135;54;79;141;127;2;4;8;70;41;233;194; ; ; ; ; 
Buenos Aires;QUILMES;Privado;Urbano;189;187;187;9; ; ; ;1;422;598;140;499;109;367;123; ;123;14;376; ;20;13;7;7;0;16;7; ;13;1;11;2; ;1;182;71;11;121;8;11;36;179;142;70;103;104;1; ;187;62;19;19;18;6;99;85;104;63;18;55;44;43;6
Buenos Aires;RAMALLO;Estatal;Rural;17;17;17; ; ; ; ; ;15;11;8;2;1;15;6; ;10;0;12; ;1;1;1;0;0;0;0; ;0;0;0;0;12;3; ;1; ;5;4;4;2;10;14;3;7;2;16;1; ;6;6; ; ; ;3; ;11;3; ; ; ; ; 
Buenos Aires;RAMALLO;Estatal;Urbano;29;29;29; ; ; ; ; ;30;36;16;11;2;42;7; ;17;7;33; ;6;0;0;3;1;5;2; ;3;0;2;1;16;9;2;6; ;12;7;4;6;27;22;16;16;8;22;7; ;15;15; ; ; ;13;6;22;16; ; ; ; ; 
Buenos Aires;RAUCH;Estatal;Rural;30;29;21; ;5; ; ;3;6;20;8;2;2;21;4; ;14;1;18; ;0;0;0;0;0;0;0; ;1;0;1;0;25;3;1;2; ;10;20;2;5;15;29;3;13;2;14;6;9;13;13; ; ; ;4; ;14;4; ; ; ; ; 
Buenos Aires;RAUCH;Estatal;Urbano;15;15;14; ;1; ; ; ;10;18;5;2;3;19;5; ;9;4;9; ;1;1;0;0;0;1;0; ;0;0;1;1;14; ;1;3; ;4;5;1;4;9;13;5;5;2;6;4;5;4;2; ; ;2;3;2;10;8; ; ; ; ; 
Buenos Aires;RIVADAVIA;Estatal;Rural;32;32;29;3;1; ; ; ;12;44;19;4;0;40;7; ;14;1;22; ;2;2;0;0;0;1;0; ;1;0;1;1;26;4; ;5;2;14;3;9;3;16;30;8;17;2;17;5;10;16;15; ; ;1;4; ;15;6; ; ; ; ; 
Buenos Aires;RIVADAVIA;Estatal;Urbano;11;11;11; ; ; ; ; ;7;53;17;1;1;27;2; ;3;3;12; ;4;4;0;1;0;0;1; ;0;0;2;0;8;2;1;3;1;5;2;1; ;11;9;8;8;2;6;5; ;8;8; ; ; ;3;3;10;9; ; ; ; ; 
Buenos Aires;RIVADAVIA;Privado;Urbano;5;5;5; ; ; ; ; ;5;26;4;3;0;13;0; ;2;6;4; ;0;1;1;1;0;1;0; ;0;0;0;0; ;1;4;1; ;4; ;2; ;5;5;5;5;2;1; ;4;5;2;3; ; ;1;1;4;4; ; ;1;1; 
Buenos Aires;ROJAS;Estatal;Rural;21;21;20; ; ; ; ;1;13;17;6;1;0;21;1; ;9;1;14; ;3;5;0;0;0;1;1; ;0;0;0;2;16;3;1;1; ;5;9;5; ;12;18;8;8;3;14;3;4;5;4; ; ;1;7;2;15;10; ; ; ; ; 
Buenos Aires;ROJAS;Estatal;Urbano;25;25;25; ; ; ; ; ;28;21;13;3;1;36;9; ;17;5;21; ;17;1;1;1;0;3;0; ;1;0;2;3;22;2; ;3;2;12;5;3;6;22;21;17;13;10;15;7;3;10;7; ; ;3;10;6;23;18; ; ; ; ; 
Buenos Aires;ROQUE PEREZ;Estatal;Rural;30;30;29;1;1; ; ; ;20;17;3;2;3;28;6; ;12;0;19; ;1;0;0;0;0;0;0; ;1;0;1;0;30; ; ;4; ;3;23; ;4;13;27;1;10;1;21;5;4;10;10; ; ; ;3; ;12;2; ; ; ; ; 
Buenos Aires;ROQUE PEREZ;Estatal;Urbano;19;19;19; ; ; ; ; ;23;11;7;2;4;27;9; ;10;2;18; ;3;2;0;1;0;0;0; ;2;0;5;0;16; ;3;3; ;8;8;2;3;11;18;7;8;2;11;1;7;13;11; ; ;2;4;2;12;10; ; ; ; ; 
Buenos Aires;SAAVEDRA;Estatal;Rural;23;23;23; ; ; ; ; ;27;25;18;20;6;42;11; ;15;2;23; ;3;5;0;2;1;2;3; ;1;0;1;0;18;5; ;3;2;11;7;5;5;17;23;13;17;5;10;9;4;12;12; ; ; ;4;3;20;9; ; ; ; ; 
Buenos Aires;SAAVEDRA;Estatal;Urbano;14;14;14; ; ; ; ; ;14;17;20;6;3;37;10; ;9;1;17; ;3;3;2;0;0;2;0; ;0;0;2;0;5;2;7;7; ;7;3;2;1;14;8;7;7;5;8;6; ;7;7; ; ; ;7;3;13;11; ; ; ; ; 
Buenos Aires;SAAVEDRA;Privado;Urbano;8;8;8; ; ; ; ; ;7;12;8;3;0;25;5; ;6;0;13; ;1;1;0;0;0;2;1; ;2;0;2;0; ; ;8;4; ;6; ; ;2;8;8;7;7;5;1; ;7;8;6;1; ;1;4;4;7;7;3;2;2;2;1
Buenos Aires;SALADILLO;Estatal;Rural;41;39;38; ; ; ; ;1;24;30;10;6;4;25;15; ;20;2;28; ;5;1;1;1;0;5;2; ;2;0;2;2;30;4;4;2;1;13;24;1;2;23;36;10;17;3;24;10;5;17;17; ; ; ;12;3;24;13; ; ; ; ; 
Buenos Aires;SALADILLO;Estatal;Urbano;30;29;29; ; ; ; ; ;48;23;15;1;6;46;13; ;20;6;29; ;10;7;3;0;0;2;3; ;1;1;16;1;19;7;2;2; ;20;5;3;3;26;24;19;18;9;12;7;10;13;11; ; ;2;13;9;22;18; ; ; ; ; 
Buenos Aires;SALADILLO;Privado;Urbano;7;7;7; ; ; ; ; ;23;9;5;12;4;12;3; ;4;1;10; ;3;2;0;0;0;1;0; ;0;0;1;0; ; ;7; ; ;6;1; ;1;7;7;3;6;5;1;1;5;6;5;1; ; ;5;5;5;4; ;1;1;3; 
Buenos Aires;SALLIQUELO;Estatal;Urbano;12;12;12; ; ; ; ; ;13;18;6;3;0;26;5; ;10;2;16; ;8;8;0;0;0;0;1; ;2;0;3;0;2;8;2; ;2;5;4;2; ;11;9;9;6;1;11;1; ;8;8; ; ; ;5;2;12;11; ; ; ; ; 
Buenos Aires;SALTO;Estatal;Rural;21;21;21; ;1; ; ; ;20;18;4;6;3;20;3; ;15;1;15; ;5;1;0;0;0;1;0; ;0;0;1;1;16;2;2;1; ;12;5;3;1;15;16;7;10;6;9;5;7;6;6; ; ; ;4;2;10;8; ; ; ; ; 
Buenos Aires;SALTO;Estatal;Urbano;28;28;28; ; ; ; ; ;46;24;12;1;9;43;9; ;10;4;22; ;13;1;0;0;0;1;0; ;1;0;0;0;7;2;18;1;5;15;2;1;7;24;21;15;11;5;10;9;9;13;10; ; ;3;9;4;25;20; ; ; ; ; 
Buenos Aires;SALTO;Privado;Urbano;7;7;7; ; ; ; ; ;38;19;7;1;2;23;2; ;2;0;11; ;0;1;0;0;0;1;1; ;0;0;1;0; ; ;7;3; ;5;1; ; ;7;7;5;6; ; ; ;7;5;4; ;1; ; ; ;4;2; ;3;2;2; 
Buenos Aires;SAN ANDRES DE GILES;Estatal;Rural;39;39;39; ;2; ; ; ;42;29;13;6;3;53;9; ;16;0;33; ;3;0;0;0;0;7;0; ;1;0;1;1;32;4;2;3; ;9;22;4;8;27;34;10;11;1;28;7;4;12;9; ; ;3;5;1;23;12; ; ; ; ; 
Buenos Aires;SAN ANDRES DE GILES;Estatal;Urbano;28;28;27; ; ; ; ;1;23;17;10;9;6;38;10; ;12;4;27; ;4;2;0;1;0;1;1; ;0;0;2;0;16;6;5;2;2;10;11;3;3;22;21;12;12;2;14;6;8;10;6;1;1;2;6;1;20;16; ; ; ; ; 
Buenos Aires;SAN ANDRES DE GILES;Privado;Urbano;8;8;8; ; ; ; ; ;43;9;4;6;4;22;0; ;6;5;15; ;0;0;0;0;0;0;0; ;1;0;1;0; ; ;8;2; ;7;3; ;2;8;8;5;4;3;1; ;7;5; ;2;3; ;2;1;4;3;1;1;3;3; 
Buenos Aires;SAN ANTONIO DE ARECO;Estatal;Rural;18;18;18; ; ; ; ; ;10;18;5;3;0;23;2; ;10;1;17; ;2;3;1;0;0;0;0; ;1;0;3;0;12;5;1;1;1;7;8;2;1;11;16;7;7;4;9;6;3;7;7; ; ; ;4;2;12;8; ; ; ; ; 
Buenos Aires;SAN ANTONIO DE ARECO;Estatal;Urbano;30;30;30; ; ; ; ; ;34;33;16;8;35;44;16; ;13;1;36; ;8;6;2;2;1;3;3; ;2;1;3;0;19;1;8;6;1;11;9;2;8;25;19;17;13;6;7;18;5;15;14;1; ; ;8;3;26;19; ; ; ; ; 
Buenos Aires;SAN ANTONIO DE ARECO;Privado;Urbano;10;10;10;1; ; ; ; ;23;39;9;21;3;21;7; ;5;1;27; ;1;3;0;3;1;1;1; ;3;0;3;1; ; ;10;2; ;5;1;2;1;10;9;6;7;6; ; ;10;6; ;2;2;2;7;7;6;5; ;1;1;1;1
Buenos Aires;SAN CAYETANO;Estatal;Rural;9;9;9; ; ; ; ; ;6;10;4;2;0;9;3; ;6;1;8; ;2;1;0;0;0;2;0; ;1;0;1;0;5;3; ; ; ;3;4; ;1;6;8;5;6;1;7;2; ;6;6; ; ; ; ; ;6;5; ; ; ; ; 
Buenos Aires;SAN CAYETANO;Estatal;Urbano;10;10;10; ; ; ; ; ;12;10;6;1;2;19;8; ;8;1;16; ;2;1;0;0;0;1;0; ;1;0;1;1;9; ;1;1;1;4;2;1;2;8;10;7;7;5;5;3;2;8;8; ; ; ;3;2;7;5; ; ; ; ; 
Buenos Aires;SAN FERNANDO;Estatal;Rural;27;27;25;8;2; ; ; ;15;37;12;6;1;29;7; ;18;1;26; ;1;3;0;1;0;0;0; ;1;0;1;0;26; ; ;1; ;5;22;2;2;22;19;5;7;7;16;4;7;18;17; ; ;1;6;3;17;8; ; ; ; ; 
Buenos Aires;SAN FERNANDO;Estatal;Urbano;73;73;72;1;1; ; ; ;65;85;34;52;8;105;10; ;48;6;98; ;11;15;1;1;0;5;14; ;10;0;18;5;68;2;1;7;2;44;12;10;6;69;54;46;36;18;28;22;23;56;50;1; ;5;25;17;66;47; ; ; ; ; 
Buenos Aires;SAN FERNANDO;Privado;Urbano;67;66;66;1; ; ; ; ;191;243;48;176;30;201;9; ;30;15;105; ;8;6;2;4;0;8;0; ;4;0;4;0;2;1;63;6;5;50;4;5;8;66;54;32;41;37;1; ;65;34;7;15;11;1;36;33;46;33;4;20;14;15;1
Buenos Aires;SAN ISIDRO;Estatal;Urbano;94;94;94; ; ; ; ; ;92;117;60;34;39;158;22; ;61;17;109; ;14;7;0;3;2;7;1; ;6;1;4;5;82;6;5;14;8;80;5;6;6;90;79;59;48;34;42;27;25;48;41;3;1;3;36;25;78;59; ; ; ; ; 
Buenos Aires;SAN ISIDRO;Privado;Urbano;181;178;177;11;3; ; ;1;1124;913;189;649;137;616;69; ;139;41;399; ;33;24;7;15;6;30;5; ;25;1;12;8;1;2;173;27;19;132;11;26;29;176;146;90;130;127;1; ;180;104;19;50;30;5;127;110;109;81;8;24;26;27;6
Buenos Aires;SAN MIGUEL;Estatal;Urbano;125;123;123; ;1; ; ; ;115;122;78;37;7;191;32; ;75;12;127; ;30;16;4;4;0;12;3; ;8;0;9;6;111;6;5;27;9;84;5;11;26;119;84;71;50;21;50;59;14;64;57;1;1;5;21;12;104;79; ; ; ; ; 
Buenos Aires;SAN MIGUEL;Privado;Urbano;147;127;127;8;4; ; ;1;332;324;100;231;74;267;41; ;86;7;267; ;17;9;0;15;1;7;3; ;9;0;6;1;1;1;123;44;11;88;4;14;22;125;100;45;77;81; ; ;127;64;26;16;15;7;86;74;79;60;10;41;36;38;2
Buenos Aires;SAN NICOLAS;Estatal;Rural;6;6;6; ; ; ; ; ;3;5;1;0;0;3;0; ;3;0;2; ;1;0;0;0;0;0;0; ;0;0;0;0;4; ; ; ; ;3;2; ; ;3;3;1; ;1;2;1;3;2;2; ; ; ;1; ;4;3; ; ; ; ; 
Buenos Aires;SAN NICOLAS;Estatal;Urbano;103;103;103; ; ; ; ; ;94;110;61;14;6;163;27; ;61;20;104; ;16;7;2;0;0;13;2; ;5;2;11;1;83;7;11;15;8;63;27;6;5;98;60;56;39;24;55;32;16;61;59; ; ;2;35;23;89;56; ; ; ; ; 
Buenos Aires;SAN NICOLAS;Privado;Urbano;57;57;56;1; ; ; ;1;129;148;48;91;54;142;51; ;64;7;129; ;7;1;1;4;0;1;5; ;5;0;3;1;1; ;55;10;4;44;2;5;10;55;47;20;42;23;1; ;56;25;11;4;9;1;22;20;32;22;10;18;16;17;4
Buenos Aires;SAN PEDRO;Estatal;Rural;41;41;41; ; ; ; ; ;31;26;7;3;3;34;6; ;18;1;27; ;2;1;0;0;0;0;0; ;1;0;1;0;34;1;4;3; ;12;21;4;1;25;28;2;9; ;22;8;11;11;11; ; ; ;6;1;18;11; ; ; ; ; 
Buenos Aires;SAN PEDRO;Estatal;Urbano;49;49;49; ; ; ; ; ;47;48;18;16;1;70;12; ;27;4;46; ;16;4;0;0;0;1;0; ;4;0;0;0;40;2;6;14;6;26;3;8;1;48;28;18;12;4;26;15;8;22;20; ;1;1;5;1;41;28; ; ; ; ; 
Buenos Aires;SAN PEDRO;Privado;Urbano;14;14;14; ; ; ; ; ;25;19;4;11;6;23;7; ;4;1;27; ;2;1;0;8;0;2;2; ;0;0;1;0; ;1;13;2; ;11;1;1;3;14;12;9;7;3; ; ;14;3;3; ; ; ;3;3;10;5; ;3;4;4;1
Buenos Aires;SAN VICENTE;Estatal;Rural;12;12;12; ; ; ; ; ;6;8;2;1;0;8;1; ;7;0;7; ;3;0;0;0;0;0;0; ;0;0;0;0;11;1; ;2; ;4;8;1;1;9;9;2;3; ;3;3;6;12;11; ; ;1;1; ;6;3; ; ; ; ; 
Buenos Aires;SAN VICENTE;Estatal;Urbano;55;55;55; ; ; ; ;1;39;43;17;3;4;56;10; ;31;1;46; ;14;4;2;1;1;4;2; ;7;1;2;1;48;1; ;12;2;27;9;5;6;48;37;26;17;4;32;11;12;54;54; ; ; ;6;4;46;37; ; ; ; ; 
Buenos Aires;SAN VICENTE;Privado;Urbano;21;19;19;3;1; ; ;1;43;30;14;11;13;26;9; ;12;2;23; ;1;1;0;0;1;0;1; ;1;0;1;1; ; ;19;11;2;13; ; ;4;19;15;3;11;7; ; ;19;11;3;2;5;1;6;5;7;5; ;2;3;4; 
Buenos Aires;SUIPACHA;Estatal;Rural;16;16;16; ; ; ; ; ;8;11;0;0;0;11;3; ;9;0;8; ;1;1;0;0;0;0;1; ;0;0;0;0;15;1; ;3; ;3;12; ;2;10;12;2;7;1;8;4;4;2;2; ; ; ;4; ;9;4; ; ; ; ; 
Buenos Aires;SUIPACHA;Estatal;Urbano;12;12;12; ; ; ; ; ;6;7;1;2;1;9;3; ;6;1;12; ;1;0;0;0;0;0;0; ;0;1;0;0;9;3; ;1; ;6;3;2;2;9;10;3;3; ;5;3;4;4;4; ; ; ;1; ;10;5; ; ; ; ; 
Buenos Aires;SUIPACHA;Privado;Urbano;5;5;5; ; ; ; ; ;2;9;3;6;0;12;3; ;4;2;10; ;0;1;0;1;0;0;1; ;1;0;3;0; ;2;3;1;1;4;1; ;2;5;4;5;5;5; ;2;3;3; ;2;1; ;5;5;5;5;1; ;2;2; 
Buenos Aires;TANDIL;Estatal;Rural;50;49;45; ;2; ; ;4;45;39;30;4;9;68;11; ;26;8;44; ;4;2;1;0;1;2;0; ;1;0;0;0;43;1;5;4;2;21;16;7;6;36;40;16;26;10;26;9;15;14;14; ; ; ;9;5;37;18; ; ; ; ; 
Buenos Aires;TANDIL;Estatal;Urbano;78;78;78; ;2; ; ; ;62;100;62;15;23;166;32; ;42;9;89; ;21;11;5;2;0;6;3; ;8;1;3;4;74;2;1;6;3;56;8;8;8;76;66;50;47;18;49;15;14;44;35;3; ;6;23;11;68;54; ; ; ; ; 
Buenos Aires;TANDIL;Privado;Urbano;47;47;47; ; ; ; ; ;113;91;34;132;35;101;17; ;22;2;115; ;4;5;2;3;0;6;0; ;3;0;4;0; ;1;45;12;1;36; ;3;9;46;43;25;36;28;2; ;45;26;6;15;4;1;24;21;33;26;3;8;5;4;1
Buenos Aires;TAPALQUE;Estatal;Rural;30;30;21; ;9; ; ; ;15;18;7;3;2;28;6; ;18;0;13; ;3;1;2;0;0;2;0; ;1;0;1;1;27;1; ;1; ;2;24; ;3;11;24;5;8;1;20; ;10;8;7; ; ;1;4;1;14;4; ; ; ; ; 
Buenos Aires;TAPALQUE;Estatal;Urbano;13;13;13; ; ; ; ; ;10;9;8;1;1;19;4; ;9;3;8; ;4;5;1;1;0;4;2; ;1;0;3;2;10;2;1;1; ;5;3;1;3;11;8;4;4;2;9;2;2;6;5;1; ; ;2;2;8;5; ; ; ; ; 
Buenos Aires;TIGRE;Estatal;Rural;14;14;14; ; ; ; ; ;18;10;3;31;0;17;3; ;11;1;11; ;1;1;0;30;0;1;0; ;1;0;1;0;14; ; ;1; ;5;10; ;2;14;10;2;2; ;7;6;1;10;9; ; ;1;2; ;7;2; ; ; ; ; 
Buenos Aires;TIGRE;Estatal;Urbano;152;148;148; ; ; ; ;1;159;131;68;17;18;232;22; ;98;17;150; ;43;28;4;2;1;15;2; ;12;1;13;2;132;6;5;35;5;108;11;9;19;141;99;71;47;18;70;38;44;98;88;4; ;6;32;12;125;92; ; ; ; ; 
Buenos Aires;TIGRE;Privado;Urbano;169;168;166;11;2; ; ;2;417;665;123;475;130;442;203; ;89;48;287; ;17;24;5;12;2;18;3; ;7;1;12;3; ;1;165;40;17;110;9;15;40;166;134;62;119;92;1;1;167;86;20;39;21;6;96;81;92;59;3;38;24;25; 
Buenos Aires;TORDILLO;Estatal;Rural;10;10;9;1;1; ; ;1;4;6;1;0;0;12;0; ;5;0;6; ;1;0;0;0;0;0;0; ;0;0;0;0;6;3; ;1; ;2;7; ;2;6;8;3;4; ;4;2;4;3;3; ; ; ;1; ;5;2; ; ; ; ; 
Buenos Aires;TORNQUIST;Estatal;Rural;27;27;27;1; ; ; ; ;31;22;8;6;4;29;5; ;9;2;24; ;2;2;0;0;0;1;0; ;0;0;2;1;13;13;1; ;2;13;10;5;4;20;26;7;10;1;21;4;2;9;8;1; ; ;3; ;11;7; ; ; ; ; 
Buenos Aires;TORNQUIST;Estatal;Urbano;15;15;15; ; ; ; ; ;42;21;10;3;6;30;19; ;14;3;28; ;4;2;0;1;0;3;2; ;3;0;2;1;8;6;1;3; ;11;1;1;2;13;14;11;11;6;8;5;2;9;9; ; ; ;7;5;14;10; ; ; ; ; 
Buenos Aires;TRENQUE LAUQUEN;Estatal;Rural;54;53;50;2;1; ; ;1;31;31;6;2;0;31;9; ;21;2;24; ;1;0;0;0;0;2;0; ;1;0;1;0;36;7;5;2; ;13;30;4;1;19;41;7;26;3;21;8;25;16;15; ; ;1;5;1;29;10; ; ; ; ; 
Buenos Aires;TRENQUE LAUQUEN;Estatal;Urbano;36;36;36; ; ; ; ; ;47;35;19;4;14;58;11; ;19;8;34; ;17;7;2;2;0;5;1; ;2;0;6;0;23;1;11;13; ;16;5; ;6;35;18;21;13;5;23;8;5;17;16; ; ;1;9;6;35;29; ; ; ; ; 
Buenos Aires;TRENQUE LAUQUEN;Privado;Urbano;16;16;16; ; ; ; ; ;53;41;8;8;9;33;9; ;13;7;35; ;5;4;3;1;0;3;0; ;1;0;1;0; ; ;16;7;2;9;1; ;3;16;14;11;13;5;1; ;15;9;7; ;2; ;5;5;14;11;1;4;3;2; 
Buenos Aires;TRES ARROYOS;Estatal;Rural;30;30;29;1;2; ; ; ;16;24;13;6;4;32;8; ;18;2;19; ;3;1;0;1;0;3;1; ;1;0;1;0;27;2;1;2; ;11;17;1;3;19;28;12;13;3;12;8;10;11;9;1; ;1;2; ;13;8; ; ; ; ; 
Buenos Aires;TRES ARROYOS;Estatal;Urbano;53;52;52; ; ; ; ; ;49;51;18;4;16;89;19; ;36;7;47; ;11;8;1;1;0;6;2; ;7;0;4;3;44;3;4;7;2;31;4;4;10;48;39;33;23;10;35;11;7;23;22; ;1; ;12;8;40;35; ; ; ; ; 
Buenos Aires;TRES ARROYOS;Privado;Urbano;13;13;13;2; ; ; ; ;25;61;16;13;18;48;5; ;9;2;36; ;10;2;2;0;1;6;1; ;2;0;1;0; ;1;12;1;1;11;1;2;3;13;9;12;10;10;1;1;11;10;2;6;2; ;10;10;13;12;4;6;6;4; 
Buenos Aires;TRES DE FEBRERO;Estatal;Urbano;158;158;158; ; ; ; ; ;212;144;111;49;59;232;40; ;110;21;156; ;42;19;2;0;0;6;2; ;8;0;9;8;133;14;9;29;9;124;8;10;18;155;112;65;56;29;73;42;43;95;86;1; ;8;40;21;118;82; ; ; ; ; 
Buenos Aires;TRES DE FEBRERO;Privado;Urbano;116;116;115;2;3; ; ;1;473;253;85;200;50;266;39; ;92;16;168; ;18;9;3;7;0;9;1; ;2;4;5;10;1; ;113;20;13;91;5;6;17;114;80;57;78;72;2;1;113;62;26;21;12;3;77;65;77;55;16;39;36;33;4
Buenos Aires;TRES LOMAS;Estatal;Rural;9;9;9;1; ; ; ; ;7;7;3;1;2;11;3; ;2;1;7; ;3;2;0;0;0;1;0; ;0;1;1;0;4;3;2; ; ;2;6;2;1;6;9;3;4;1;5;2;2;4;4; ; ; ;2;1;4;3; ; ; ; ; 
Buenos Aires;TRES LOMAS;Estatal;Urbano;10;10;9; ; ; ; ;1;5;8;4;2;0;17;3; ;4;2;13; ;1;2;1;0;0;0;0; ;0;0;0;0;3;5;2; ; ;6;4;2; ;10;8;7;6;2;8; ;2;3;3; ; ; ;3;1;8;7; ; ; ; ; 
Buenos Aires;VICENTE LOPEZ;Estatal;Urbano;98;97;97;2;1; ; ; ;142;145;60;36;17;175;33; ;63;14;97; ;19;14;1;4;0;11;2; ;8;0;6;4;69;9;15;18;4;72;3;10;13;93;83;51;51;30;36;26;35;52;40;8; ;4;35;22;72;49; ; ; ; ; 
Buenos Aires;VICENTE LOPEZ;Privado;Urbano;149;149;149;12;3; ; ;1;499;877;183;601;253;589;72; ;155;42;432; ;22;27;5;45;0;16;6; ;8;0;14;1; ; ;148;19;8;122;7;12;30;148;130;74;116;98;1; ;148;83;11;51;19;2;96;81;91;65;9;21;22;27;3
Buenos Aires;VILLA GESELL;Estatal;Urbano;22;22;22; ; ; ; ; ;51;13;10;2;1;30;5; ;11;5;17; ;9;0;0;1;0;1;0; ;1;0;0;0;14;6;2;8;4;13;1;6;1;20;18;16;11;2;16;3;3;12;11; ; ;1;4;1;20;14; ; ; ; ; 
Buenos Aires;VILLA GESELL;Privado;Urbano;14;14;14; ; ; ; ; ;74;21;10;8;9;28;9; ;7;1;15; ;0;0;0;0;0;0;1; ;0;0;0;0; ; ;14;5;4;8;3;2;1;13;12;2;7;5; ; ;14;6;3;2;1; ;5;3;7;3;1;4;5;4; 
Buenos Aires;VILLARINO;Estatal;Rural;37;37;32; ;5; ; ; ;15;32;12;10;2;25;18; ;18;0;18; ;5;2;0;1;0;5;1; ;1;0;3;1;33;2; ;3;2;5;23;4;3;17;34;13;12;3;15;5;17;12;10; ; ;2;3; ;22;9; ; ; ; ; 
Buenos Aires;VILLARINO;Estatal;Urbano;28;28;28; ; ; ; ; ;44;26;14;9;1;51;11; ;18;3;34; ;4;5;2;2;0;7;1; ;3;0;3;3;19;9; ;6;1;18;4;6;4;26;22;17;7;6;22;4;2;14;13; ; ;1;12;3;23;17; ; ; ; ; 
Buenos Aires;ZARATE;Estatal;Rural;20;20;16;5; ; ; ; ;17;20;6;2;3;19;5; ;14;1;15; ;3;1;1;1;0;1;1; ;1;0;1;0;16;4; ;1; ;6;13;2; ;20;13;5;4;3;8;3;9;10;9; ; ;1;4;1;15;5; ; ; ; ; 
Buenos Aires;ZARATE;Estatal;Urbano;78;78;75;3;1; ; ;1;95;88;30;8;17;108;21; ;46;23;66; ;9;7;0;2;0;5;2; ;3;0;7;2;58;8;4;8;3;52;7;5;8;67;47;30;25;13;41;16;21;28;27; ; ;1;18;12;63;50; ; ; ; ; 
Buenos Aires;ZARATE;Privado;Urbano;35;35;35; ; ; ; ; ;108;124;24;30;27;72;14; ;15;7;68; ;2;1;0;0;0;0;0; ;2;1;1;0; ; ;34;4;9;20; ; ;4;33;31;14;27;17; ; ;35;15;5;6;4; ;19;15;25;15;4;11;5;6;1
Catamarca;AMBATO;Estatal;Rural;36;36;36; ; ; ; ; ;21;18;8;2;0;31;8; ;7;0;34; ;5;3;1;0;0;3;1; ;1;0;1;0;28;2; ;2;1;2;24;1;2;18;23;5;12;2; ;6;30; ; ; ; ; ;3;2;15;7; ; ; ; ; 
Catamarca;ANCASTI;Estatal;Rural;40;40;40; ; ; ; ; ;30;29;10;17;0;31;10; ;15;1;27; ;1;0;0;0;0;0;0; ;0;0;1;0;34; ; ; ; ;3;30;3; ;24;31;4;16;2; ;10;30;2;2; ; ; ;7; ;26;3; ; ; ; ; 
Catamarca;ANDALGALA;Estatal;Rural;37;36;36; ; ; ; ; ;20;22;5;1;0;32;8; ;5;0;18; ;4;1;0;0;0;1;1; ;0;0;2;1;15; ;2;1;1;2;12;3; ;15;9;3;9;1; ;11;26;3;3; ; ; ;8;1;27;8; ; ; ; ; 
Catamarca;ANDALGALA;Estatal;Urbano;16;16;16; ; ; ; ; ;61;22;5;35;0;37;6; ;3;7;20; ;2;1;0;0;0;3;0; ;1;0;0;0;6; ;3;2; ;1;4;4; ;9;6;4;2;4;2;2;12;1; ;1; ; ;10;7;16;9; ; ; ; ; 
Catamarca;ANTOFAGASTA DE LA SIERRA;Estatal;Rural;10;10;7; ;4; ; ; ;15;8;2;1;0;9;0; ;3;0;6; ;4;2;2;0;0;2;0; ;2;0;1;0;6; ; ;2; ;1;2; ;1;5;3;1;2;2; ;7;3;1;1; ; ; ;3;2;8;6; ; ; ; ; 
Catamarca;BELEN;Estatal;Rural;107;105;89;1;16; ; ; ;52;67;30;39;1;81;24; ;32;2;68; ;11;3;2;1;0;4;1; ;1;2;6;3;48;11;10;5;3;17;44;3;6;55;47;14;23;11;4;31;72;10;10; ; ; ;26;10;69;24; ; ; ; ; 
Catamarca;BELEN;Estatal;Urbano;19;18;18; ; ; ; ; ;16;13;9;2;0;30;10; ;8;6;12; ;3;4;0;0;0;0;0; ;2;0;2;1;6;1;5; ;4;3;3;2;1;11;7;5;7;7; ;9;10;4;4; ; ; ;7;7;13;10; ; ; ; ; 
Catamarca;CAPAYAN;Estatal;Rural;48;47;47; ; ; ; ; ;37;33;17;10;1;55;21; ;21;4;39; ;2;1;0;2;0;1;1; ;1;0;0;0;32; ; ;2; ;8;21;2;6;30;25;9;17;4;5;15;27;11;11; ; ; ;9;4;27;12; ; ; ; ; 
Catamarca;CAPAYAN;Estatal;Urbano;15;15;15; ; ; ; ; ;5;14;5;7;1;18;3; ;1;1;11; ;0;2;0;0;0;0;1; ;0;0;1;1;5; ;1; ;2; ;4; ; ;4;4;1;3;2;1;3;11;2;2; ; ; ;5;5;6;6; ; ; ; ; 
Catamarca;CAPITAL;Estatal;Urbano;109;106;106;1;1;1;1;3;55;129;32;54;6;211;31; ;40;20;142; ;13;0;0;0;1;1;1; ;1;0;1;1;64;2;7;11;12;33;13;10;8;68;58;43;40;31;9;35;62;21;19;2; ; ;39;26;85;53; ; ; ; ; 
Catamarca;CAPITAL;Privado;Urbano;24;23;23; ; ; ; ; ;28;69;24;13;5;77;8; ;10;9;43; ;3;8;1;1;0;2;0; ;0;0;0;0; ; ;23;6;10;11; ;2;7;23;16;12;15;9; ;1;22;12;6;1;5; ;13;11;22;19; ;11;11;12;6
Catamarca;EL ALTO;Estatal;Rural;49;48;47; ; ; ; ;1;25;31;10;10;0;41;14; ;9;2;39; ;1;2;0;0;0;0;0; ;0;0;0;0;19;4; ; ; ;1;22; ; ;14;21;3;7;2;1;23;24;5;5; ; ; ;15;1;32;6; ; ; ; ; 
Catamarca;Enmascarado;Privado;Urbano;13;13;13; ; ; ; ; ;22;20;18;0;2;47;3; ;0;0;15; ;5;4;3;0;0;3;0; ;1;0;3;0; ; ;12;1;5;5;3;4;2;12;6;6;6;7; ; ;13;3;3; ; ; ;6;6;10;10; ;9;9;8;1
Catamarca;FRAY MAMERTO ESQUIU;Estatal;Rural;13;13;13; ; ; ; ; ;6;8;2;0;0;14;4; ;5;3;12; ;1;2;1;0;0;2;0; ;1;0;1;2;9; ;2;1;1;2;7; ;3;6;10;1;6;2; ;4;9;3;2; ;1; ;3;1;10;4; ; ; ; ; 
Catamarca;FRAY MAMERTO ESQUIU;Estatal;Urbano;15;15;15; ; ; ; ; ;6;13;2;2;0;18;5; ;7;0;24; ;1;0;0;0;0;0;0; ;0;0;0;0;12; ;1; ;1;6;3;1;4;11;10;5;8;5; ;5;10;4;4; ; ; ;6;3;14;9; ; ; ; ; 
Catamarca;LA PAZ;Estatal;Rural;81;79;79; ; ; ; ; ;46;51;17;8;0;52;26; ;21;0;56; ;5;0;0;0;0;0;0; ;0;0;0;0;32; ; ;1; ;2;28;2; ;22;31;9;13;6;2;16;62;3;3; ; ; ;20;3;57;11; ; ; ; ; 
Catamarca;LA PAZ;Estatal;Urbano;16;16;16; ; ; ; ; ;8;22;6;1;0;26;2; ;4;8;12; ;4;0;0;0;0;1;0; ;1;0;1;0;10; ; ;1; ;1;8;1;1;9;9;4;4;3;3;5;8;2;2; ; ; ;2;1;9;4; ; ; ; ; 
Catamarca;PACLIN;Estatal;Rural;29;28;28; ; ; ; ; ;28;11;2;4;0;28;15; ;10;2;24; ;1;6;1;1;0;3;1; ;0;0;1;1;8;1;3;1;1;3;6;2;4;11;11;2;7; ; ;9;19;3;2; ;1; ;3;1;22;3; ; ; ; ; 
Catamarca;POMAN;Estatal;Rural;32;28;27; ;1; ; ; ;14;20;11;4;0;22;8; ;7;0;21; ;3;3;0;0;0;0;0; ;1;0;0;0;12;3; ; ; ;3;12; ;1;14;9;3;3;3; ;18;14; ; ; ; ; ;10;2;19;5; ; ; ; ; 
Catamarca;POMAN;Estatal;Urbano;11;11;11; ; ; ; ; ;8;14;2;0;0;15;2; ;2;8;7; ;2;2;1;1;0;5;1; ;1;1;2;1;1;1; ; ;1;1; ; ; ;2;1; ;1; ; ;6;5; ; ; ; ; ;3;2;9;5; ; ; ; ; 
Catamarca;SANTA MARIA;Estatal;Rural;59;56;47;2;8; ; ; ;28;36;14;33;1;42;6; ;42;0;28; ;5;7;1;1;0;4;1; ;1;0;2;4;14;3;3;1;1;2;16;1;2;18;15;7;16;5;1;26;31;4;4; ; ; ;10;4;39;7; ; ; ; ; 
Catamarca;SANTA MARIA;Estatal;Urbano;25;25;25; ; ; ; ; ;11;21;12;8;0;32;6; ;6;7;18; ;8;4;0;10;0;0;1; ;0;0;3;1;5;2;6;6;1;7;5; ;2;13;4;8;5;3; ;15;10;5;4; ; ;1;6;4;18;9; ; ; ; ; 
Catamarca;SANTA ROSA;Estatal;Rural;48;44;44; ; ; ; ; ;26;30;15;2;0;37;11; ;8;5;31; ;1;2;0;1;0;0;0; ;0;0;0;0;11;2;2; ;1;1;11;2; ;14;11;3;5;4;1;10;33;3;3; ; ; ;6;2;38;6; ; ; ; ; 
Catamarca;SANTA ROSA;Estatal;Urbano;7;7;7; ; ; ; ; ;1;5;0;0;0;8;3; ;4;0;5; ;2;1;0;0;0;0;1; ;0;0;0;0;2;1;2; ;1;3; ; ;1;5;1;2;1; ;1;3;3;3;3; ; ; ;1; ;6;3; ; ; ; ; 
Catamarca;TINOGASTA;Estatal;Rural;62;60;57;1;3; ; ; ;33;40;14;3;2;42;15; ;15;2;43; ;1;0;0;0;0;3;2; ;1;0;0;2;22; ;1;1;1;3;18; ;2;15;20;7;9;7; ;24;36;4;3; ;1; ;12;5;35;11; ; ; ; ; 
Catamarca;TINOGASTA;Estatal;Urbano;24;24;24; ; ; ; ; ;40;24;15;27;0;30;10; ;11;12;26; ;4;0;0;0;0;0;0; ;0;0;1;0;10;4;2;1;2;9;5;2;3;14;11;6;5;6; ;14;10;5;5; ; ; ;12;7;21;10; ; ; ; ; 
Catamarca;VALLE VIEJO;Estatal;Rural;19;16;16; ; ; ; ; ;7;6;1;0;0;8;1; ;2;0;10; ;0;0;0;0;0;0;0; ;0;0;0;0;7;2; ; ;2;4;2;1; ;6;7; ;7; ; ;6;10;1;1; ; ; ;1; ;10;2; ; ; ; ; 
Catamarca;VALLE VIEJO;Estatal;Urbano;25;22;22; ; ; ; ;1;9;24;6;4;0;46;9; ;7;0;22; ;2;8;1;1;0;5;0; ;2;9;4;3;11; ;4;2;2;6;2;4;2;11;8;3;9;4; ;8;14;6;6; ; ; ;7;5;19;12; ; ; ; ; 
Chaco;1§ DE MAYO;Estatal;Rural;18;18;18; ; ; ; ; ;11;14;5;0;0;19;4; ;10;0;8; ;0;0;0;0;0;2;0; ;0;0;0;0;11; ; ;1; ;2;6;1;2;9;7;4;3;2;2;10;6;8;8; ; ; ;3;1;9;5; ; ; ; ; 
Chaco;1§ DE MAYO;Estatal;Urbano;9;9;9;1;1;1;1;1;4;10;3;1;0;13;3; ;7;1;8; ;2;0;0;0;0;0;0; ;1;0;0;0;5;1;1; ; ;3;4; ;1;7;6;3;3;2;1;5;3;5;3;2; ; ;2;2;3;3; ; ; ; ; 
Chaco;12 DE OCTUBRE;Estatal;Rural;27;27;27; ; ; ; ; ;8;21;4;20;0;20;6; ;17;0;15; ;2;1;1;1;0;1;0; ;2;0;1;0;16; ;1;3;1;4;9; ;5;15;12;4;5;1;7;16;4;8;7;1; ; ;7;2;12;6; ; ; ; ; 
Chaco;12 DE OCTUBRE;Estatal;Urbano;19;19;19; ; ; ; ; ;17;20;8;3;1;40;17; ;10;4;20; ;5;3;0;1;1;5;1; ;0;0;3;0;13;2;3;2; ;11;4;2; ;17;12;8;11;5;2;14;3;8;7;1; ; ;5;2;11;9; ; ; ; ; 
Chaco;12 DE OCTUBRE;Privado;Urbano;6;6;6; ; ; ; ; ;27;7;3;2;2;12;0; ;2;0;5; ;0;0;0;0;0;0;0; ;0;0;0;0; ; ;6;2; ;4; ;1; ;6;3;2;2;2; ; ;6;3; ;2;1; ;2;2;2;2; ;2;2;2; 
Chaco;2 DE ABRIL;Estatal;Rural;13;13;10; ; ; ; ;3;4;5;2;2;0;8;4; ;1;0;7; ;0;1;0;0;0;1;1; ;1;0;2;0;4; ; ;1; ; ;2; ;2;3;3;2;3;1; ;11;2; ; ; ; ; ;1; ;2;2; ; ; ; ; 
Chaco;2 DE ABRIL;Estatal;Urbano;8;7;7; ; ; ; ; ;19;7;5;0;0;18;4; ;3;2;8; ;0;0;0;0;0;0;0; ;0;0;1;0;4;1;3;2; ;4;1;2;2;7;5;2;6;2;1;4;3;4;4; ; ; ;2;2;4;3; ; ; ; ; 
Chaco;25 DE MAYO;Estatal;Rural;35;33;33; ;1; ; ;1;11;17;11;5;0;18;7; ;6;1;14; ;1;0;0;0;0;0;0; ;1;0;0;0;7; ; ;2; ;1; ;3;1;7;3;2;1; ;5;9;21;6;5;1; ; ;2; ;7;7; ; ; ; ; 
Chaco;25 DE MAYO;Estatal;Urbano;23;23;23; ; ; ; ; ;12;16;6;2;0;25;3; ;7;2;22; ;2;0;0;0;0;4;1; ;0;0;5;0;13; ; ; ; ;5;5; ;3;13;7;5;2;2;5;12;6;7;7; ; ; ;5;3;11;10; ; ; ; ; 
Chaco;9 DE JULIO;Estatal;Rural;32;31;29; ; ; ; ;2;14;20;1;2;0;26;11; ;3;0;21; ;2;1;0;0;0;0;0; ;0;0;0;0; ; ; ; ; ; ; ; ; ; ; ; ; ; ;11;20;1;1;1; ; ; ;1; ;8;6; ; ; ; ; 
Chaco;9 DE JULIO;Estatal;Urbano;25;25;25; ; ; ; ; ;25;21;8;2;1;49;10; ;17;4;28; ;5;8;0;0;0;6;2; ;2;0;1;0;23; ; ; ;2;13;6;4;4;23;20;11;13;8;8;15;2;9;9; ; ; ;8;6;13;12; ; ; ; ; 
Chaco;ALMIRANTE BROWN;Estatal;Rural;51;42;20;1;20; ; ;2;26;30;4;7;0;26;7; ;23;1;19; ;1;1;2;1;0;0;0; ;0;2;1;1;29;2; ;4; ;1;23;4;1;17;25;3;5;1;4;32;15;15;14;1; ; ;3; ;15;6; ; ; ; ; 
Chaco;ALMIRANTE BROWN;Estatal;Urbano;41;41;41; ; ; ; ; ;19;43;5;3;1;47;10; ;20;6;27; ;7;1;1;0;0;4;2; ;2;0;0;1;23; ;9;3;1;12;6;8;8;30;20;12;6;4;11;19;11;13;12; ; ;1;11;7;19;15; ; ; ; ; 
Chaco;ALMIRANTE BROWN;Privado;Urbano;8;8;8; ; ; ; ; ;5;8;4;0;1;8;1; ;3;0;8; ;1;2;1;0;0;1;0; ;0;0;2;0; ; ;7;1; ;5;1;1; ;7;4;1;4;1; ; ;8;2; ;1; ;1;2;2;3;3; ;1;1;4; 
Chaco;BERMEJO;Estatal;Rural;36;36;36; ; ; ; ;1;16;23;5;1;0;28;13; ;7;2;19; ;1;0;0;0;0;1;0; ;0;0;0;0;11;1; ;1; ;6;5;2;2;12;10;4;3;1;8;18;10;7;6; ; ;1;4;2;9;8; ; ; ; ; 
Chaco;BERMEJO;Estatal;Urbano;25;25;25; ; ; ; ; ;11;17;9;3;0;33;7; ;12;0;15; ;2;1;2;1;0;3;1; ;3;0;1;2;17; ; ;1;1;8;2;2;3;17;14;9;9;3;8;9;8;5;5; ; ; ;3;2;9;8; ; ; ; ; 
Chaco;BERMEJO;Privado;Rural;6;6;6; ; ; ; ; ;4;2;1;1;2;4;2; ;4;0;4; ;0;0;0;0;1;0;0; ;1;0;1;0;3; ; ; ; ; ;2;1; ;2;2; ; ; ; ; ;6;1;1; ; ; ; ; ; ; ; ; ;1;1;1
Chaco;CHACABUCO;Estatal;Rural;23;21;21; ;1; ; ; ;7;15;5;1;0;18;6; ;8;1;12; ;1;0;0;0;0;0;0; ;0;0;0;0;4; ; ; ; ;1;2;1; ;3;3;2;2; ;6;14;2;3;3; ; ; ;5; ;9;5; ; ; ; ; 
Chaco;CHACABUCO;Estatal;Urbano;31;31;31; ; ; ; ; ;22;32;20;3;0;55;19; ;21;6;30; ;8;4;5;2;0;9;2; ;5;0;3;0;23;2;3;4;3;15;7;4;2;28;17;11;17;11;11;18;2;12;11; ; ;1;14;7;19;14; ; ; ; ; 
Chaco;COMANDANTE FERNANDEZ;Estatal;Rural;31;30;28; ; ; ; ;2;13;22;4;5;0;18;10; ;9;0;18; ;1;0;0;0;0;1;0; ;0;0;1;0;19; ; ;2; ;8;12;1;2;14;13;6;7;3;2;7;22;4;2; ; ;2;7;2;11;5; ; ; ; ; 
Chaco;COMANDANTE FERNANDEZ;Estatal;Urbano;77;77;77; ; ; ; ; ;44;67;19;26;0;102;23; ;31;2;64; ;8;1;3;1;0;7;4; ;2;0;2;1;60; ;1;1;2;23;25;13;3;58;40;15;20;8;13;39;25;32;28; ;1;3;17;11;37;31; ; ; ; ; 
Chaco;COMANDANTE FERNANDEZ;Privado;Urbano;44;43;43; ;1; ; ; ;156;72;26;56;19;102;14; ;23;7;47; ;8;13;4;3;0;5;2; ;3;2;1;3;2;2;36;21;6;26;3;3;5;40;30;14;24;18;1; ;43;18;8;4;3;3;17;16;21;14; ;8;9;11;6
Chaco;Enmascarado;Privado;Rural;5;5;5; ; ; ; ; ;3;3;1;0;1;7;0; ;1;0;2; ;1;1;0;0;0;3;0; ;0;0;1;0;2; ;2;1; ;2; ;2;1;4;3;2;2;1;2;1;2;1; ;1; ; ;1;1;4;3; ; ; ;2;1
Chaco;Enmascarado;Privado;Urbano;35;35;34; ; ; ; ;1;44;31;15;8;7;50;13; ;12;1;34; ;1;0;4;1;0;6;1; ;0;0;0;0;2;1;29;4;3;19;4;4;5;31;19;10;13;5;3;1;31;9;3; ;2;4;7;6;16;12;1;4;6;10;5
Chaco;FRAY JUSTO SANTA MARIA DE ORO;Estatal;Rural;18;18;18; ; ; ; ; ;13;16;5;2;0;14;3; ;7;0;12; ;1;1;1;0;0;2;0; ;0;0;1;0;11;2; ; ; ;2;8;3; ;11;11;4;2; ; ;12;6;4;4; ; ; ;3;3;6;6; ; ; ; ; 
Chaco;FRAY JUSTO SANTA MARIA DE ORO;Estatal;Urbano;14;14;14; ; ; ; ; ;15;17;4;4;0;16;8; ;5;3;11; ;3;0;0;1;0;1;0; ;0;1;1;0;8;1;4;4;2;5;2;4; ;11;7;3;4;2;2;9;3;9;9; ; ; ;3;2;6;5; ; ; ; ; 
Chaco;FRAY JUSTO SANTA MARIA DE ORO;Privado;Urbano;6;6;6; ; ; ; ; ;15;2;2;3;0;8;0; ;0;0;4; ;1;0;0;0;0;0;0; ;0;0;0;0; ; ;5;4; ;3; ; ; ;5;5;1;1; ; ; ;6;2;2; ; ; ; ; ; ; ; ;2;1;1; 
Chaco;GENERAL BELGRANO;Estatal;Rural;7;6;5; ; ; ; ;1;1;2;2;0;0;3;2; ;0;0;2; ;0;0;0;0;0;0;0; ;0;0;0;0; ; ; ; ; ; ; ; ; ; ; ; ; ; ;3;4; ;2;2; ; ; ; ; ;2;2; ; ; ; ; 
Chaco;GENERAL BELGRANO;Estatal;Urbano;14;14;14; ; ; ; ; ;4;14;5;3;0;18;2; ;5;1;11; ;4;1;0;0;0;3;0; ;1;1;1;0;9;2;1; ; ;10; ;1;1;12;9;5;4; ;2;10;2;6;6; ; ; ;4; ;5;4; ; ; ; ; 
Chaco;GENERAL DONOVAN;Estatal;Rural;14;14;14; ; ; ; ; ;9;12;4;0;0;11;5; ;4;0;5; ;1;1;1;0;0;0;0; ;1;0;0;0;8; ; ; ; ;1;4; ;3;7;6;2;2; ;1;6;7;3;3; ; ; ; ; ;3;2; ; ; ; ; 
Chaco;GENERAL DONOVAN;Estatal;Urbano;21;21;21; ; ; ; ; ;9;20;9;0;0;33;6; ;8;2;25; ;3;1;1;0;0;1;1; ;3;0;2;0;15; ; ;2;1;4;5;5;4;14;11;8;7;7;7;5;9;6;6; ; ; ;5;3;8;7; ; ; ; ; 
Chaco;GENERAL GUEMES;Estatal;Rural;228;192;159;2;32; ; ;2;55;106;31;11;0;108;35; ;40;2;71; ;5;1;0;0;0;2;2; ;2;0;2;0;82;2;3;7;1;15;55;7;13;62;59;17;26;7;17;57;154;47;36;5; ;6;20;3;47;23; ; ; ; ; 
Chaco;GENERAL GUEMES;Estatal;Urbano;85;82;79;2;5;1;1;2;17;49;22;35;4;78;23; ;24;5;41; ;4;1;4;1;0;4;3; ;2;1;2;0;41; ;6;2; ;12;17;9;10;43;36;17;25;7;15;23;47;24;19;4; ;1;13;5;22;16; ; ; ; ; 
Chaco;GENERAL GUEMES;Privado;Rural;8;8;8; ; ; ; ; ;3;1;0;0;0;4;2; ;1;0;3; ;0;0;0;0;0;0;0; ;1;0;0;0;5; ;1;2; ;3;2; ; ;5;4;3;2;1;1;1;6;3;3; ; ; ;1;1;3;3; ;1;1;1; 
Chaco;GENERAL GUEMES;Privado;Urbano;21;21;21; ;1; ; ; ;100;12;8;11;6;36;5; ;6;2;16; ;2;0;2;1;1;5;0; ;0;0;0;0;1; ;18;6; ;11;4;3;5;19;15;5;11;5;2;1;18;7;3;1;2;1;5;5;10;8; ;3;4;6;2
Chaco;INDEPENDENCIA;Estatal;Rural;25;25;25; ; ; ; ; ;14;20;3;2;1;20;6; ;5;1;11; ;1;1;0;0;0;0;0; ;0;0;1;0;11; ; ;1; ;2;6; ;2;5;10;1;6;1;5;10;10;3;2; ; ;1;3;1;3;3; ; ; ; ; 
Chaco;INDEPENDENCIA;Estatal;Urbano;23;23;23; ; ; ; ; ;11;18;7;1;0;30;10; ;11;1;20; ;2;0;0;0;0;3;0; ;0;0;0;1;18;1;1;2; ;12;3;1;4;20;9;3;8;3;4;13;6;9;9; ; ; ;5;2;11;9; ; ; ; ; 
Chaco;LIBERTAD;Estatal;Rural;12;12;12; ; ; ; ; ;4;9;2;0;0;8;4; ;5;0;9; ;1;1;0;0;0;0;1; ;0;0;0;0;9; ; ; ; ;1;7;1; ;7;7;4;5;1; ;7;5;7;6; ; ;1;1; ;5;5; ; ; ; ; 
Chaco;LIBERTAD;Estatal;Urbano;14;14;14; ; ; ; ; ;1;11;3;1;0;19;1; ;3;2;7; ;1;0;0;0;0;0;0; ;0;0;0;0;6;1;2;1; ;4;4;1;1;8;4;1;3; ;1;8;5;1;1; ; ; ;3;2;2;2; ; ; ; ; 
Chaco;LIBERTADOR GENERAL SAN MARTIN;Estatal;Rural;93;91;89; ; ; ; ;2;31;65;17;4;1;53;24; ;22;3;40; ;5;1;2;0;0;5;3; ;0;0;2;1;29;1;6;4;1;6;17;6;5;31;24;11;17;6;4;36;53;19;18;1; ; ;15;5;24;20; ; ; ; ; 
Chaco;LIBERTADOR GENERAL SAN MARTIN;Estatal;Urbano;57;57;57; ; ; ; ; ;24;44;16;3;0;63;15; ;24;1;34; ;5;2;10;0;0;14;1; ;0;0;1;1;30;5;5;3;1;14;12;7;7;38;27;15;13;4;9;19;29;17;14; ;1;2;12;6;25;21; ; ; ; ; 
Chaco;LIBERTADOR GENERAL SAN MARTIN;Privado;Urbano;10;10;10; ; ; ; ; ;16;7;8;1;1;20;8; ;2;0;13; ;2;4;4;1;0;7;4; ;0;0;7;1;1; ;7;2;1;5;2; ;1;8;6;5;3;2;1; ;9;3;2; ; ;1;5;5;7;5; ;1;2;4; 
Chaco;MAIPU;Estatal;Rural;43;43;43; ; ; ; ; ;20;32;3;0;0;28;5; ;7;0;19; ;0;1;0;0;0;0;0; ;0;0;10;0;10; ;3;2; ;3;6;1;2;11;4;1;1;1;5;20;18;7;6; ; ;1;3;1;13;9; ; ; ; ; 
Chaco;MAIPU;Estatal;Urbano;27;26;26; ; ; ; ; ;8;24;3;1;1;32;4; ;8;4;16; ;3;0;0;0;0;1;2; ;0;0;0;0;16; ;1; ; ;7;10;1; ;16;13;10;5;5;2;9;16;9;6;1;1;1;7;5;12;10; ; ; ; ; 
Chaco;MAYOR LUIS J FONTANA;Estatal;Rural;30;30;29; ; ; ; ;2;18;24;7;5;1;22;11; ;10;1;24; ;1;1;0;0;1;0;1; ;2;0;1;0;21;1; ;2;1;2;14;3;3;19;19;5;7;3;1;8;21;12;11; ; ;1;6;1;14;6; ; ; ; ; 
Chaco;MAYOR LUIS J FONTANA;Estatal;Urbano;37;37;37; ; ; ; ; ;38;37;20;3;1;48;10; ;22;9;35; ;10;3;0;0;0;8;0; ;2;1;3;0;28;1;5;2;3;12;11;9;2;33;22;19;17;13;4;19;14;16;12; ;4; ;16;14;22;20; ; ; ; ; 
Chaco;MAYOR LUIS J FONTANA;Privado;Urbano;24;24;23; ; ; ; ;1;71;51;12;24;19;53;4; ;11;1;23; ;3;4;2;1;2;6;2; ;1;1;4;1;2; ;20;11;4;10;2;5;2;22;8;6;13;10;4; ;20;8;2;1;4;1;10;8;10;9; ;7;7;7;3
Chaco;O HIGGINS;Estatal;Rural;29;29;29; ; ; ; ; ;13;18;3;2;0;12;8; ;10;0;13; ;2;0;0;0;0;0;0; ;0;0;0;0;16; ;1;2; ;3;7;2;4;10;15;4;7;2;3;16;10;5;4; ; ;1;6; ;11;7; ; ; ; ; 
Chaco;O HIGGINS;Estatal;Urbano;25;25;25; ; ; ; ; ;12;25;9;3;0;34;5; ;11;2;19; ;5;0;0;0;0;5;3; ;0;0;1;0;19;1;2;5;1;5;7;6;3;21;13;8;7;5;1;10;14;12;10;1; ;1;11;4;16;11; ; ; ; ; 
Chaco;O HIGGINS;Privado;Urbano;7;7;7; ; ; ; ; ;10;3;1;1;0;7;0; ;1;0;3; ;0;0;0;0;0;0;0; ;0;0;0;0;3; ;3; ; ;6; ; ; ;6;3; ;1; ; ;1;6; ; ; ; ; ; ; ; ; ; ; ;1;2;1
Chaco;PRESIDENCIA DE LA PLAZA;Estatal;Rural;11;11;9; ; ; ; ;2;8;8;0;0;0;9;4; ;4;0;6; ;0;0;0;0;0;0;0; ;2;0;0;0;3; ; ; ; ;1;2; ; ;3;3; ;1; ; ;3;8;7;7; ; ; ;1; ;4;2; ; ; ; ; 
Chaco;PRESIDENCIA DE LA PLAZA;Estatal;Urbano;14;14;14; ; ; ; ; ;6;12;5;1;0;21;4; ;7;2;10; ;1;0;0;0;0;0;0; ;0;0;0;0;8; ;2;2;1;8;1;2;2;10;6;4;7;2;1;8;5;4;4; ; ; ;4;4;4;4; ; ; ; ; 
Chaco;QUITILIPI;Estatal;Rural;48;47;46; ; ; ; ;1;18;31;2;5;0;30;14; ;7;1;21; ;1;0;0;0;0;1;0; ;0;0;0;0;11; ; ;1;1;3;7; ;1;9;7;1;4; ;1;22;25;7;6; ; ;1;6; ;10;4; ; ; ; ; 
Chaco;QUITILIPI;Estatal;Urbano;34;34;34; ; ; ; ; ;17;23;7;2;0;31;10; ;14;6;16; ;0;0;0;0;0;1;1; ;1;0;0;0;15;1;4;2;1;12;5;4;2;17;16;8;7;2;3;16;15;6;5;1; ; ;3;3;9;8; ; ; ; ; 
Chaco;SAN FERNANDO;Estatal;Rural;25;25;25; ; ; ; ; ;10;15;4;0;0;17;5; ;6;0;16; ;1;1;0;0;0;0;0; ;0;0;0;1;12; ; ;1; ;8;3;1;1;10;9;3;4;2;3;20;2;9;9; ; ; ;3; ;13;10; ; ; ; ; 
Chaco;SAN FERNANDO;Estatal;Urbano;260;259;259; ;1; ; ; ;166;269;97;81;6;423;125; ;145;22;238; ;47;16;9;5;2;46;12; ;17;0;25;4;215;5;16;26;13;159;29;28;30;234;159;82;82;49;45;160;54;135;117;3;3;12;89;63;158;127; ; ; ; ; 
Chaco;SAN FERNANDO;Privado;Urbano;160;156;156;5;1; ; ;1;161;308;90;198;81;276;63; ;134;18;218; ;14;10;3;16;4;16;1; ;13;1;7;1;11;3;129;27;18;98;12;18;25;138;112;48;84;59;5;2;152;66;20;16;20;10;59;48;78;51;13;36;27;21;19
Chaco;SAN LORENZO;Estatal;Rural;32;32;32; ; ; ; ;1;16;24;15;3;6;31;6; ;13;0;11; ;2;0;0;0;0;0;0; ;0;0;0;0;21; ; ; ;1;1;16;2;1;19;18;6;7;2;2;11;19;4;4; ; ; ;5;1;5; ; ; ; ; ; 
Chaco;SAN LORENZO;Estatal;Urbano;14;14;13;1; ; ; ; ;8;11;5;6;0;18;4; ;4;6;10; ;1;2;1;1;0;1;0; ;0;0;1;1;9; ;3; ; ;5;3;3;2;11;7;3;4;5;2;8;4;7;2;1;3;1;5;2;5;5; ; ; ; ; 
Chaco;SARGENTO CABRAL;Estatal;Rural;28;28;26; ; ; ; ;2;3;10;1;1;0;13;3; ;3;0;9; ;5;0;0;0;0;0;0; ;0;0;0;0;9; ; ; ;1;1;4;2;1;9;8;3;3;1; ;4;24;4;3;1; ; ;3;1;8;2; ; ; ; ; 
Chaco;SARGENTO CABRAL;Estatal;Urbano;19;19;19; ; ; ; ; ;7;14;6;2;0;20;3; ;7;0;9; ;1;1;1;0;0;1;1; ;1;0;1;0;16; ; ; ; ;4;6;2;5;16;9;7;7;2;4;11;4;5;5; ; ; ;1;1;8;8; ; ; ; ; 
Chaco;TAPENAGA;Estatal;Rural;16;16;16; ; ; ; ; ;12;16;5;1;0;19;6; ;13;0;20; ;3;1;1;0;0;2;1; ;3;0;1;0;14; ; ;4; ;2;8;2;3;14;11;4;6;1;6;6;4;6;6; ; ; ;3;1;6;4; ; ; ; ; 
Chubut;BIEDMA;Estatal;Urbano;60;60;60; ; ; ; ; ;67;98;47;8;11;140;25; ;45;7;73; ;22;18;7;3;1;18;4; ;7;0;9;3;34;18;7;18;6;40;4;6;7;58;39;39;26;12;15;26;19;49;45;1;2;1;19;16;55;42; ; ; ; ; 
Chubut;BIEDMA;Privado;Urbano;23;23;23;1; ; ; ; ;63;36;18;57;15;39;8; ;12;4;29; ;1;0;1;0;0;1;0; ;2;0;0;0; ;2;20;3;3;15;3;1;6;22;18;7;13;8; ; ;23;8;1;5;1;1;7;5;12;6;1;2;6;4; 
Chubut;CUSHAMEN;Estatal;Rural;50;50;44;10; ; ; ; ;31;74;37;27;3;104;27; ;27;2;52; ;13;21;3;8;1;6;2; ;6;1;8;4;40;8; ;13;7;14;25;4;7;45;35;30;24;7;5;34;11;27;26; ; ;1;11;5;40;30; ; ; ; ; 
Chubut;Enmascarado;Estatal;Rural;12;12;10;2; ; ; ;1;18;17;7;4;2;28;3; ;9;2;12; ;4;2;0;0;0;1;0; ;1;0;1;0;9;3; ;1;1;3;7;1;1;12;8;5;5;2;2;5;5;9;9; ; ; ;1;1;8;6; ; ; ; ; 
Chubut;Enmascarado;Estatal;Urbano;15;15;14;1; ; ; ; ;11;18;8;4;1;27;18; ;10;1;14; ;2;0;0;0;0;0;0; ;0;0;0;0;10;2;1;2;2;6;4;2; ;13;7;4;4;1;2;6;7;10;9; ; ;1;5;1;12;6; ; ; ; ; 
Chubut;Enmascarado;Privado;Rural;2;2;2; ; ; ; ; ;0;2;1;0;1;4;1; ;0;0;1; ;0;0;0;0;0;0;1; ;0;0;0;0; ; ;2; ; ;1;1; ; ;2; ;1; ; ; ; ;2;2;2; ; ; ;1;1;2;1; ; ; ;1; 
Chubut;Enmascarado;Privado;Urbano;3;3;3;1; ; ; ; ;17;4;2;16;2;5;1; ;1;0;2; ;0;0;0;1;0;1;0; ;0;0;0;0; ; ;2; ; ;2;1; ; ;2;2;2;2;1;1; ;2;2;1;1; ; ;1;1;3;2; ; ;1;2; 
Chubut;ESCALANTE;Estatal;Urbano;122;122;122; ; ; ; ; ;164;223;91;28;11;292;118; ;65;12;166; ;39;38;12;15;1;33;21; ;6;1;16;17;93;18;7;49;9;56;3;21;9;116;65;62;51;35;73;32;17;82;79;3; ; ;47;28;95;81; ; ; ; ; 
Chubut;ESCALANTE;Privado;Urbano;59;59;58; ; ; ; ;1;234;117;50;78;81;178;48; ;37;8;89; ;5;9;5;6;0;10;1; ;2;0;5;0;1; ;57;34;9;24;7;11;13;57;46;18;43;17;2;1;56;37;14;5;15;3;20;13;27;18;2;3;8;6;1
Chubut;FUTALEUFU;Estatal;Rural;18;18;18; ; ; ; ; ;14;22;13;9;1;35;7; ;14;1;15; ;5;3;3;4;0;8;2; ;1;0;2;0;16;1;1;4;1;3;14; ;2;18;11;8;7;3;2;7;9;14;14; ; ; ;5;2;12;8; ; ; ; ; 
Chubut;FUTALEUFU;Estatal;Urbano;50;50;50; ; ; ; ; ;56;72;37;11;4;107;34; ;27;3;53; ;12;14;5;1;0;11;1; ;6;0;4;2;35;6;3;19;4;17;8;6;2;43;35;26;19;15;6;25;19;29;28;1; ; ;17;7;40;26; ; ; ; ; 
Chubut;FUTALEUFU;Privado;Urbano;9;9;9; ; ; ; ; ;11;12;6;6;4;20;2; ;5;0;13; ;3;5;0;0;0;0;4; ;0;0;0;0; ; ;9;1;2;2; ;2;2;9;7;3;7;2;1;2;6;6;3;2;1; ;2;1;5;3; ;1;3;3; 
Chubut;GAIMAN;Estatal;Rural;9;9;8; ; ; ; ;1;17;12;5;3;0;25;3; ;5;3;12; ;4;2;0;1;0;5;2; ;1;0;1;1;7;2; ; ; ;2;4;2;1;7;5;6;5;2; ;7;2;6;5; ;1; ;5;1;8;6; ; ; ; ; 
Chubut;GAIMAN;Estatal;Urbano;7;7;7; ; ; ; ; ;5;7;5;1;0;14;2; ;5;1;6; ;3;1;1;0;0;1;0; ;1;0;0;0;5; ;1;1;1;2;3;1; ;6;4;4;4;3;1;3;3;5;5; ; ; ;5;4;6;5; ; ; ; ; 
Chubut;GAIMAN;Privado;Urbano;7;7;7; ; ; ; ; ;2;4;8;0;2;13;3; ;3;0;6; ;3;8;2;1;0;3;0; ;0;0;14;1; ;1;6; ;1;2;1;3; ;7;5;3;3;1; ;1;6;7;5;2; ; ;2; ;5;2; ; ;1;3; 
Chubut;GASTRE;Estatal;Rural;10;10;6;3;3; ;1;2;16;12;12;3;0;25;3; ;8;2;11; ;2;2;1;0;0;2;1; ;1;0;1;1;8;1;1;1; ;4;7; ;2;10;10;6;5;6; ;2;8;4;4; ; ; ;5;2;8;6; ; ; ; ; 
Chubut;LANGUIÑEO;Estatal;Rural;11;11;10;1; ; ; ; ;11;15;11;7;0;28;10; ;10;0;13; ;5;3;1;1;0;3;0; ;0;0;1;0;10;1; ;1; ; ;10;1; ;11;8;8;7;3; ;5;6;7;6; ; ;1;2;2;10;8; ; ; ; ; 
Chubut;PASO DE INDIOS;Estatal;Rural;7;7;5; ; ; ; ;2;8;9;0;4;1;15;5; ;3;1;6; ;1;0;0;0;0;1;0; ;0;0;0;0;6;1; ;3; ;1;5;1;1;7;5;3;3; ;1;3;3;2;2; ; ; ;2; ;6;2; ; ; ; ; 
Chubut;RAWSON;Estatal;Rural;4;4;4; ; ; ; ; ;2;6;2;0;1;8;1; ;4;0;6; ;0;0;0;0;0;1;0; ;0;0;1;0;2;1;1;1; ; ;3; ;1;4;1;1;1; ; ;3;1;3;3; ; ; ;2;2;2;2; ; ; ; ; 
Chubut;RAWSON;Estatal;Urbano;125;125;125; ; ; ; ; ;135;161;62;39;21;261;116; ;60;18;145; ;26;17;7;2;0;23;13; ;6;0;9;4;75;10;13;39;1;52;9;8;12;95;34;51;29;26;23;58;44;90;81;5;3;1;52;27;100;76; ; ; ; ; 
Chubut;RAWSON;Privado;Urbano;31;31;31; ; ; ; ; ;56;48;33;30;20;80;24; ;16;3;45; ;9;4;1;2;1;7;5; ;5;0;2;0;1; ;28;16;1;12;3;4;5;29;20;18;21;13; ;1;30;20;5;9;4;2;11;10;19;15;1;7;7;5;1
Chubut;RIO SENGUER;Estatal;Rural;15;15;15;1; ; ; ; ;23;18;13;13;0;33;15; ;8;5;21; ;4;1;1;2;0;1;5; ;0;0;1;0;13;2; ;1; ;5;12;1; ;13;15;7;13;2;3;4;8;8;8; ; ; ;3;1;10;6; ; ; ; ; 
Chubut;SARMIENTO;Estatal;Rural;4;4;4; ; ; ; ; ;10;6;3;0;0;4;2; ;3;0;4; ;0;2;0;0;0;0;0; ;1;0;2;0;3;1; ;1; ;1;3; ;1;4;4;2;2; ; ;2;2;4;4; ; ; ; ; ;2;1; ; ; ; ; 
Chubut;SARMIENTO;Estatal;Urbano;12;12;12; ; ; ; ; ;9;15;6;1;4;24;5; ;7;1;12; ;7;7;0;0;0;3;2; ;0;0;4;4;9;1;2;8;3;3;1; ; ;11;9;7;4; ;1;4;7;9;9; ; ; ;3;1;8;7; ; ; ; ; 
Chubut;TEHUELCHES;Estatal;Rural;13;13;13;1; ; ; ; ;12;22;13;7;0;39;17; ;9;2;15; ;5;7;4;2;0;8;2; ;4;0;3;1;12;1; ;2; ;3;10;3; ;13;10;13;9;5;3;6;4;8;7;1; ; ;4;1;13;10; ; ; ; ; 
Chubut;TELSEN;Estatal;Rural;8;8;5;3; ; ; ; ;8;12;7;3;0;17;6; ;5;1;6; ;2;0;0;1;0;1;0; ;0;0;0;0;8; ; ; ; ; ;7;1; ;8;7;4;5;1; ;2;6;5;5; ; ; ;1;1;4;4; ; ; ; ; 
Ciudad de Buenos Aires;Comuna 1;Estatal;Urbano;81;81;81;4;2; ; ; ;182;167;206;170;10;291;18; ;54;38;95; ;24;16;13;9;0;23;1; ;6;0;8;12;73;1;7;10;9;57;7;15;11;80;77;56;61;49;41;15;25;72;70;1;1; ;46;40;70;60; ; ; ; ; 
Ciudad de Buenos Aires;Comuna 1;Privado;Urbano;74;74;74;2;1; ; ; ;208;369;109;249;94;311;28; ;57;13;158; ;9;7;1;5;0;6;1; ;8;0;4;0;3;1;70;12;6;61;2;6;11;74;64;46;60;49;2; ;72;50;4;24;18;4;46;42;59;44;5;23;21;17;15
Ciudad de Buenos Aires;Comuna 10;Estatal;Urbano;87;87;87; ;1; ; ; ;46;108;186;99;2;217;19; ;58;25;94; ;25;22;8;5;1;23;4; ;10;1;17;9;86; ;1;11;2;61;11;14;24;75;85;60;48;43;64;13;10;81;80; ; ;1;38;32;67;59; ; ; ; ; 
Ciudad de Buenos Aires;Comuna 10;Privado;Urbano;31;31;31;4; ; ; ; ;189;208;43;170;29;151;15; ;21;6;72; ;9;2;2;5;2;6;1; ;3;1;1;1; ; ;31;4;1;30;2;3;7;31;27;19;24;23; ; ;31;19;4;11;3;1;23;22;24;18;8;18;19;19;4
Ciudad de Buenos Aires;Comuna 11;Estatal;Urbano;77;77;76;2;2; ; ;1;51;122;146;73;2;182;13; ;45;20;63; ;23;30;9;11;0;20;2; ;8;0;7;10;77; ; ;9;4;56;7;9;17;64;76;54;46;39;40;15;22;70;69;1; ; ;39;30;63;51; ; ; ; ; 
Ciudad de Buenos Aires;Comuna 11;Privado;Urbano;44;44;43;4;1; ; ;1;214;373;70;293;56;229;38; ;52;7;119; ;8;6;3;5;0;9;5; ;4;0;8;20; ; ;43;5;2;39;2;5;12;43;41;32;34;36; ; ;44;32;2;23;6;1;36;34;36;31;16;22;21;19;1
Ciudad de Buenos Aires;Comuna 12;Estatal;Urbano;77;77;77;3;2; ; ; ;88;134;180;95;0;205;12; ;61;20;95; ;27;11;2;3;0;9;3; ;11;0;4;4;77; ; ;14;2;59;12;7;16;72;74;55;49;42;56;14;7;73;72; ; ;1;40;27;66;55; ; ; ; ; 
Ciudad de Buenos Aires;Comuna 12;Privado;Urbano;44;44;44;1; ; ; ; ;201;253;54;182;44;214;30; ;35;22;117; ;12;7;5;4;0;3;2; ;2;0;1;2; ;1;43;11;2;37; ;2;10;44;42;31;33;34; ; ;44;30;3;17;8;2;32;30;37;26;17;29;28;26;1
Ciudad de Buenos Aires;Comuna 13;Estatal;Urbano;55;55;55; ;2; ; ; ;72;100;136;59;4;164;12; ;41;31;59; ;19;8;5;1;0;9;0; ;4;1;0;2;55; ; ;13;2;42;5;9;12;54;54;38;37;31;40;9;6;53;53; ; ; ;34;27;44;36; ; ; ; ; 
Ciudad de Buenos Aires;Comuna 13;Privado;Urbano;95;95;95;5; ; ; ; ;569;912;178;862;118;587;45; ;96;41;314; ;20;17;11;20;0;14;4; ;11;1;5;6;1; ;94;9;7;80;4;13;17;95;89;70;85;68;1; ;94;71;5;41;23;2;68;56;78;61;16;26;26;22;5
Ciudad de Buenos Aires;Comuna 14;Estatal;Urbano;55;55;55;1;1;1;1;1;98;115;128;92;2;182;11; ;31;16;61; ;17;12;5;4;0;12;1; ;4;0;9;5;53; ;2;10;4;42;3;11;12;53;52;39;34;33;34;10;11;49;46;2;1; ;34;26;47;37; ; ; ; ; 
Ciudad de Buenos Aires;Comuna 14;Privado;Urbano;69;69;69;3;4; ; ; ;256;646;120;380;99;296;22; ;61;35;196; ;10;14;6;3;1;11;2; ;11;1;5;3; ;1;68;9;11;57;5;6;10;69;68;44;55;48;1; ;68;47;7;35;4;1;45;40;59;39;11;19;19;19;5
Ciudad de Buenos Aires;Comuna 15;Estatal;Urbano;68;68;68; ; ; ; ; ;57;234;148;101;4;195;9; ;43;28;75; ;20;12;3;5;0;15;0; ;5;0;2;4;67; ;1;10;3;49;6;17;10;61;65;49;41;37;44;8;16;63;63; ; ; ;36;30;55;51; ; ; ; ; 
Ciudad de Buenos Aires;Comuna 15;Privado;Urbano;42;42;42;3; ; ; ; ;260;245;61;149;51;158;13; ;23;10;125; ;5;7;7;5;1;9;1; ;3;1;1;2;1; ;41;8;4;36;6;7;7;42;41;31;34;29;1; ;41;28;4;18;4;2;27;25;32;25;11;13;14;10;2
Ciudad de Buenos Aires;Comuna 2;Estatal;Urbano;28;28;28;1; ; ; ; ;24;76;79;44;2;95;2; ;17;8;25; ;8;2;1;2;0;8;1; ;9;0;0;0;25; ;3;2;3;19;4;4;5;27;26;17;16;12;21;1;6;27;25; ;2; ;14;11;22;18; ; ; ; ; 
Ciudad de Buenos Aires;Comuna 2;Privado;Urbano;55;55;55;1; ; ; ;1;208;371;72;237;47;231;30; ;43;10;152; ;5;4;4;2;1;9;0; ;2;1;5;1;2;1;52;5;3;47;4;7;7;55;53;34;44;37; ;1;54;43;7;22;14; ;34;30;41;25;6;15;14;12;4
Ciudad de Buenos Aires;Comuna 3;Estatal;Urbano;68;68;66; ;1; ; ;2;45;148;161;79;0;257;9; ;34;24;72; ;130;8;6;1;0;15;0; ;3;0;4;2;67;1; ;4;2;48;6;13;12;65;62;46;46;43;39;9;20;63;60; ;3; ;47;38;55;45; ; ; ; ; 
Ciudad de Buenos Aires;Comuna 3;Privado;Urbano;50;50;50;5;2; ; ; ;245;397;66;410;33;251;10; ;32;11;180; ;8;9;4;5;0;8;1; ;3;0;5;2; ;1;49;15;5;36;2;11;8;50;41;32;37;37;1; ;49;36;5;20;11; ;37;34;40;33;7;17;19;18;4
Ciudad de Buenos Aires;Comuna 4;Estatal;Urbano;118;118;118;1; ; ; ; ;101;206;281;112;6;369;20; ;76;45;133; ;49;26;6;7;0;27;4; ;18;3;11;8;118; ; ;19;7;82;14;26;32;112;115;89;79;73;67;17;34;110;106; ;1;3;76;63;107;94; ; ; ; ; 
Ciudad de Buenos Aires;Comuna 4;Privado;Urbano;38;38;38; ; ; ; ; ;94;101;40;95;21;120;18; ;19;2;69; ;3;9;1;6;1;9;0; ;1;0;4;0;8; ;29;9;5;30;1;4;9;37;31;20;30;24; ;1;37;25;5;16;3;1;24;22;27;18;7;28;24;18;1
Ciudad de Buenos Aires;Comuna 5;Estatal;Urbano;47;47;47; ;1; ;1; ;39;86;106;53;4;150;4; ;28;12;54; ;13;13;7;0;0;4;1; ;2;0;1;2;47; ; ;7;1;31;3;11;9;45;44;36;29;27;32;8;7;44;42;1;1; ;26;20;39;36; ; ; ; ; 
Ciudad de Buenos Aires;Comuna 5;Privado;Urbano;45;45;45; ;1; ; ; ;169;405;69;310;80;257;25; ;39;25;298; ;8;8;7;17;0;13;0; ;3;1;4;4; ;2;41;6;2;40; ;2;7;43;39;30;36;35; ; ;45;31;2;16;12;1;34;30;36;29;5;16;19;16;12
Ciudad de Buenos Aires;Comuna 6;Estatal;Urbano;47;47;47; ;1; ; ; ;74;93;111;117;3;138;3; ;29;23;74; ;24;10;5;3;0;10;0; ;3;0;7;8;46; ;1;13;1;38;4;9;5;46;44;34;28;27;33;7;7;39;36;3; ; ;31;21;40;36; ; ; ; ; 
Ciudad de Buenos Aires;Comuna 6;Privado;Urbano;45;45;45;4;2; ; ; ;163;359;64;199;45;239;56; ;34;10;191; ;5;4;2;1;0;2;1; ;3;0;2;3;1; ;44;6;6;37;2;8;8;45;37;31;35;36;1;1;43;31;3;21;6;1;31;30;32;26;8;18;17;18;3
Ciudad de Buenos Aires;Comuna 7;Estatal;Urbano;72;72;72; ; ; ; ; ;78;204;164;67;3;192;7; ;39;32;79; ;27;17;3;6;0;23;1; ;6;1;5;6;71; ;1;17;5;49;5;16;13;65;68;51;46;41;52;14;6;68;68; ; ; ;43;36;64;55; ; ; ; ; 
Ciudad de Buenos Aires;Comuna 7;Privado;Urbano;45;45;45; ; ; ; ; ;304;144;44;142;44;192;15; ;31;7;88; ;12;8;3;1;0;11;0; ;1;0;3;0; ; ;45;8; ;39;2;1;12;45;42;32;41;29; ; ;45;24;1;14;6;3;33;31;36;29;10;24;22;18;4
Ciudad de Buenos Aires;Comuna 8;Estatal;Urbano;102;102;101; ; ; ; ;1;52;177;252;92;10;285;16; ;53;35;111; ;27;31;4;6;0;15;3; ;11;1;7;10;101; ;1;19;1;70;7;23;16;97;99;66;50;53;59;21;22;89;87;1; ;1;56;46;87;76; ; ; ; ; 
Ciudad de Buenos Aires;Comuna 8;Privado;Urbano;29;29;29;1; ; ; ; ;38;149;50;142;30;138;9; ;26;8;45; ;3;4;2;2;0;3;7; ;1;0;4;1;5; ;24;2;3;22; ;3;4;29;23;20;21;23; ; ;29;20;5;10;5; ;23;19;24;18;8;18;20;16;4
Ciudad de Buenos Aires;Comuna 9;Estatal;Urbano;88;88;88; ;1;1; ; ;108;182;166;104;5;290;16; ;50;34;90; ;33;21;10;11;1;33;6; ;10;3;24;12;87; ;1;13;3;62;9;15;17;78;85;59;48;53;57;22;9;82;81;1; ; ;56;41;74;63; ; ; ; ; 
Ciudad de Buenos Aires;Comuna 9;Privado;Urbano;31;31;31;1; ; ; ; ;240;136;40;81;17;143;20; ;40;8;68; ;8;2;1;3;0;2;2; ;0;0;1;0; ; ;31;4;2;28;1;1;8;31;29;20;25;25; ; ;31;22;2;14;6; ;24;21;24;19;12;22;20;16;2
Córdoba;CALAMUCHITA;Estatal;Rural;66;66;51;2;15; ; ; ;70;63;44;19;7;79;20; ;34;2;51; ;3;2;1;0;0;4;2; ;2;0;3;0;57;7;1;3; ;17;50;2;7;48;59;21;24;11;2;31;33;57;57; ; ; ;18;6;51;13; ; ; ; ; 
Córdoba;CALAMUCHITA;Estatal;Urbano;40;40;40; ; ; ; ; ;97;62;30;10;11;81;16; ;28;17;57; ;3;1;0;2;0;2;3; ;2;2;1;0;26;12;2;9;1;21;16;10;3;39;35;17;19;11;3;34;3;37;36;1; ; ;18;9;29;15; ; ; ; ; 
Córdoba;CALAMUCHITA;Privado;Urbano;17;17;17; ; ; ; ; ;101;19;14;44;10;53;7; ;14;0;25; ;7;1;0;0;3;0;0; ;0;0;1;0; ; ;17;3;2;11;2;5;3;17;14;12;13;13; ; ;17;15;11;3;1; ;12;11;15;8; ;6;6;7;1
Córdoba;CAPITAL;Estatal;Urbano;704;704;703;2;1; ; ;3;928;939;431;631;136;1220;278; ;438;100;935; ;132;63;14;181;2;33;24; ;50;1;77;33;579;13;56;146;64;413;56;60;98;630;546;393;340;274;75;455;174;618;609;3;2;4;311;177;643;424; ; ; ; ; 
Córdoba;CAPITAL;Privado;Urbano;444;444;443;22;10; ; ;3;1338;2103;515;1041;545;1871;239; ;355;85;1376; ;65;89;34;39;2;93;22; ;43;1;87;19;2;1;440;88;85;321;26;53;122;441;392;312;388;348;4;3;437;418;267;96;52;3;336;299;358;290; ;105;108;132;29
Córdoba;COLON;Estatal;Rural;63;63;61; ;2; ; ; ;64;63;31;13;8;70;23; ;36;8;78; ;5;4;2;2;1;1;2; ;2;2;1;4;50;4;4;8; ;16;44;1;5;53;52;21;35;13;10;32;21;55;55; ; ; ;21;1;51;19; ; ; ; ; 
Córdoba;COLON;Estatal;Urbano;134;134;134; ; ; ; ; ;275;193;84;42;28;247;98; ;82;31;212; ;17;7;2;0;1;9;6; ;9;0;13;13;113;9;7;48;13;74;27;6;26;126;105;60;62;44;35;80;19;121;121; ; ; ;66;34;109;63; ; ; ; ; 
Córdoba;COLON;Privado;Urbano;68;68;68;9;8; ; ; ;109;363;93;199;87;249;29; ;63;1;143; ;10;7;10;5;1;14;4; ;2;1;9;1;1;3;64;24;17;51;5;8;13;68;56;40;55;45;10;3;55;67;46;12;9; ;44;41;46;40; ;16;17;17;6
Córdoba;CRUZ DEL EJE;Estatal;Rural;93;92;83;1;9; ; ;1;61;75;22;8;1;71;23; ;29;3;54; ;5;5;3;2;0;4;1; ;4;0;4;3;83;2; ;5; ;13;70;3;3;55;83;21;30;14; ;34;59;74;73; ; ;1;24;3;64;21; ; ; ; ; 
Córdoba;CRUZ DEL EJE;Estatal;Urbano;39;39;39; ; ; ; ; ;56;49;24;26;0;64;8; ;24;8;39; ;10;2;1;1;0;4;0; ;3;0;1;0;29;1;4;9;5;21;10;4;2;33;26;15;20;19;3;22;14;33;33; ; ; ;24;19;25;19; ; ; ; ; 
Córdoba;CRUZ DEL EJE;Privado;Urbano;11;11;11; ; ; ; ; ;10;14;8;3;6;21;0; ;6;0;11; ;0;1;1;0;0;1;0; ;3;0;1;1; ; ;11;7; ;5;3; ;1;11;2;3; ;8; ; ;11;10;9; ;1; ;9;7;9;7; ;4;4;4;3
Córdoba;Enmascarado;Estatal;Rural;16;16;15; ;1; ; ; ;13;8;5;8;0;15;6; ;8;1;10; ;0;0;0;0;0;2;0; ;0;0;1;1;13; ; ;2; ;1;12;1;1;6;13;3;8;1;1;2;13;15;15; ; ; ;3;1;7;1; ; ; ; ; 
Córdoba;Enmascarado;Estatal;Urbano;9;9;9;1; ; ; ; ;16;12;2;0;0;12;2; ;7;2;12; ;2;1;0;0;0;0;0; ;0;0;0;0;6;3; ;2; ;5;3; ;2;9;8;4;5;1;2;6;1;9;9; ; ; ;5;3;8;5; ; ; ; ; 
Córdoba;Enmascarado;Privado;Rural;22;22;18;2;4; ; ; ;74;25;14;17;6;46;13; ;10;1;23; ;3;0;1;0;0;1;0; ;1;0;0;0; ;8;12;2;3;5;6;7;2;19;16;12;17;12;6;2;14;22;21;1; ; ;12;7;15;6; ;3;4;18; 
Córdoba;Enmascarado;Privado;Urbano;9;9;9; ; ; ; ; ;29;13;4;4;3;16;1; ;6;1;10; ;1;1;1;1;0;1;0; ;1;0;1;0; ;2;7;4; ;3; ;3;1;9;8;6;6;5;2; ;7;9;6;3; ; ;5;5;7;7; ;2;2;4;2
Córdoba;GENERAL ROCA;Estatal;Rural;28;28;26; ;2; ; ; ;22;25;14;4;1;42;9; ;15;0;30; ;4;5;1;0;0;3;1; ;1;0;1;0;19;9; ;3;1;11;16;2;1;21;27;9;14;4;2;22;4;26;26; ; ; ;5; ;24;3; ; ; ; ; 
Córdoba;GENERAL ROCA;Estatal;Urbano;31;31;31; ; ; ; ; ;93;28;24;8;5;54;10; ;15;8;38; ;11;3;0;0;0;2;0; ;2;0;2;1;16;12;2;6;6;15;3;9;5;29;27;18;19;14;7;20;4;27;27; ; ; ;15;9;23;18; ; ; ; ; 
Córdoba;GENERAL SAN MARTIN;Estatal;Rural;50;50;50; ;1; ; ; ;87;53;22;7;2;64;18; ;24;2;51; ;9;4;3;0;0;2;2; ;3;0;5;2;32;17;1;12;1;21;27;5;4;38;49;18;31;9;4;43;3;45;45; ; ; ;17;4;40;10; ; ; ; ; 
Córdoba;GENERAL SAN MARTIN;Estatal;Urbano;85;85;83;1; ; ; ;1;233;137;56;40;14;184;29; ;52;24;117; ;11;11;6;1;0;10;6; ;5;4;9;5;45;24;15;14;3;51;17;12;16;77;82;44;55;29;9;71;5;78;78; ; ; ;44;22;74;36; ; ; ; ; 
Córdoba;GENERAL SAN MARTIN;Privado;Rural;4;4;4; ; ; ; ; ;27;2;3;4;2;8;0; ;1;2;5; ;0;2;0;1;0;1;0; ;0;1;0;0; ;3;1; ; ;1;2;1; ;4;2;2;4;4; ; ;4;4;4; ; ; ;4;2;3;2; ; ; ;4; 
Córdoba;GENERAL SAN MARTIN;Privado;Urbano;37;37;37;7;1; ; ; ;306;214;47;61;55;142;24; ;20;16;89; ;4;5;4;1;1;7;2; ;1;0;5;0; ;3;34;5;13;21;3;6;13;36;34;29;32;25;4; ;33;35;21;5;8;1;27;20;32;26; ;9;9;11;6
Córdoba;ISCHILIN;Estatal;Rural;40;40;37; ;3; ; ; ;31;35;13;11;0;38;17; ;14;2;33; ;4;2;1;1;0;0;1; ;2;0;1;1;39;1; ; ;1;6;32;2;1;33;35;15;23;10;4;33;3;38;38; ; ; ;12;1;33;9; ; ; ; ; 
Córdoba;ISCHILIN;Estatal;Urbano;28;28;28; ; ; ; ;1;51;45;14;5;1;40;13; ;20;5;40; ;6;1;0;0;0;0;0; ;6;0;2;3;21;1;3;11;6;5;7; ;2;24;23;12;12;9;6;21;1;26;24; ; ;2;10;7;24;14; ; ; ; ; 
Córdoba;JUAREZ CELMAN;Estatal;Rural;39;39;37; ; ; ; ;2;62;50;19;7;7;47;9; ;19;2;40; ;5;2;1;2;0;3;2; ;3;0;3;1;27;11; ;6;2;12;20;3;8;26;36;13;19;9;1;35;3;34;34; ; ; ;13;3;32;10; ; ; ; ; 
Córdoba;JUAREZ CELMAN;Estatal;Urbano;47;47;47;2; ; ; ;1;187;74;38;7;10;106;13; ;24;22;64; ;5;4;0;0;0;2;0; ;2;0;1;0;17;23;7;17;10;26;4;5;4;45;41;18;27;22;3;39;5;44;43;1; ; ;21;13;33;18; ; ; ; ; 
Córdoba;JUAREZ CELMAN;Privado;Rural;4;4;4; ; ; ; ; ;19;7;2;6;2;8;2; ;3;0;6; ;1;0;1;0;0;1;0; ;0;0;0;0;1;2;1; ; ;4; ; ;1;4;4;4;4;1;4; ; ;3;3; ; ; ;1; ;4;1; ; ; ;4; 
Córdoba;JUAREZ CELMAN;Privado;Urbano;13;13;13; ; ; ; ; ;137;33;18;6;12;50;0; ;11;4;17; ;2;2;1;0;0;0;0; ;0;0;1;0; ;1;12;1;4;7;5; ;3;13;10;10;9;11;5; ;8;13;12; ;1; ;11;8;11;11; ;3;3;7;2
Córdoba;MARCOS JUAREZ;Estatal;Rural;38;38;35; ; ; ; ;3;33;35;15;0;0;40;10; ;18;1;36; ;0;1;0;0;0;2;0; ;3;0;2;1;25;13; ;1; ;11;25;5;2;21;36;7;23;4; ;13;25;34;34; ; ; ;10; ;25;4; ; ; ; ; 
Córdoba;MARCOS JUAREZ;Estatal;Urbano;83;83;83;1; ; ; ; ;303;149;67;51;6;193;32; ;39;22;109; ;17;13;2;2;1;9;1; ;4;0;7;6;28;38;17;18;15;51;8;11;11;80;74;35;48;39;14;57;12;73;72; ; ;1;50;35;64;42; ; ; ; ; 
Córdoba;MARCOS JUAREZ;Privado;Urbano;39;39;38; ;1; ; ;1;186;82;41;18;19;96;20; ;29;9;73; ;4;3;0;1;0;12;2; ;6;2;6;1; ;9;29;5;10;28;1;7;7;38;38;32;34;28;14;8;17;37;37; ; ; ;29;28;35;24; ;12;12;16;5
Córdoba;MINAS;Estatal;Rural;40;40;40; ; ; ; ; ;16;28;8;21;1;35;7; ;14;1;19; ;2;0;0;0;0;1;0; ;0;0;2;1;35;3; ;3;1;4;31;2;4;20;38;6;20;4;1;23;16;33;33; ; ; ;8;1;29;8; ; ; ; ; 
Córdoba;POCHO;Estatal;Rural;40;40;34;1;6; ; ;1;32;32;5;32;1;35;7; ;23;2;28; ;3;0;0;0;9;1;0; ;3;0;6;2;37; ; ;3; ;8;30;1; ;22;36;7;22;5; ;35;5;27;27; ; ; ;8;1;33;5; ; ; ; ; 
Córdoba;PRESIDENTE ROQUE SAENZ PEÑA;Estatal;Rural;35;35;34; ;1; ; ; ;18;27;20;7;2;49;10; ;14;4;34; ;3;2;0;0;0;3;1; ;3;0;3;2;25;7;2;3;2;9;24; ;2;25;33;12;17;7;3;24;8;33;31;1; ;1;10;4;30;9; ; ; ; ; 
Córdoba;PRESIDENTE ROQUE SAENZ PEÑA;Estatal;Urbano;29;29;29; ; ; ; ; ;73;50;23;32;5;59;11; ;19;6;42; ;7;6;0;0;0;3;2; ;3;0;1;0;25;3; ;2;4;19;3;3;2;27;25;13;15;10;3;22;4;27;27; ; ; ;15;9;25;15; ; ; ; ; 
Córdoba;PRESIDENTE ROQUE SAENZ PEÑA;Privado;Urbano;7;7;7; ; ; ; ; ;96;42;5;9;4;19;5; ;0;0;25; ;2;1;0;0;0;1;0; ;0;0;1;0; ; ;7; ; ;5; ;2; ;7;7;7;6;7;1;1;5;7;7; ; ; ;7;7;7;7; ;2;2;3;2
Córdoba;PUNILLA;Estatal;Rural;34;34;32; ;2; ; ; ;27;34;23;5;2;41;6; ;18;1;26; ;3;1;0;0;0;2;1; ;0;0;2;1;27;5;1;3;2;10;22; ;2;30;31;13;16;11; ;25;9;29;29; ; ; ;16;3;32;9; ; ; ; ; 
Córdoba;PUNILLA;Estatal;Urbano;109;109;109; ; ; ; ; ;136;138;84;99;20;201;34; ;64;16;138; ;12;8;3;1;0;5;3; ;3;2;7;5;96;6;3;27;9;62;21;10;12;98;93;48;51;34;6;86;17;97;97; ; ; ;51;18;90;49; ; ; ; ; 
Córdoba;PUNILLA;Privado;Urbano;59;59;59;1;1; ; ; ;306;196;92;128;43;272;11; ;43;8;122; ;11;35;13;0;0;15;4; ;5;0;22;4; ; ;59;13;13;38;10;2;7;59;55;41;50;42; ; ;59;54;39;11;3;1;40;35;44;37; ;18;18;24;5
Córdoba;RIO CUARTO;Estatal;Rural;106;106;103;1;3; ; ; ;134;103;65;34;4;144;33; ;53;5;101; ;4;5;3;1;0;6;2; ;3;0;2;1;83;13;7;8;3;26;63;10;6;80;99;31;41;22;6;89;11;97;96; ; ;1;45;8;83;22; ; ; ; ; 
Córdoba;RIO CUARTO;Estatal;Urbano;140;140;140; ;1; ; ; ;498;196;97;42;31;261;56; ;81;28;199; ;33;10;3;1;1;8;8; ;5;2;21;3;93;21;22;43;13;86;12;16;22;134;116;72;82;58;17;113;10;129;125;2; ;2;83;46;114;65; ; ; ; ; 
Córdoba;RIO CUARTO;Privado;Urbano;84;84;84; ;1; ; ; ;464;193;86;535;75;287;31; ;61;9;163; ;15;12;7;304;0;11;3; ;7;2;7;1; ;4;80;17;14;60;8;7;25;84;78;46;65;61;4;1;79;77;59;8;9;1;61;56;65;44; ;19;19;32;8
Córdoba;RIO PRIMERO;Estatal;Rural;87;87;86; ; ; ;1; ;67;77;35;34;4;79;31; ;38;2;74; ;3;3;0;0;0;1;2; ;3;0;2;2;68;16;1;9;2;20;55;7;9;60;82;20;34;18;5;65;17;71;71; ; ; ;27;8;65;15; ; ; ; ; 
Córdoba;RIO PRIMERO;Estatal;Urbano;35;35;35; ; ; ; ; ;130;54;31;4;5;68;5; ;14;11;41; ;7;4;1;0;0;1;1; ;1;0;3;2;17;15;2;9;3;18;6;7;4;33;24;14;17;12;2;29;4;31;30; ; ;1;12;9;28;12; ; ; ; ; 
Córdoba;RIO PRIMERO;Privado;Urbano;12;12;12; ; ; ; ; ;51;21;16;7;10;46;3; ;6;1;19; ;3;7;2;3;0;4;2; ;1;0;8;0; ; ;12;3;1;4; ;7; ;12;10;9;8;11; ; ;12;12;9;1;2; ;11;10;10;10; ;4;4;6;1
Córdoba;RIO SECO;Estatal;Rural;48;48;42; ;6; ; ; ;33;42;13;17;1;40;10; ;18;2;28; ;0;1;0;1;0;1;0; ;0;0;0;1;43;3; ;1; ;5;38;3;2;32;42;13;19;8;3;35;10;45;45; ; ; ;11;4;32;9; ; ; ; ; 
Córdoba;RIO SECO;Estatal;Urbano;11;11;11; ; ; ; ; ;20;11;6;4;1;19;9; ;5;2;10; ;1;0;0;0;0;0;0; ;1;0;0;0;9;2; ; ; ;4;6;3; ;9;9;4;4;3;2;7;2;10;10; ; ; ;3;2;9;4; ; ; ; ; 
Córdoba;RIO SEGUNDO;Estatal;Rural;67;67;66; ;1; ; ; ;119;70;48;18;7;90;20; ;39;3;74; ;6;5;1;0;0;2;2; ;2;0;4;2;54;7;5;4;1;22;45;7;2;52;63;28;44;22;4;50;13;60;60; ; ; ;23;9;46;16; ; ; ; ; 
Córdoba;RIO SEGUNDO;Estatal;Urbano;64;64;64; ; ; ; ; ;246;92;48;62;16;143;24; ;37;18;77; ;17;4;0;1;0;6;3; ;0;0;5;8;36;16;10;15;8;40;17;9;4;61;51;38;37;28;11;48;5;56;55; ; ;1;32;18;57;33; ; ; ; ; 
Córdoba;RIO SEGUNDO;Privado;Urbano;29;29;29; ; ; ; ; ;160;68;29;19;18;78;15; ;21;1;54; ;4;1;2;0;0;7;0; ;2;0;1;0; ;1;28;9;5;22;3;4;8;29;26;15;22;18;3;1;25;27;25;1;1; ;18;17;21;16; ;9;8;13;3
Córdoba;SAN ALBERTO;Estatal;Rural;78;77;66;4;10; ; ;2;73;60;25;14;4;79;30; ;38;1;74; ;256;3;2;0;0;5;1; ;1;0;2;1;68;4;1;7;2;14;59;4;3;47;65;25;33;8;4;50;24;61;61; ; ; ;15;7;48;22; ; ; ; ; 
Córdoba;SAN ALBERTO;Estatal;Urbano;20;20;20; ; ; ; ; ;56;34;24;4;3;50;10; ;14;11;27; ;8;4;2;1;0;4;3; ;2;0;2;1;9;7;2;6;3;12;2;2;4;18;8;9;10;7;2;17;1;18;17; ;1; ;11;8;15;10; ; ; ; ; 
Córdoba;SAN ALBERTO;Privado;Urbano;7;7;7; ; ; ; ; ;20;8;3;5;7;14;0; ;5;1;7; ;1;0;0;0;0;0;0; ;1;0;1;3; ; ;7;4;1;6; ;1; ;7;6;4;7;4; ; ;7;7;7; ; ; ;4;4;5;3; ;2;2;4; 
Córdoba;SAN JAVIER;Estatal;Rural;56;56;55; ;1; ; ; ;52;37;19;10;0;61;10; ;14;3;50; ;6;2;1;5;0;2;0; ;3;0;25;0;42;5;1;1;2;18;29;4;1;38;43;12;18;4;2;44;10;48;47;1; ; ;6;1;38;16; ; ; ; ; 
Córdoba;SAN JAVIER;Estatal;Urbano;41;41;41; ; ; ; ; ;83;45;26;36;2;62;18; ;21;7;51; ;12;1;0;0;0;1;0; ;1;0;8;1;36;4;1;7;4;24;8;6;2;37;37;21;23;13;1;32;8;37;36;1; ; ;20;10;36;17; ; ; ; ; 
Córdoba;SAN JAVIER;Privado;Urbano;13;13;13; ;1; ; ; ;169;17;8;5;24;50;16; ;8;0;26; ;1;4;0;0;0;0;1; ;0;1;1;1; ; ;13;2;4;8; ;3;4;13;9;6;10;8;1; ;12;13;10;2;1; ;8;8;11;8; ;3;3;4;2
Córdoba;SAN JUSTO;Estatal;Rural;172;172;169;2; ; ; ;3;244;161;94;119;7;204;62; ;70;16;155; ;12;7;6;23;0;5;4; ;7;1;6;3;115;49;4;16;4;59;98;22;15;117;161;61;94;39;9;145;18;159;159; ; ; ;52;19;134;46; ; ; ; ; 
Córdoba;SAN JUSTO;Estatal;Urbano;120;120;120; ;1;1; ; ;562;247;96;57;21;289;63; ;80;32;181; ;28;11;2;1;0;14;3; ;7;0;8;1;64;35;20;29;8;91;11;13;28;117;112;60;81;56;17;94;9;115;114;1; ; ;73;49;103;61; ; ; ; ; 
Córdoba;SAN JUSTO;Privado;Rural;8;8;8;1; ; ; ; ;44;12;8;48;4;21;0; ;25;0;11; ;0;2;1;0;0;1;0; ;1;0;0;0;1;2;5; ;1;6;1; ;2;8;8;7;7;4;1;5;2;8;5;3; ; ;2;2;7;4; ;1;1;7; 
Córdoba;SAN JUSTO;Privado;Urbano;57;57;57; ;1; ; ; ;424;130;72;92;43;193;19; ;29;11;127; ;12;8;3;0;3;12;0; ;4;0;9;3;1;1;55;10;16;42;3;12;15;57;56;43;51;49;10;7;40;56;41;15; ; ;50;48;47;38; ;14;14;21;6
Córdoba;SANTA MARIA;Estatal;Rural;73;73;73; ; ; ; ;1;84;71;31;4;5;85;16; ;32;7;67; ;8;0;2;0;1;2;2; ;0;0;2;0;58;10;1;7; ;24;45;7;3;55;62;19;31;9;5;49;19;60;58; ;1;1;13;1;52;20; ; ; ; ; 
Córdoba;SANTA MARIA;Estatal;Urbano;63;63;63; ; ; ; ; ;128;77;43;6;8;108;13; ;31;14;79; ;8;3;0;0;0;1;0; ;4;0;8;0;37;11;10;23;9;28;13;7;1;58;42;29;28;23;7;48;8;55;54; ; ;1;29;16;50;25; ; ; ; ; 
Córdoba;SANTA MARIA;Privado;Urbano;26;26;26; ;1; ; ; ;110;60;14;14;18;80;10; ;22;7;38; ;4;3;0;0;0;4;0; ;1;0;0;0; ;1;25;5;5;15;5;5; ;26;23;14;20;14;1; ;25;24;16;5;3; ;14;13;21;11; ;8;8;8; 
Córdoba;TERCERO ARRIBA;Estatal;Rural;39;39;38; ; ; ;1; ;48;38;21;5;2;49;10; ;22;1;37; ;4;3;1;0;0;3;1; ;2;0;3;0;27;11;1;6; ;15;23;6;5;33;38;19;26;19;4;29;6;36;32;1; ;3;22;7;32;10; ; ; ; ; 
Córdoba;TERCERO ARRIBA;Estatal;Urbano;81;81;81; ; ; ; ; ;255;101;58;44;16;166;35; ;47;18;118; ;21;7;4;1;0;8;1; ;4;0;6;6;47;30;4;27;6;55;12;7;17;78;72;47;57;40;8;69;4;73;71; ; ;2;47;32;70;42; ; ; ; ; 
Córdoba;TERCERO ARRIBA;Privado;Urbano;33;33;33;2; ; ; ; ;312;82;38;66;19;120;31; ;33;0;68; ;11;6;2;1;0;7;5; ;3;0;9;1; ;3;29;6;4;23;4;6;9;32;31;28;26;27;2;3;28;32;28;1;3; ;27;26;29;25; ;10;10;14;5
Córdoba;TOTORAL;Estatal;Rural;44;44;43; ;1; ; ; ;51;43;22;28;1;53;15; ;22;2;46; ;3;1;0;0;0;1;0; ;3;0;2;0;36;4;1;5;3;9;29;1;3;30;38;16;22;9;3;40;1;40;40; ; ; ;12; ;33;7; ; ; ; ; 
Córdoba;TOTORAL;Estatal;Urbano;6;6;6; ; ; ; ; ;14;9;5;1;0;21;1; ;2;5;6; ;0;0;0;0;0;0;0; ;0;0;0;0;6; ; ;2; ;1;5;2; ;6;5;3;4;3;2;2;2;6;6; ; ; ;2;2;6;4; ; ; ; ; 
Córdoba;TULUMBA;Estatal;Rural;49;49;45; ;3; ; ;1;48;42;23;9;1;46;20; ;20;5;41; ;2;1;0;0;0;1;0; ;1;0;0;0;42;3; ;3;1;6;34; ;5;28;42;17;23;10;2;43;4;45;45; ; ; ;9;2;33;14; ; ; ; ; 
Córdoba;UNION;Estatal;Rural;79;79;78;1; ; ; ;1;154;78;50;23;3;93;22; ;65;3;86; ;6;2;1;0;0;3;0; ;3;0;1;3;46;31;1;4;3;29;43;5;8;56;76;23;45;20;3;47;29;62;62; ; ; ;27;10;53;19; ; ; ; ; 
Córdoba;UNION;Estatal;Urbano;72;72;72;1;1; ; ; ;160;100;39;27;13;137;17; ;44;30;92; ;20;17;2;6;0;5;2; ;5;0;11;2;34;29;8;11;8;49;8;5;10;71;66;34;39;30;13;52;7;67;66;1; ; ;43;19;65;35; ; ; ; ; 
Córdoba;UNION;Privado;Rural;4;4;4; ; ; ; ; ;13;8;4;2;2;10;1; ;0;0;3; ;1;4;0;0;0;2;1; ;0;0;1;0; ;2;2; ;1;1;1; ;1;4;4;4;2;1;3;1; ;3;3; ; ; ;2;1;4;4; ; ; ;4; 
Córdoba;UNION;Privado;Urbano;38;38;38;1; ; ; ; ;291;106;46;48;57;178;16; ;63;9;79; ;12;8;9;9;1;17;1; ;7;0;18;0;1;3;34;4;4;29;2;10;5;38;37;33;34;30;13;3;22;37;36; ;1; ;30;24;36;27; ;10;11;15;9
Corrientes;BELLA VISTA;Estatal;Rural;48;48;46; ; ; ; ;2;23;29;13;2;2;33;9; ;16;3;26; ;3;1;1;0;0;4;0; ;1;0;1;0;35; ; ;2;4;19;11;2;3;24;31;8;13;7; ;41;7;28;28; ; ; ;12;4;20;10; ; ; ; ; 
Corrientes;BELLA VISTA;Estatal;Urbano;22;22;22; ; ; ; ; ;46;27;16;6;3;43;9; ;20;8;31; ;8;4;0;0;0;1;2; ;0;0;0;0;19; ;3;2; ;14;3;5;1;18;18;10;12;10;2;16;4;19;18; ; ;1;11;9;17;10; ; ; ; ; 
Corrientes;BELLA VISTA;Privado;Urbano;5;5;5; ; ; ; ; ;34;6;5;8;3;12;2; ;4;0;6; ;0;0;0;0;0;0;0; ;0;0;0;0;1; ;4;1; ;4;1;1;1;5;4;3;3;4;1; ;4;4;3;1; ; ;4;4;4;2; ;3;3;2; 
Corrientes;CAPITAL;Estatal;Rural;25;25;25; ; ; ; ; ;15;20;7;4;1;25;6; ;8;0;24; ;1;2;0;3;0;3;0; ;2;0;2;2;23; ; ; ; ;9;7;5;3;19;15;5;4;3; ;21;4;15;15; ; ; ;11;3;20;8; ; ; ; ; 
Corrientes;CAPITAL;Estatal;Urbano;188;188;188; ; ; ; ; ;293;258;97;44;48;383;96; ;95;25;260; ;26;18;10;7;2;25;7; ;15;5;17;4;175;3;4;18;19;97;36;33;27;172;141;82;87;74;16;130;42;124;123; ;1; ;81;64;139;101; ; ; ; ; 
Corrientes;CAPITAL;Privado;Urbano;58;58;58;1;2; ; ; ;205;275;59;231;70;226;23; ;34;6;94; ;8;9;7;9;2;13;2; ;1;0;5;0;1; ;57;16;5;39;6;10;8;57;43;32;43;36;3; ;55;41;24;10;5;2;39;32;51;35;1;17;15;14;3
Corrientes;CONCEPCION;Estatal;Rural;45;44;43; ;1; ; ; ;11;25;7;1;0;23;10; ;6;5;21; ;2;0;0;0;0;1;0; ;0;0;1;0;20; ; ;3; ;4;13;1;2;16;10;4;3;4;1;20;24;22;22; ; ; ;5;3;26;11; ; ; ; ; 
Corrientes;CONCEPCION;Estatal;Urbano;19;19;19; ; ; ; ; ;9;15;8;0;2;15;1; ;7;3;10; ;0;0;0;0;0;0;0; ;0;0;1;1;14;1; ;1;1;4;3;6;1;14;8;4;5;4;1;14;4;15;15; ; ; ;6;4;15;8; ; ; ; ; 
Corrientes;CURUZU CUATIA;Estatal;Rural;41;41;40; ;1; ; ; ;21;29;6;5;4;29;9; ;15;0;24; ;1;1;2;2;0;4;1; ;2;0;0;0;38; ; ;2; ;13;14;6;7;25;32;12;15;8;1;12;28;26;26; ; ; ;11;4;34;14; ; ; ; ; 
Corrientes;CURUZU CUATIA;Estatal;Urbano;33;33;32; ; ; ; ;1;66;27;15;3;2;44;13; ;16;12;26; ;4;5;2;0;0;5;1; ;1;2;2;1;26;2;1;2;1;16;7;4;3;26;23;7;17;10;2;22;9;19;18;1; ; ;13;10;26;12; ; ; ; ; 
Corrientes;CURUZU CUATIA;Privado;Urbano;8;8;8;1; ; ; ; ;33;11;4;2;2;23;3; ;6;0;9; ;0;0;0;0;2;2;0; ;1;0;1;0;2; ;6;2; ;4;2;1;4;8;6;5;5;5;1; ;7;3;2;1; ; ;5;5;6;6; ;4;4;5; 
Corrientes;EMPEDRADO;Estatal;Rural;44;44;44; ; ; ; ; ;14;25;8;5;0;23;10; ;18;1;20; ;0;1;0;3;0;0;0; ;1;0;2;1;36; ; ;2;1;17;16;1;3;23;24;6;14;3;1;18;25;31;31; ; ; ;5;2;24;7; ; ; ; ; 
Corrientes;EMPEDRADO;Estatal;Urbano;11;11;11; ; ; ; ; ;8;11;5;3;0;17;1; ;3;12;8; ;0;0;0;0;0;1;0; ;0;0;0;0;10; ; ; ;3;4;2;1; ;10;3;3;3;1;1;8;2;9;9; ; ; ;4;2;7;3; ; ; ; ; 
Corrientes;Enmascarado;Estatal;Rural;9;9;9; ; ; ; ; ;2;8;4;1;0;9;6; ;3;1;2; ;1;0;0;0;0;0;1; ;0;0;0;0;8; ; ;1; ;2;4; ;1;6;5; ;1; ;1;6;2;6;6; ; ; ;2;1;6;3; ; ; ; ; 
Corrientes;Enmascarado;Privado;Rural;17;17;17;8;4; ; ; ;23;22;9;2;4;31;9; ;4;2;18; ;1;2;1;0;0;3;1; ;0;0;1;0;6;3;6;1; ;1;8;4;2;15;11;7;7;5;10; ;7;13;13; ; ; ;8;2;15;8; ; ; ;15; 
Corrientes;Enmascarado;Privado;Urbano;19;19;19;2; ; ; ; ;49;28;19;10;8;47;15; ;9;0;26; ;4;3;4;1;1;6;3; ;2;0;11;0;1;1;17;3;3;11;2;3;2;19;11;8;12;13;3;2;14;8;7; ;1; ;12;11;15;11; ;9;8;8;3
Corrientes;ESQUINA;Estatal;Rural;77;77;68;1;11; ; ; ;28;38;11;5;1;49;21; ;17;0;41; ;1;0;1;0;0;1;1; ;1;0;2;0;47;1;3;3;1;7;29;12;6;28;43;8;16;6;1;40;36;19;18; ; ;1;14;4;39;18; ; ; ; ; 
Corrientes;ESQUINA;Estatal;Urbano;14;14;14; ; ; ; ; ;7;13;5;1;2;27;3; ;7;5;14; ;2;4;0;0;0;2;1; ;0;0;1;0;12; ;1; ;1;7;2;1;2;13;8;8;5;7;2;11;1;8;7; ;1; ;7;5;11;10; ; ; ; ; 
Corrientes;GENERAL ALVEAR;Estatal;Rural;12;12;12; ; ; ; ; ;5;8;3;3;1;4;1; ;5;0;4; ;0;0;0;0;0;0;0; ;0;0;0;0;11; ; ; ; ;2;7; ;2;8;7;2;3;1;1;2;9;10;10; ; ; ;2;1;3;1; ; ; ; ; 
Corrientes;GENERAL ALVEAR;Estatal;Urbano;10;10;10; ; ; ; ; ;8;9;3;2;0;7;4; ;4;2;9; ;1;2;0;0;0;0;0; ;0;0;1;1;10; ; ;1; ;1;5;5; ;7;8;1;2;1;1;2;7;5;5; ; ; ;4;1;6;3; ; ; ; ; 
Corrientes;GENERAL PAZ;Estatal;Rural;49;49;49; ; ; ;1; ;22;32;16;7;4;44;14; ;18;0;33; ;2;1;1;0;0;1;0; ;2;0;0;0;35; ;1;5; ;6;23;5;4;29;28;6;13;6; ;35;14;34;33; ; ;1;9;5;33;14; ; ; ; ; 
Corrientes;GENERAL PAZ;Estatal;Urbano;16;16;16;1;1; ; ; ;13;20;9;6;1;27;6; ;7;10;17; ;0;0;0;0;0;0;0; ;0;0;0;0;9; ;1; ;1;2;3;3;2;8;5;4;4;4;1;11;4;10;10; ; ; ;6;5;8;5; ; ; ; ; 
Corrientes;GOYA;Estatal;Rural;115;113;100;2;13; ; ; ;56;79;35;29;9;90;40; ;59;4;76; ;12;7;1;4;0;5;7; ;7;2;8;2;101; ; ;10;2;35;45;13;5;77;77;32;40;24;2;69;44;69;67;1; ;1;38;11;77;33; ; ; ; ; 
Corrientes;GOYA;Estatal;Urbano;37;37;37; ;1; ; ; ;45;47;26;7;6;87;13; ;28;5;45; ;12;4;0;0;2;2;2; ;5;2;4;2;32;1;4;4;2;23;5;7;6;35;31;20;24;15;3;33;1;26;26; ; ; ;20;11;32;20; ; ; ; ; 
Corrientes;GOYA;Privado;Urbano;7;7;7;1; ; ; ; ;49;16;10;7;8;40;1; ;2;1;21; ;1;0;0;0;0;1;1; ;0;0;1;0; ; ;7;3;2;4; ;1; ;7;6;5;5;6;1; ;6;3;1;1;1; ;6;6;6;5; ;5;5;6;2
Corrientes;ITATI;Estatal;Rural;15;15;15; ; ; ; ; ;6;11;6;0;0;14;0; ;9;2;8; ;1;1;1;0;0;1;0; ;1;2;1;0;10; ; ; ; ;1;9; ;1;10;7;4;3;3;1;6;8;7;7; ; ; ;4;2;10;6; ; ; ; ; 
Corrientes;ITATI;Estatal;Urbano;7;7;7; ; ; ; ; ;5;13;9;0;0;15;0; ;2;2;10; ;1;5;3;0;0;1;0; ;1;2;1;0;6; ; ; ; ;2;3;1; ;6;5;4;3;3;1;4;2;6;6; ; ; ;4;3;3;2; ; ; ; ; 
Corrientes;ITUZAINGO;Estatal;Rural;38;38;36; ;1; ; ;1;26;30;5;4;2;36;6; ;16;0;25; ;2;1;0;0;0;0;0; ;0;0;0;2;33; ; ; ; ;11;14;6;4;29;23;6;6;4; ;17;21;25;25; ; ; ;12;4;29;9; ; ; ; ; 
Corrientes;ITUZAINGO;Estatal;Urbano;25;25;25; ; ; ; ; ;15;34;12;2;2;51;9; ;20;9;26; ;2;4;1;0;0;5;0; ;0;0;1;0;21;2;1;2;2;10;6;8; ;24;15;11;10;11; ;21;4;22;21; ; ;1;13;9;23;13; ; ; ; ; 
Corrientes;LAVALLE;Estatal;Rural;62;62;56; ;1; ; ;5;23;46;14;7;3;55;20; ;27;1;30; ;3;5;1;0;1;8;3; ;1;0;4;0;46;1; ;4;2;9;32;2;4;36;38;13;17;9;2;37;23;34;34; ; ; ;18;4;34;13; ; ; ; ; 
Corrientes;LAVALLE;Estatal;Urbano;14;14;14; ; ; ; ; ;16;18;10;3;1;26;3; ;8;3;18; ;2;0;1;0;0;2;2; ;0;0;1;0;13;1; ; ; ;7;6; ;2;14;8;5;7;3; ;13;1;9;8; ;1; ;3;1;10;3; ; ; ; ; 
Corrientes;MBURUCUYA;Estatal;Rural;19;19;19; ; ; ; ; ;7;16;4;1;3;19;3; ;6;0;7; ;2;0;0;0;0;0;0; ;0;0;0;0;11; ; ;2; ;1;9;1;1;10;8;1;5;1; ;4;15;6;6; ; ; ;2; ;10;3; ; ; ; ; 
Corrientes;MBURUCUYA;Estatal;Urbano;10;10;10; ; ; ; ; ;5;10;5;1;0;16;6; ;3;7;8; ;2;1;0;0;0;0;0; ;0;0;1;0;5;1; ; ; ;2;3;1;1;6;3;2;1;3; ;5;5;5;5; ; ; ;5;3;9;3; ; ; ; ; 
Corrientes;MERCEDES;Estatal;Rural;27;27;25;1; ; ; ;1;15;26;9;2;1;33;7; ;11;0;18; ;4;0;1;0;0;4;0; ;3;0;2;0;25; ;2;2; ;2;18;7;1;22;22;8;13;4;1;7;19;20;20; ; ; ;6;4;24;11; ; ; ; ; 
Corrientes;MERCEDES;Estatal;Urbano;35;35;35; ; ; ; ; ;36;39;22;36;10;64;23; ;27;9;45; ;11;7;3;4;0;5;0; ;1;0;1;1;31;2;1;3;6;19;6;5;4;31;28;14;15;18;4;24;7;29;27; ; ;2;23;16;28;21; ; ; ; ; 
Corrientes;MERCEDES;Privado;Urbano;5;5;5; ; ; ; ; ;7;7;6;1;3;18;3; ;4;2;6; ;1;1;0;0;2;1;0; ;1;0;1;0; ; ;5;3; ;4;1; ;1;5;3;4;4;4; ;2;3;2;2; ; ; ;3;3;4;3; ;2;2;3; 
Corrientes;MONTE CASEROS;Estatal;Rural;34;34;32; ; ; ; ;2;16;27;8;26;1;24;12; ;19;1;21; ;2;1;0;0;0;1;1; ;2;0;2;0;30;1;2;1; ;14;7;7;6;15;24;5;15;7;1;24;9;19;19; ; ; ;13;3;25;7; ; ; ; ; 
Corrientes;MONTE CASEROS;Estatal;Urbano;27;27;27;1; ; ; ; ;35;26;16;14;5;52;16; ;21;16;30; ;6;4;2;0;0;2;3; ;1;0;2;2;21;3;3;2;1;14;7;3;3;25;20;15;14;15;4;23; ;22;22; ; ; ;17;14;19;14; ; ; ; ; 
Corrientes;PASO DE LOS LIBRES;Estatal;Rural;26;26;24;1;4; ; ; ;12;19;11;2;1;28;10; ;8;1;10; ;3;0;0;0;0;0;1; ;0;0;1;0;17; ;1; ;3;6;7;2;1;12;8;3;7;3;2;9;15;18;17; ; ;1;6;3;16;3; ; ; ; ; 
Corrientes;PASO DE LOS LIBRES;Estatal;Urbano;27;27;27; ; ; ; ; ;25;25;13;4;2;60;18; ;11;7;27; ;0;2;0;0;0;3;0; ;0;0;0;0;21;1;3;3;5;10; ;7;3;24;14;11;11;8;2;17;8;21;19;2; ; ;12;6;19;17; ; ; ; ; 
Corrientes;PASO DE LOS LIBRES;Privado;Urbano;9;9;9;1; ; ; ;1;9;8;8;33;6;25;5; ;3;0;15; ;1;2;0;10;0;2;0; ;1;0;2;2; ; ;9;5;2;6; ; ; ;9;6;2;5;3; ; ;9;3;1; ;2; ;4;3;5;1; ;3;3;2; 
Corrientes;SALADAS;Estatal;Rural;39;39;38; ;1; ; ; ;14;24;8;2;4;25;20; ;12;0;24; ;2;2;0;0;1;1;6; ;1;0;2;1;24; ; ;1;2;4;12;2;4;21;15;2;10;2; ;21;18;15;15; ; ; ;7;2;17;6; ; ; ; ; 
Corrientes;SALADAS;Estatal;Urbano;15;15;15;1; ; ; ; ;19;24;7;5;2;28;3; ;8;6;15; ;2;0;0;0;0;2;0; ;0;0;2;0;13;1;1;1;2;3;5;3;5;12;12;5;7;7;1;12;2;9;9; ; ; ;13;9;14;11; ; ; ; ; 
Corrientes;SAN COSME;Estatal;Rural;26;26;25; ;1; ; ; ;4;12;5;2;0;18;7; ;9;0;14; ;1;2;0;0;0;1;0; ;1;0;1;1;22;1; ; ; ;7;15;1; ;18;17;4;10;4;1;15;10;22;22; ; ; ;5;3;15;4; ; ; ; ; 
Corrientes;SAN COSME;Estatal;Urbano;19;19;19; ; ; ; ; ;13;16;5;1;2;16;8; ;9;1;14; ;2;1;0;0;0;1;1; ;1;0;0;1;15;2; ; ;1;8;6;2;2;10;11;3;3;4; ;10;9;15;15; ; ; ;6;2;9;6; ; ; ; ; 
Corrientes;SAN LUIS DEL PALMAR;Estatal;Rural;46;46;36; ;10; ; ; ;10;26;4;3;0;34;5; ;20;2;19; ;2;2;0;0;0;0;0; ;0;0;0;0;36; ; ; ; ;8;26;3; ;24;28;11;17;5; ;12;34;27;27; ; ; ;4;1;33;12; ; ; ; ; 
Corrientes;SAN LUIS DEL PALMAR;Estatal;Urbano;9;9;9; ; ; ; ; ;9;12;4;0;0;22;2; ;3;6;13; ;2;3;1;0;0;3;0; ;0;0;1;1;7; ; ; ;1;3;3; ;1;6;7;6;5;3;1;4;4;4;4; ; ; ;4;3;7;3; ; ; ; ; 
Corrientes;SAN MARTIN;Estatal;Rural;33;29;23;1;6; ; ; ;12;21;5;0;0;20;5; ;11;2;12; ;0;2;1;0;0;1;2; ;2;1;1;0;19;2;1;1; ;5;9;6;3;16;16;6;4;2;1;10;22;18;18; ; ; ;5;2;21;7; ; ; ; ; 
Corrientes;SAN MARTIN;Estatal;Urbano;9;9;9; ; ; ; ; ;2;10;1;0;0;14;2; ;6;5;8; ;1;0;0;0;0;0;0; ;1;0;0;0;9; ; ; ;1;5;1; ;2;8;7;2;5;4;1;5;3;7;7; ; ; ;3;2;5;2; ; ; ; ; 
Corrientes;SAN MIGUEL;Estatal;Rural;22;22;22; ; ; ; ; ;12;21;5;1;0;20;5; ;5;1;10; ;0;0;0;0;0;0;0; ;1;0;0;0;16; ; ; ;1;3;9;3; ;13;11;3;7;1; ;13;9;14;13;1; ; ;3;2;12;7; ; ; ; ; 
Corrientes;SAN MIGUEL;Estatal;Urbano;8;8;8; ; ; ; ; ;3;9;4;0;0;14;1; ;3;2;4; ;1;0;0;0;0;2;0; ;0;0;2;3;8; ; ; ;1;1;2;3;1;7;7;3;4;2; ;7;1;6;6; ; ; ;2;2;3;2; ; ; ; ; 
Corrientes;SAN ROQUE;Estatal;Rural;31;31;30;2;1; ; ; ;12;27;9;4;2;32;11; ;14;3;24; ;3;1;1;1;0;1;3; ;1;0;2;2;19; ;3;2;1;2;10;4;3;21;12;7;10;4; ;14;17;22;22; ; ; ;10;4;25;14; ; ; ; ; 
Corrientes;SAN ROQUE;Estatal;Urbano;16;16;16; ; ; ; ; ;16;16;7;3;2;25;6; ;8;2;13; ;2;0;3;1;0;1;0; ;0;0;1;0;15;1; ;1;1;4;6;3;5;14;11;5;6;5;2;11;3;11;11; ; ; ;5;4;11;8; ; ; ; ; 
Corrientes;SANTO TOME;Estatal;Rural;28;28;26; ;1; ; ;2;13;24;5;3;1;23;5; ;11;1;17; ;4;1;0;1;0;0;1; ;2;0;3;2;22; ; ;1;1;8;13;1; ;20;15;4;6;2;1;4;23;17;17; ; ; ;5;2;24;14; ; ; ; ; 
Corrientes;SANTO TOME;Estatal;Urbano;44;44;44; ;1; ; ; ;41;41;19;6;5;63;18; ;29;14;46; ;7;6;0;0;1;1;0; ;1;0;3;1;38; ;4;2;5;31;3;4;6;38;30;17;16;16;6;21;17;33;33; ; ; ;19;15;40;25; ; ; ; ; 
Corrientes;SANTO TOME;Privado;Urbano;14;14;14;2; ; ; ; ;57;22;7;9;14;28;4; ;6;0;25; ;0;1;0;0;0;0;0; ;1;0;0;0; ; ;13;4;2;3;5;1;2;13;8;5;6;10;2; ;12;10;3;5;2; ;11;9;12;9; ;8;7;6;3
Corrientes;SAUCE;Estatal;Rural;22;22;21; ;1; ; ; ;2;10;7;2;2;14;3; ;10;0;15; ;0;1;0;0;0;1;0; ;1;0;1;0;17; ;1; ; ; ;12;6;1;9;11;2;10;4; ;11;11;6;6; ; ; ;5;3;14;2; ; ; ; ; 
Corrientes;SAUCE;Estatal;Urbano;12;12;12; ; ; ; ; ;7;15;4;1;1;12;8; ;6;5;8; ;0;0;0;0;0;2;0; ;0;0;0;0;9; ;2; ;1;4;4; ;3;9;3;3;6;2; ;10;2;1;1; ; ; ;4;3;6;3; ; ; ; ; 
Entre Ríos;COLON;Estatal;Rural;35;35;35; ;1; ; ; ;22;36;22;17;2;43;15; ;12;4;26; ;3;4;1;0;0;3;1; ;0;0;2;0;8;20;3;3;3;9;10;7;2;25;25;6;12;1;4;23;8;20;19; ; ;1;7;2;21;5; ; ; ; ; 
Entre Ríos;COLON;Estatal;Urbano;41;41;40;1; ; ; ;1;41;62;33;5;5;93;18; ;30;10;59; ;6;2;5;0;0;8;0; ;2;1;4;2;17;15;9;9;3;26;7;7;5;40;31;22;20;12;9;21;11;36;36; ; ; ;17;4;33;21; ; ; ; ; 
Entre Ríos;COLON;Privado;Urbano;10;10;10; ; ; ; ; ;26;13;13;2;6;27;5; ;5;0;20; ;3;2;0;0;0;2;0; ;1;0;0;0; ;1;9;4;1;7; ;4;2;10;8;7;8;6;2; ;8;9;8; ; ;1;5;5;7;6;2;6;3;4; 
Entre Ríos;CONCORDIA;Estatal;Rural;39;39;39; ; ; ; ; ;30;32;17;2;3;49;21; ;18;1;30; ;4;6;1;3;0;2;1; ;3;1;4;0;8;11;11;2; ;17;8;4;1;27;20;15;11;1;5;9;25;23;23; ; ; ;11;1;28;15; ; ; ; ; 
Entre Ríos;CONCORDIA;Estatal;Urbano;97;97;97; ; ; ; ; ;105;111;64;40;16;199;42; ;68;6;121; ;42;27;7;3;1;29;8; ;16;3;22;6;42;16;32;14;13;48;9;17;9;89;64;61;51;31;15;25;57;86;83;1; ;2;42;24;77;66; ; ; ; ; 
Entre Ríos;CONCORDIA;Privado;Urbano;48;48;48; ; ; ; ; ;231;55;43;79;31;129;15; ;33;2;72; ;4;4;2;4;0;3;0; ;3;0;1;0; ;2;46;15;9;37;6;3;8;48;39;19;36;16; ; ;48;34;26;4;1;3;15;12;29;21;1;21;23;16;3
Entre Ríos;DIAMANTE;Estatal;Rural;44;44;44; ; ; ; ; ;26;43;21;11;1;62;23; ;19;1;28; ;1;1;1;0;0;5;2; ;1;0;1;0;11;21;5;2; ;15;16;5;3;27;31;8;13;5;10;16;18;36;35;1; ; ;14;1;28;5; ; ; ; ; 
Entre Ríos;DIAMANTE;Estatal;Urbano;36;36;35; ; ; ;1; ;23;43;29;5;5;65;13; ;16;6;27; ;8;4;6;0;0;7;1; ;2;0;3;1;12;7;15;4;3;17;2;9;6;34;25;18;12;8;11;7;18;26;25; ;1; ;13;4;25;14; ; ; ; ; 
Entre Ríos;DIAMANTE;Privado;Rural;4;4;4; ; ; ; ; ;2;3;2;0;0;4;4; ;0;0;3; ;0;0;0;0;0;0;0; ;0;0;0;0; ;1;3; ; ;1;1;1;1;4;2; ;2; ;1; ;3;3;3; ; ; ;1;1;3;2; ;2;3;1; 
Entre Ríos;DIAMANTE;Privado;Urbano;14;14;14;1; ; ; ; ;35;27;18;8;8;38;1; ;9;1;18; ;4;5;4;0;0;4;0; ;0;0;1;0; ; ;14;5; ;3;4;4; ;14;13;11;11;9; ;2;12;11;6;1;4; ;8;6;12;10;1;5;5;5;2
Entre Ríos;Enmascarado;Privado;Rural;8;8;8;1; ; ; ; ;3;4;2;1;0;4;0; ;3;0;6; ;0;0;1;0;0;1;0; ;1;0;0;0; ;1;6; ; ;1;5; ;2;5;6;1; ;1;1;1;6;5;5; ; ; ;2;1;5;3; ;4;5;2; 
Entre Ríos;Enmascarado;Privado;Urbano;13;13;13; ; ; ; ; ;33;14;12;5;5;27;9; ;4;0;15; ;3;2;1;0;0;2;0; ;0;0;0;1; ; ;13;1;1;9;1;1; ;13;6;8;8;2;2;1;10;6;6; ; ; ;2;1;11;7;2;8;7;4;1
Entre Ríos;FEDERACION;Estatal;Rural;56;56;53; ; ; ; ;3;40;52;24;5;1;69;25; ;20;3;51; ;8;8;3;1;0;4;3; ;1;0;2;1;6;24;7;2; ;13;12;8;7;31;31;16;18;4;6;40;10;29;28; ; ;1;12;4;37;16; ; ; ; ; 
Entre Ríos;FEDERACION;Estatal;Urbano;46;46;46; ; ; ; ; ;46;39;23;9;4;92;10; ;26;9;40; ;14;6;0;0;0;4;1; ;3;0;4;6;20;13;8;8;3;22;7;8;5;38;30;23;16;7;10;24;12;28;26;1;1; ;9;6;36;25; ; ; ; ; 
Entre Ríos;FEDERACION;Privado;Urbano;15;15;15; ; ; ; ; ;25;15;12;5;9;39;3; ;9;0;25; ;10;7;1;1;0;4;0; ;3;0;1;0;5;1;9;3;1;9;5;1;1;15;11;13;9;7;1;2;12;15;14;1; ; ;6;5;14;12; ;8;8;6;1
Entre Ríos;FEDERAL;Estatal;Rural;47;47;47; ; ; ; ; ;26;34;9;7;0;45;9; ;12;1;26; ;4;4;1;0;0;2;2; ;0;0;0;1;3;3;6;1; ;1;6;4;1;8;9;2;7;1;1;6;40;23;23; ; ; ;11;1;26;3; ; ; ; ; 
Entre Ríos;FEDERAL;Estatal;Urbano;26;26;26; ; ; ; ; ;21;19;13;1;1;40;13; ;14;3;18; ;7;7;2;2;0;5;3; ;3;0;3;4;9;4;7; ; ;8;9;3;1;20;14;15;9;10;6;6;14;12;12; ; ; ;13;5;17;13; ; ; ; ; 
Entre Ríos;FELICIANO;Estatal;Rural;25;25;25;1; ; ; ; ;12;25;6;0;0;28;6; ;6;0;17; ;3;1;1;0;0;3;1; ;2;0;2;0;6;2;3;2; ;2;6;2;1;10;7;2;3;2;1;7;17;10;9;1; ; ;7;1;16;5; ; ; ; ; 
Entre Ríos;FELICIANO;Estatal;Urbano;14;14;14; ; ; ; ; ;7;10;2;1;0;21;9; ;7;0;17; ;4;3;1;0;0;4;1; ;0;0;1;0;7;1;5;1;1;4;4;4;1;13;10;7;7;4;1;4;9;11;11; ; ; ;2; ;10;6; ; ; ; ; 
Entre Ríos;GUALEGUAY;Estatal;Rural;38;37;37; ; ; ; ; ;10;32;12;13;0;39;6; ;14;2;28; ;0;3;0;0;0;2;1; ;0;0;3;90;6;13;9;1; ;14;10;4; ;13;26;5;12;2;10;8;20;16;15; ; ;1;8;1;22;4; ; ; ; ; 
Entre Ríos;GUALEGUAY;Estatal;Urbano;38;38;38; ; ; ; ; ;17;32;21;20;1;52;15; ;19;7;27; ;11;11;4;3;0;8;5; ;5;1;5;4;19;6;10;5;6;15;7;7;1;35;23;19;19;9;10;16;12;28;28; ; ; ;15;8;32;22; ; ; ; ; 
Entre Ríos;GUALEGUAY;Privado;Urbano;9;9;9; ; ; ; ; ;15;18;6;24;1;26;1; ;1;0;11; ;1;8;2;0;0;2;0; ;0;0;2;0; ; ;9;1; ;6;1;1;2;9;8;5;6;3; ; ;9;8;6;1;1; ;2;2;7;5; ;4;4;3;2
Entre Ríos;GUALEGUAYCHU;Estatal;Rural;74;74;74; ; ; ; ;3;22;64;26;8;1;78;23; ;26;2;39; ;1;5;1;1;0;5;1; ;1;0;1;0;17;26;10;2; ;17;19;10;6;27;44;15;22;7;10;41;23;45;43;1; ;1;18;4;45;15; ; ; ; ; 
Entre Ríos;GUALEGUAYCHU;Estatal;Urbano;57;57;56; ; ; ; ;1;44;81;38;7;9;112;20; ;37;12;62; ;18;16;6;1;0;15;4; ;5;0;7;3;35;6;13;9;12;23;8;7;1;53;44;39;31;23;24;21;12;48;48; ; ; ;27;11;51;33; ; ; ; ; 
Entre Ríos;GUALEGUAYCHU;Privado;Urbano;48;48;48; ; ; ; ; ;164;86;41;27;21;114;17; ;24;0;70; ;6;7;2;3;0;4;0; ;3;0;3;0; ;1;47;11;8;36;7;1;6;48;37;18;29;13;1;1;46;35;31; ;3;1;14;7;30;19;2;19;16;17;4
Entre Ríos;ISLAS DEL IBICUY;Estatal;Rural;31;31;29; ;2; ; ; ;25;28;12;1;1;39;9; ;12;2;24; ;3;6;1;0;0;2;4; ;3;0;3;0;6;5;5; ; ;7;6;3;1;14;7;8;4;2;3;10;18;19;19; ; ; ;7;3;26;19; ; ; ; ; 
Entre Ríos;ISLAS DEL IBICUY;Estatal;Urbano;6;6;6; ; ; ; ; ;3;5;4;2;0;12;1; ;3;4;5; ;1;1;0;0;0;0;0; ;1;0;0;0;3;1;1; ; ;5; ; ; ;5;2;1;3;1;1;3;2;4;3;1; ; ;1; ;5;1; ; ; ; ; 
Entre Ríos;LA PAZ;Estatal;Rural;81;81;80;2;1; ; ; ;49;74;31;5;0;88;26; ;21;4;51; ;7;6;3;1;0;3;2; ;1;0;1;1;13;9;17;4; ;8;22;7;3;33;28;9;20;4;5;21;55;33;30;3; ; ;19;3;50;12; ; ; ; ; 
Entre Ríos;LA PAZ;Estatal;Urbano;42;42;42; ; ; ; ; ;25;51;32;39;2;64;10; ;22;5;37; ;6;2;1;0;0;10;2; ;2;0;3;0;20;10;10;7;3;25;3;5;1;34;20;17;11;11;6;12;24;32;29;2;1; ;15;7;32;20; ; ; ; ; 
Entre Ríos;LA PAZ;Privado;Urbano;18;18;18; ; ; ; ; ;39;17;12;1;4;39;3; ;12;2;29; ;6;2;1;1;0;1;1; ;2;0;2;0; ; ;18;6;1;11;1;2;2;18;8;10;7;6; ; ;18;15;11;3;1; ;7;5;14;12; ;8;8;8;2
Entre Ríos;NOGOYA;Estatal;Rural;85;85;84; ; ; ; ;1;37;64;17;5;3;94;27; ;22;8;47; ;4;1;0;0;0;1;1; ;1;0;1;1;5;13;18;4;1;7;13;10;4;27;32;10;13;5;11;17;57;38;38; ; ; ;28;6;45;11; ; ; ; ; 
Entre Ríos;NOGOYA;Estatal;Urbano;24;24;24; ; ; ; ; ;11;28;10;4;3;47;8; ;13;4;20; ;5;3;1;1;0;2;1; ;3;0;0;0;6;1;8;4; ;9;2;3;2;15;9;8;5;6;6;6;12;17;15;1; ;1;11;7;19;12; ; ; ; ; 
Entre Ríos;NOGOYA;Privado;Urbano;16;16;16; ; ; ; ; ;16;15;15;8;2;29;8; ;9;0;14; ;3;0;0;0;0;1;1; ;3;1;0;0; ;1;15;6;3;11;1;3;1;15;7;8;11;8;2;1;13;13;13; ; ; ;8;8;11;10;2;7;5;6;2
Entre Ríos;PARANA;Estatal;Rural;93;93;92;3;1; ; ;1;57;93;29;4;11;131;29; ;43;5;69; ;8;11;1;0;0;7;1; ;4;0;10;1;32;24;22;2;2;26;25;18;10;60;62;25;28;12;13;32;48;61;55;4; ;2;27;3;68;27; ; ; ; ; 
Entre Ríos;PARANA;Estatal;Urbano;200;200;199; ; ; ; ;1;146;218;114;45;38;376;68; ;125;32;175; ;54;32;10;8;1;19;7; ;16;3;12;6;112;18;49;29;12;94;37;40;9;170;127;105;81;66;40;60;100;166;156;5;3;2;88;46;168;112; ; ; ; ; 
Entre Ríos;PARANA;Privado;Rural;4;4;4; ; ; ; ; ;3;2;2;2;0;6;3; ;2;0;4; ;0;0;0;1;0;0;0; ;1;0;0;0; ; ;4;1; ;2;2;1; ;4;3;1;2; ; ;2;2;4;2;1;1; ; ; ;3;2; ;2;3;1; 
Entre Ríos;PARANA;Privado;Urbano;141;141;140;1; ; ; ;1;375;239;121;244;80;324;74; ;115;11;207; ;26;18;7;5;0;21;4; ;5;0;9;0; ;4;136;31;18;95;14;8;25;140;106;82;92;79;4;9;128;113;87;14;8;4;81;62;113;78;7;59;59;50;10
Entre Ríos;SAN SALVADOR;Estatal;Rural;16;16;16;1; ; ; ; ;7;15;6;3;1;18;5; ;3;1;6; ;2;0;0;0;0;0;0; ;0;0;0;0;1;6;2; ; ;2;7;1;1;4;7;2;1; ;2;5;9;10;9;1; ; ;2; ;13;3; ; ; ; ; 
Entre Ríos;SAN SALVADOR;Estatal;Urbano;14;14;14; ; ; ; ; ;9;19;8;1;1;20;4; ;6;2;10; ;3;3;1;1;0;2;2; ;2;0;2;0;5;3;5;1; ;7;2;3;3;13;8;3;5;4;3;4;7;9;9; ; ; ;6;4;10;8; ; ; ; ; 
Entre Ríos;TALA;Estatal;Rural;34;34;33; ; ; ; ;1;15;31;7;4;0;40;12; ;6;0;24; ;0;0;0;0;0;0;0; ;0;0;0;0;1;3;10;1; ;2;6;3;2;10;13;3;3;2;6;3;25;17;17; ; ; ;6; ;14;2; ; ; ; ; 
Entre Ríos;TALA;Estatal;Urbano;29;29;29; ; ; ; ; ;22;34;24;5;4;55;19; ;14;10;21; ;6;4;3;1;0;4;3; ;2;0;2;12;12;5;7;3;4;7;3;6;3;24;13;16;10;9;7;8;14;20;20; ; ; ;12;6;20;13; ; ; ; ; 
Entre Ríos;TALA;Privado;Urbano;7;7;7; ; ; ; ; ;7;6;4;3;1;15;5; ;1;0;6; ;3;0;0;0;0;2;0; ;0;0;0;0; ; ;7;1; ;4;1; ;3;7;3;5;6;5; ; ;7;2;1;1; ; ;5;4;7;6; ;3;3;3;1
Entre Ríos;URUGUAY;Estatal;Rural;71;70;68; ; ; ; ;3;30;63;31;7;3;82;9; ;31;2;47; ;10;5;1;0;0;8;0; ;1;0;6;1;10;31;10;6;3;13;18;11;9;42;45;23;21;8;13;33;25;44;39;3; ;2;15; ;43;14; ; ; ; ; 
Entre Ríos;URUGUAY;Estatal;Urbano;58;58;58; ; ; ; ; ;43;60;45;12;6;104;19; ;43;15;57; ;12;8;0;1;0;8;1; ;6;5;3;1;34;7;16;11;8;25;10;10;6;55;43;31;28;20;7;32;19;47;44;2; ;1;23;12;48;36; ; ; ; ; 
Entre Ríos;URUGUAY;Privado;Rural;5;5;5; ; ; ; ; ;16;5;6;2;2;10;2; ;1;0;4; ;0;0;1;1;0;4;0; ;0;0;0;0; ;1;4; ; ;4;2; ; ;5;3;3;3;1; ;1;4;4;3;1; ; ;2;1;5;4; ;3;3;2; 
Entre Ríos;URUGUAY;Privado;Urbano;25;25;25; ; ; ; ; ;80;26;30;21;12;50;8; ;12;1;47; ;5;1;2;1;0;4;3; ;2;0;2;0; ; ;25;6;6;13;5;3;6;25;20;18;18;13; ;1;24;22;17;2;2;1;14;11;22;17;1;13;11;10;2
Entre Ríos;VICTORIA;Estatal;Rural;50;49;28;3;18; ; ;2;34;42;8;5;0;44;21; ;13;0;27; ;0;2;0;0;0;1;1; ;2;0;0;0;19;8;11; ;1;12;25; ;3;16;32;8;21;6;1;6;43;29;29; ; ; ;5; ;21;2; ; ; ; ; 
Entre Ríos;VICTORIA;Estatal;Urbano;30;30;30; ; ; ; ; ;19;29;8;1;2;34;8; ;13;3;30; ;2;4;0;0;0;3;2; ;1;0;4;3;11; ;11;6;4;4;2;8;2;21;12;11;4;4;5;5;20;24;24; ; ; ;8;4;21;15; ; ; ; ; 
Entre Ríos;VICTORIA;Privado;Urbano;8;8;8; ; ; ; ; ;27;11;4;1;1;19;4; ;4;0;7; ;2;0;1;0;0;3;1; ;2;0;1;0; ; ;8;5; ;2; ;2;1;8;5;3;2;3;1; ;7;6;5;1; ; ;5;3;6;5;1;3;3;3;2
Entre Ríos;VILLAGUAY;Estatal;Rural;87;87;82; ; ; ;2;3;46;65;27;4;0;78;25; ;23;2;49; ;6;2;0;0;0;1;0; ;1;0;1;0;5;7;24;3;1;10;16;7;3;25;20;6;13;1;10;19;58;32;31;1; ; ;17;2;40;12; ; ; ; ; 
Entre Ríos;VILLAGUAY;Estatal;Urbano;35;35;35; ; ; ; ; ;30;35;14;8;2;50;17; ;13;1;28; ;13;9;4;2;0;5;3; ;2;1;3;2;6;4;21;9;1;17;2;4;5;29;17;17;10;8;4;13;18;19;19; ; ; ;10;5;21;19; ; ; ; ; 
Entre Ríos;VILLAGUAY;Privado;Urbano;10;10;10; ; ; ; ; ;14;6;4;0;1;15;5; ;5;2;9; ;2;1;0;0;0;2;1; ;0;0;0;0; ; ;10;3;2;4;2;5;1;10;5;3;4;2; ; ;10;3;3; ; ; ;3;2;5;3; ;3;3;4;2
Formosa;BERMEJO;Estatal;Rural;113;102;88;13;1; ; ;1;19;22;13;3;0;61;2; ;25;3;29; ;1;1;1;1;0;1;0; ;2;0;1;0;89; ; ;3;2;12;49;23;8;48;72;9;28;7;8;37;68;93;93; ; ; ;7;2;29;8; ; ; ; ; 
Formosa;BERMEJO;Estatal;Urbano;9;9;9; ; ; ; ; ;2;3;1;5;0;8;1; ;5;0;5; ;0;0;0;0;0;0;0; ;0;0;0;0;8; ; ; ; ;1;4;3;2;7;5;1;1;2;2;3;4;9;9; ; ; ;3;3;4;3; ; ; ; ; 
Formosa;Enmascarado;Estatal;Urbano;10;10;10; ; ; ; ; ;3;2;1;1;0;8;0; ;4;0;4; ;0;0;0;0;0;0;0; ;0;0;0;0;10; ; ;1; ;1;3;5; ;10;6;3;4;2; ;3;7;9;9; ; ; ;3;1;4;3; ; ; ; ; 
Formosa;Enmascarado;Privado;Rural;5;5;5; ; ; ; ; ;6;2;0;0;1;2;1; ;3;0;4; ;0;0;0;0;0;0;0; ;0;0;0;0;3; ;1;1; ;1;1;2;1;3;2;1;2;2; ;2;3;3;3; ; ; ;1; ;2;1; ;3;2;3; 
Formosa;Enmascarado;Privado;Urbano;10;10;10; ; ; ; ; ;10;4;1;1;1;13;1; ;2;0;9; ;0;0;0;0;0;0;1; ;0;0;0;0;7; ; ;1; ;3;3;2;1;7;1;2;4;1; ;1;9;4;4; ; ; ;4;3;5;5;3;7;5;3;1
Formosa;FORMOSA;Estatal;Rural;40;39;37; ;1; ; ;1;15;27;7;5;0;32;11; ;20;1;20; ;5;5;1;0;0;4;2; ;4;1;5;3;31; ;1;5;1;14;16;6;2;24;27;11;17;11;6;8;26;35;35; ; ; ;14;8;20;11; ; ; ; ; 
Formosa;FORMOSA;Estatal;Urbano;166;166;166;2; ; ; ;1;147;158;100;33;5;300;52; ;101;13;181; ;21;12;4;5;0;12;6; ;10;0;10;7;163; ; ;7;7;89;26;58;20;157;142;112;104;74;38;50;78;159;159; ; ; ;69;55;139;114; ; ; ; ; 
Formosa;FORMOSA;Privado;Urbano;47;47;47; ; ; ; ; ;78;44;15;25;24;68;15; ;18;1;44; ;2;3;3;10;0;3;2; ;4;0;1;0;13;3;25;12;3;18;2;10;10;32;23;15;29;13;1; ;46;31;29;1;1; ;12;10;26;17;11;27;9;8;2
Formosa;LAISHI;Estatal;Rural;45;45;44; ; ; ; ;1;23;25;8;4;0;38;8; ;22;1;23; ;4;5;1;2;0;2;0; ;2;0;0;1;36; ; ; ; ;8;16;7;7;31;32;9;18;8;9;8;28;33;33; ; ; ;6;2;16;8; ; ; ; ; 
Formosa;LAISHI;Estatal;Urbano;14;14;14; ; ; ; ; ;8;11;3;2;0;17;4; ;13;1;14; ;3;1;0;1;0;2;0; ;0;0;1;2;13; ;1; ; ;4;5;4;2;14;13;9;8;2;4;1;9;12;12; ; ; ;5;2;9;8; ; ; ; ; 
Formosa;MATACOS;Estatal;Rural;30;8;1;6;1; ; ; ;0;2;1;0;0;4;0; ;1;0;0; ;1;0;0;0;0;0;0; ;0;0;0;0;3; ; ; ; ;2;1; ; ;1;2; ; ; ;1;9;20;30;30; ; ; ;2; ;2; ; ; ; ; ; 
Formosa;MATACOS;Estatal;Urbano;21;20;20; ; ; ; ; ;1;7;3;2;0;18;2; ;11;0;9; ;3;1;0;0;0;0;0; ;2;0;0;1;18; ; ;2; ;4;9;2;2;15;16;9;12;9;3;8;10;21;21; ; ; ;5;4;10;8; ; ; ; ; 
Formosa;PATIÑO;Estatal;Rural;213;170;164;5; ; ; ;1;49;70;42;15;1;128;35; ;72;5;66; ;3;5;3;1;0;7;0; ;5;1;3;2;129;2; ;10;3;22;56;30;20;86;120;29;55;18;30;44;137;193;193; ; ; ;28;11;70;30; ; ; ; ; 
Formosa;PATIÑO;Estatal;Urbano;89;89;89; ; ; ; ; ;27;54;22;27;0;103;16; ;54;5;56; ;1;2;2;1;0;12;2; ;6;0;3;3;81; ; ; ;2;14;27;27;14;67;66;28;33;20;21;29;39;81;81; ; ; ;25;13;43;25; ; ; ; ; 
Formosa;PILAGAS;Estatal;Rural;64;63;63; ; ; ; ; ;22;26;13;11;0;51;12; ;24;2;39; ;3;2;0;0;0;2;0; ;3;1;1;1;47; ;1;3; ;4;25;14;5;32;41;9;12;8;12;13;39;51;51; ; ; ;10;7;27;12; ; ; ; ; 
Formosa;PILAGAS;Estatal;Urbano;18;18;18; ; ; ; ; ;7;11;6;0;0;27;6; ;8;1;18; ;6;0;0;0;0;0;1; ;1;0;3;0;17; ; ;2; ;5;9;1;2;16;16;6;10;2;5;5;8;18;18; ; ; ;3; ;17;6; ; ; ; ; 
Formosa;PILCOMAYO;Estatal;Rural;94;89;88; ; ; ; ;1;33;47;16;17;0;66;16; ;32;0;47; ;2;1;0;0;0;3;0; ;1;1;3;1;61;1; ;1; ;12;33;16;2;45;55;23;25;14;12;24;58;75;75; ; ; ;16;8;58;19; ; ; ; ; 
Formosa;PILCOMAYO;Estatal;Urbano;66;66;66; ; ; ; ; ;49;66;32;7;0;115;41; ;46;7;66; ;5;3;0;0;0;4;3; ;7;0;5;2;57;1;4;5;3;19;15;20;7;58;54;28;26;20;10;29;27;58;58; ; ; ;17;11;54;32; ; ; ; ; 
Formosa;PILCOMAYO;Privado;Urbano;13;13;13; ; ; ; ; ;6;7;3;3;4;31;1; ;1;2;16; ;1;0;0;1;0;1;0; ;0;0;1;1;1;1;6;1;3;3;1;1;3;8;2;1;2;4;1; ;12;6;6; ; ; ;5;4;6;2;4;7;3;4;2
Formosa;PIRANE;Estatal;Rural;155;147;147; ; ; ; ; ;52;59;25;6;2;119;28; ;49;7;72; ;2;4;3;10;0;8;3; ;3;1;3;1;109; ;2;2; ;12;80;12;11;81;89;20;44;14;32;31;90;148;148; ; ; ;29;6;63;25; ; ; ; ; 
Formosa;PIRANE;Estatal;Urbano;68;68;68; ; ; ; ; ;30;54;35;28;1;94;12; ;34;13;54; ;11;5;3;1;0;10;2; ;4;1;8;3;60; ;2;5;1;17;25;12;6;49;52;29;31;29;25;14;29;67;67; ; ; ;32;18;46;31; ; ; ; ; 
Formosa;PIRANE;Privado;Urbano;10;10;10; ; ; ; ; ;9;5;2;1;4;11;2; ;2;0;7; ;0;0;0;0;0;0;0; ;0;0;0;0;2; ;4;1;2;1;2; ;1;4;5;1;1;2;2; ;8;4;3; ;1; ;1;1;5;3;4;6;4;3; 
Formosa;RAMON LISTA;Estatal;Rural;102;95;94;2;1;1;1;1;14;33;9;3;6;53;6; ;25;3;34; ;3;1;2;0;0;3;0; ;0;0;1;0;64; ; ;4;3;4;28;22;8;52;41;17;18;9;1;66;34;95;94;1; ; ;12;4;42;18; ; ; ; ; 
Jujuy;COCHINOCA;Estatal;Rural;37;37;34; ;6; ; ;2;31;64;7;8;0;48;5; ;24;0;27; ;5;11;1;0;0;2;1; ;2;0;4;1;27; ;2;1; ;5;24; ; ;14;9;3;15;4;4;13;20;37;37; ; ; ;12;4;28;14; ; ; ; ; 
Jujuy;COCHINOCA;Estatal;Urbano;13;13;13; ;1; ; ; ;13;35;2;0;0;23;0; ;5;7;9; ;5;3;0;0;0;0;0; ;0;0;0;0;6; ;3;2; ;4; ;3; ;7;6;5;3;8;4;7;2;13;12; ; ;1;9;3;12;6; ; ; ; ; 
Jujuy;DOCTOR MANUEL BELGRANO;Estatal;Rural;22;22;22; ;1; ; ; ;15;52;9;2;0;38;1; ;18;0;22; ;5;3;0;0;0;2;0; ;0;0;0;0;15;2;2;2; ;8;8;1;1;19;13;9;5;4;4;7;11;22;22; ; ; ;9;4;18;16; ; ; ; ; 
Jujuy;DOCTOR MANUEL BELGRANO;Estatal;Urbano;166;166;166; ;2; ; ; ;176;419;60;42;12;410;23; ;101;37;194; ;27;26;1;2;0;11;2; ;8;1;9;9;92;3;48;32;19;84;5;23;19;141;94;64;67;51;50;62;54;152;151;1; ; ;76;50;130;86; ; ; ; ; 
Jujuy;DOCTOR MANUEL BELGRANO;Privado;Urbano;73;73;73;5; ; ; ; ;160;156;96;111;43;276;19; ;31;9;102; ;10;5;3;4;0;6;0; ;2;1;4;1; ; ;73;22;12;47; ;7;13;72;55;31;44;35;3; ;70;57;47;2;7;1;37;36;45;30;7;17;11;10;4
Jujuy;EL CARMEN;Estatal;Rural;27;27;27; ;5; ; ; ;26;55;6;7;1;40;1; ;22;1;25; ;0;1;0;0;0;0;0; ;3;0;0;0;5;1;10; ;1;8;4;2;1;15;7;3;8;4;6;12;9;27;27; ; ; ;8;4;18;10; ; ; ; ; 
Jujuy;EL CARMEN;Estatal;Urbano;62;62;62; ;2; ; ; ;82;144;25;173;4;154;13; ;44;17;75; ;18;19;2;1;0;7;0; ;2;3;9;8;20;6;26;13;5;32;2;4;5;49;28;19;19;15;15;33;14;60;60; ; ; ;24;13;46;35; ; ; ; ; 
Jujuy;EL CARMEN;Privado;Urbano;9;9;9; ; ; ; ; ;11;11;10;1;3;40;2; ;3;0;12; ;2;2;1;0;0;3;2; ;0;0;2;0; ;1;8;3;2;6; ; ;1;9;4;4;3;4; ; ;9;9;8; ;1; ;4;3;6;5;1;4;4;5;1
Jujuy;Enmascarado;Privado;Rural;3;3;3; ; ; ; ; ;2;2;2;0;0;2;1; ;1;0;4; ;0;0;0;0;0;0;0; ;0;0;0;0; ; ;3; ; ;2; ;1; ;3;1; ;2; ; ; ;3;2;2; ; ; ; ; ;1;1;1;1; ; ; 
Jujuy;Enmascarado;Privado;Urbano;10;10;10; ; ; ; ; ;10;18;9;22;4;44;3; ;3;1;11; ;2;6;0;14;1;0;0; ;0;0;1;0; ; ;8;1; ;3; ;3;2;8;7;5;5;4; ; ;10;8;8; ; ; ;4;3;8;5;3;7;3;2;1
Jujuy;HUMAHUACA;Estatal;Rural;43;43;37; ;11; ; ; ;31;71;5;14;0;49;6; ;33;0;27; ;6;5;0;0;0;0;0; ;2;0;5;5;29; ; ;1; ;7;23; ; ;15;19;3;6;4;3;11;29;42;42; ; ; ;10;7;33;12; ; ; ; ; 
Jujuy;HUMAHUACA;Estatal;Urbano;17;17;17; ; ; ; ; ;15;35;2;2;0;30;2; ;12;9;13; ;4;0;0;0;0;1;0; ;0;0;0;0;4;1;4;2; ;3;1;2;2;9;4;2;3;4;2;14;1;15;15; ; ; ;8;5;12;8; ; ; ; ; 
Jujuy;LEDESMA;Estatal;Rural;6;6;5; ;1; ; ; ;3;12;3;0;0;9;0; ;3;0;5; ;0;0;0;0;0;0;0; ;0;0;0;0;1;2; ; ; ;1;2; ; ;2;1; ;1; ; ;2;4;6;6; ; ; ;2;1;3;2; ; ; ; ; 
Jujuy;LEDESMA;Estatal;Urbano;64;64;63; ;1; ; ; ;39;136;23;9;0;107;17; ;27;8;81; ;9;7;1;0;0;3;0; ;2;1;2;1;4;5;33;7;3;23;2;8;2;41;13;12;13;14;16;35;13;60;60; ; ; ;26;18;46;32; ; ; ; ; 
Jujuy;LEDESMA;Privado;Urbano;8;8;8; ; ; ; ; ;3;17;6;4;3;15;2; ;5;3;10; ;0;0;1;1;0;0;0; ;0;0;1;0; ; ;8;1; ;6;1;1; ;8;6;1;4;5; ; ;8;7;5;2; ; ;5;3;5;2;1;2;1;2;1
Jujuy;PALPALA;Estatal;Rural;10;10;10; ; ; ; ; ;9;26;7;5;0;12;3; ;5;3;5; ;2;2;0;2;0;0;0; ;0;0;0;4;4; ;1; ;1; ;4;1;1;2;3; ;1;1;2;1;7;9;9; ; ; ;4;3;7;3; ; ; ; ; 
Jujuy;PALPALA;Estatal;Urbano;31;31;31; ;1; ; ; ;30;73;19;3;1;75;14; ;18;5;31; ;12;2;0;1;0;1;1; ;1;0;3;3;1;1;24;8;3;19; ;2;5;26;8;5;6;7;11;18;2;30;30; ; ; ;14;9;26;16; ; ; ; ; 
Jujuy;RINCONADA;Estatal;Rural;18;18;18; ;1; ; ; ;14;34;7;1;1;21;1; ;16;0;16; ;2;8;1;0;0;1;0; ;0;0;2;4;13;1;1; ; ;3;11;1;1;10;8;3;6;4;1;5;12;18;18; ; ; ;7;3;11;4; ; ; ; ; 
Jujuy;SAN ANTONIO;Estatal;Rural;8;8;8; ; ; ; ; ;17;27;6;2;0;15;6; ;6;0;8; ;2;0;0;0;0;0;0; ;0;0;0;0;3; ;3;1; ;2;2;1; ;6;2;2;1;3;2;5;1;8;8; ; ; ;5;3;7;4; ; ; ; ; 
Jujuy;SAN PEDRO;Estatal;Rural;27;27;27; ;1; ; ; ;13;52;7;1;1;34;5; ;14;2;23; ;3;1;0;0;0;0;0; ;1;0;1;2;7;2;1; ; ;3;6;1;1;8;4;2;3; ;6;9;12;27;27; ; ; ;4;1;15;9; ; ; ; ; 
Jujuy;SAN PEDRO;Estatal;Urbano;57;57;56; ;2; ; ; ;62;121;29;102;1;110;14; ;22;10;56; ;14;6;0;0;0;0;0; ;1;0;4;2;11;4;25;7;5;25;1;9;4;39;14;13;17;17;18;21;18;52;51; ;1; ;25;20;47;27; ; ; ; ; 
Jujuy;SAN PEDRO;Privado;Urbano;14;14;14; ; ; ; ; ;68;10;9;6;5;37;3; ;4;0;13; ;0;0;0;1;1;3;0; ;2;0;1;0; ; ;12;5; ;8;1;1;2;12;6;4;6;4; ; ;14;12;11; ;1; ;5;4;7;3;4;5;2;1;1
Jujuy;SANTA BARBARA;Estatal;Rural;11;11;11; ;2; ; ; ;5;27;1;2;0;13;1; ;6;6;7; ;1;1;0;1;0;0;0; ;0;0;1;2;3; ;1; ;2; ;2; ; ;3;3;1;1;1;4;1;6;10;10; ; ; ;6;1;8;3; ; ; ; ; 
Jujuy;SANTA BARBARA;Estatal;Urbano;20;20;19; ;3; ; ; ;11;40;5;5;0;32;3; ;5;2;15; ;6;12;1;1;0;10;1; ;2;0;6;8;3;1;2;1; ;1;3;1; ;6;2;1;1;1;2;11;7;19;19; ; ; ;7;3;14;10; ; ; ; ; 
Jujuy;SANTA CATALINA;Estatal;Rural;26;26;21; ;7; ; ; ;38;51;23;22;18;44;20; ;33;21;42; ;2;7;5;0;0;5;0; ;1;0;4;4;22;2; ;1; ;9;15;1;1;23;16;8;11;4; ;13;13;25;25; ; ; ;10;4;16;10; ; ; ; ; 
Jujuy;SUSQUES;Estatal;Rural;21;21;19;1;5; ; ; ;16;33;3;14;0;30;1; ;11;3;19; ;0;0;0;0;0;0;0; ;0;0;0;0;12;2; ; ; ;6;9;1;1;12;8;4;6;1;8;9;4;20;19; ; ;1;7;6;14;12; ; ; ; ; 
Jujuy;TILCARA;Estatal;Rural;19;19;12; ;7; ; ; ;18;30;3;5;0;21;4; ;20;1;14; ;4;4;0;0;0;0;1; ;1;0;1;5;12;2; ;2; ;1;10; ;3;12;7;3;2;1;3;6;10;18;18; ; ; ;2; ;14;5; ; ; ; ; 
Jujuy;TILCARA;Estatal;Urbano;11;11;11; ; ; ; ; ;14;20;1;0;0;21;2; ;2;3;8; ;3;4;0;0;0;3;0; ;0;0;0;2;5; ;1; ; ;3;1;1;1;4;3;2;4;3;2;8;1;7;7; ; ; ;6;5;9;7; ; ; ; ; 
Jujuy;TUMBAYA;Estatal;Rural;22;22;18; ;4; ; ; ;27;38;4;4;0;29;3; ;13;1;17; ;1;0;0;0;0;0;0; ;0;0;0;0;12;7;2; ; ;9;10;1;1;16;11;6;8;2;2;10;10;22;22; ; ; ;8;3;18;8; ; ; ; ; 
Jujuy;VALLE GRANDE;Estatal;Rural;14;14;9;2;4; ; ; ;15;35;0;2;1;19;2; ;9;2;10; ;0;0;0;0;0;0;0; ;0;0;0;0;8; ;1; ; ; ;8;1; ;7;5;2;4;2;1;3;10;13;13; ; ; ;2;1;9;2; ; ; ; ; 
Jujuy;YAVI;Estatal;Rural;34;34;32;1;2; ; ;2;32;48;2;3;0;37;6; ;19;1;28; ;1;4;0;1;0;0;1; ;1;0;0;2;23;2;1; ; ;6;18;3; ;21;12;8;7;3;1;11;22;32;31;1; ; ;14;2;25;10; ; ; ; ; 
Jujuy;YAVI;Estatal;Urbano;19;19;19; ;2; ; ; ;30;31;5;0;0;38;8; ;14;1;17; ;6;8;2;2;0;8;2; ;5;3;2;4;5;1;6;8;1;8; ; ;1;11;2;3;2;2;2;14;3;17;17; ; ; ;11;6;17;14; ; ; ; ; 
La Pampa;ATREUCO;Estatal;Rural;11;11;11; ; ; ; ; ;8;9;4;1;0;17;3; ;7;1;10; ;1;0;0;0;0;1;0; ;1;0;0;0;10; ;1; ;1;8;3; ; ;8;11;5;6;5; ; ;11;10;9; ;1; ;6;4;6;1; ; ; ; ; 
La Pampa;ATREUCO;Estatal;Urbano;10;10;10; ; ; ; ; ;21;17;7;0;3;20;8; ;8;4;10; ;0;1;0;0;0;0;0; ;1;0;0;0;9;1; ; ; ;5;3;3;3;8;10;5;7;3; ;1;9;9;9; ; ; ;2;2;7;5; ; ; ; ; 
La Pampa;CAPITAL;Estatal;Rural;6;6;6; ; ; ; ; ;4;10;8;2;1;13;4; ;5;0;8; ;1;0;0;0;0;0;0; ;0;0;0;0;5;1; ; ; ;2;4; ;1;5;6;4;5;1;3;2;1;6;6; ; ; ;1;1;4;3; ; ; ; ; 
La Pampa;CAPITAL;Estatal;Urbano;104;104;104; ; ; ; ; ;183;134;53;54;5;193;32; ;76;11;113; ;35;9;2;2;1;12;5; ;10;0;3;2;99;1;3;36;2;78;1;3;15;81;96;58;58;23;20;1;83;98;92;1;2;3;26;18;73;50; ; ; ; ; 
La Pampa;CAPITAL;Privado;Urbano;20;20;19; ;1; ; ;1;68;59;15;32;14;48;11; ;10;0;51; ;1;1;1;0;0;1;1; ;3;0;1;0; ; ;19;9;1;15;1;1;4;19;18;10;13;10; ; ;20;11;6;2;3; ;8;7;20;9; ;4;4;6;1
La Pampa;CATRILO;Estatal;Rural;8;8;8; ; ; ; ; ;23;9;4;0;0;13;1; ;6;0;8; ;0;0;0;0;0;0;0; ;0;0;0;1;7;1; ;1; ;6;1; ;1;8;8;4;7;4;1;1;6;6;6; ; ; ;3;1;5;4; ; ; ; ; 
La Pampa;CHAPALEUFU;Estatal;Rural;15;15;15; ; ; ; ; ;23;17;12;2;2;22;6; ;12;0;12; ;2;0;0;0;0;0;0; ;0;0;0;0;12;1;2;1; ;9;3; ;4;11;15;2;8;1;8; ;7;8;8; ; ; ;2;2;7;3; ; ; ; ; 
La Pampa;CHAPALEUFU;Estatal;Urbano;8;8;8;1; ; ; ; ;7;11;10;0;0;21;4; ;8;0;9; ;1;1;0;0;0;3;0; ;1;0;0;0;7;1; ;1;1;5;1;1;2;8;7;3;5; ;3; ;5;5;5; ; ; ;2;1;8;3; ; ; ; ; 
La Pampa;CHICAL CO;Estatal;Rural;7;7;7; ; ; ; ; ;4;9;6;1;0;9;2; ;4;0;4; ;2;0;1;0;0;1;1; ;0;0;0;0;7; ; ;1; ;1;4; ;3;6;7;2;4;1; ; ;7;6;6; ; ; ;2;1;5;3; ; ; ; ; 
La Pampa;CONHELO;Estatal;Rural;13;13;13; ; ; ; ; ;21;17;4;1;1;21;4; ;9;0;10; ;0;1;0;0;0;0;1; ;0;0;0;0;12; ; ;1;4;6;3;1;1;10;11;6;4;1;3;1;9;10;10; ; ; ;2; ;7;7; ; ; ; ; 
La Pampa;CONHELO;Estatal;Urbano;18;18;18; ; ; ; ; ;64;19;14;4;3;40;4; ;15;7;14; ;3;0;1;0;0;1;0; ;1;0;0;0;17;1; ;3;3;11;2;3;1;15;18;9;14;2;8;2;8;18;18; ; ; ;4;3;17;11; ; ; ; ; 
La Pampa;CURACO;Estatal;Rural;6;6;6; ; ; ; ; ;3;9;3;0;2;5;1; ;4;0;3; ;0;0;0;0;0;1;0; ;0;0;1;1;6; ; ; ; ;2;3;1; ;4;6;1;3; ; ; ;6;3;3; ; ; ; ; ;3;2; ; ; ; ; 
La Pampa;Enmascarado;Estatal;Rural;14;14;14; ;1; ; ; ;8;13;8;3;1;20;5; ;10;0;8; ;0;1;0;0;0;1;0; ;0;0;0;0;12;2; ;2; ;5;3;7;3;10;13;3;9;1;1; ;13;12;12; ; ; ;3; ;10;5; ; ; ; ; 
La Pampa;Enmascarado;Estatal;Urbano;15;15;15; ; ; ; ; ;22;19;11;33;1;22;5; ;10;0;11; ;3;0;0;30;0;0;0; ;0;0;1;0;13;2; ;1; ;10;6;1;1;13;14;7;7;3;3; ;12;14;13; ; ;1;4;4;10;7; ; ; ; ; 
La Pampa;Enmascarado;Privado;Urbano;17;17;17; ; ; ; ; ;50;36;15;18;6;39;8; ;19;0;25; ;5;3;2;1;0;4;1; ;1;0;1;0;1; ;16;2;2;12;2;2;5;17;17;13;9;8;5;1;11;11;7;2; ;2;8;5;15;12; ;5;5;13;1
La Pampa;GUATRACHE;Estatal;Rural;11;11;11; ; ; ; ; ;22;12;4;1;0;18;3; ;8;0;10; ;0;0;0;0;0;0;0; ;0;0;1;1;10;1; ;1; ;6;2;3; ;7;11;1;4;1;1;1;9;9;9; ; ; ;1;1;2;1; ; ; ; ; 
La Pampa;GUATRACHE;Estatal;Urbano;7;7;7; ; ; ; ; ;19;9;7;0;1;16;3; ;5;1;8; ;7;1;3;0;0;6;2; ;2;0;2;1;7; ; ;2;1;4;1;1; ;7;6;4;5;3; ;3;4;7;7; ; ; ;3;2;5;4; ; ; ; ; 
La Pampa;HUCAL;Estatal;Rural;6;6;5; ;1; ; ; ;8;7;4;0;0;6;4; ;2;0;6; ;0;1;1;1;0;1;1; ;0;0;1;0;4;1;1; ;1;3;2; ; ;5;6;3;4;2;1; ;5;6;6; ; ; ;3;1;3;3; ; ; ; ; 
La Pampa;HUCAL;Estatal;Urbano;9;9;9; ; ; ; ; ;12;13;7;2;0;14;3; ;5;1;7; ;0;1;0;0;0;4;1; ;0;0;0;0;8;1; ; ;1;7; ;2; ;6;9;3;5;2;2; ;7;9;8; ;1; ;2;2;4;2; ; ; ; ; 
La Pampa;LOVENTUE;Estatal;Rural;11;11;11;1; ; ; ; ;11;13;3;10;1;12;6; ;5;1;10; ;1;0;0;0;0;1;0; ;0;0;0;0;11; ; ; ; ;5;4;2;1;8;11;4;5;1;1; ;10;10;10; ; ; ;1; ;10;5; ; ; ; ; 
La Pampa;LOVENTUE;Estatal;Urbano;6;6;6; ; ; ; ; ;28;7;5;1;1;17;1; ;3;3;5; ;1;1;1;0;0;3;1; ;0;0;1;0;6; ; ; ; ;3;2;1; ;6;6;5;5;3;2; ;4;5;5; ; ; ;2;1;5;3; ; ; ; ; 
La Pampa;MARACO;Estatal;Rural;13;13;13; ; ; ; ; ;9;13;7;4;1;13;4; ;7;0;11; ;1;0;0;0;0;0;0; ;1;0;0;0;11;1; ;1; ;5;1;2;3;8;11;3;5; ; ;1;12;6;6; ; ; ; ; ;3;3; ; ; ; ; 
La Pampa;MARACO;Estatal;Urbano;48;48;48; ; ; ; ; ;91;70;28;23;9;120;19; ;32;8;50; ;17;7;2;0;0;3;2; ;8;0;3;1;43;2;3;19;7;21;3;7;9;45;46;28;35;18;10;2;36;38;37; ; ;1;17;11;40;26; ; ; ; ; 
La Pampa;MARACO;Privado;Urbano;8;8;8; ; ; ; ; ;72;10;4;1;11;32;10; ;4;1;19; ;1;1;1;1;0;1;0; ;0;0;1;0; ; ;8;2; ;5;1;2;1;8;7;3;5;3; ; ;8;5;4; ;1; ;4;4;4;2; ;5;5;4;1
La Pampa;PUELEN;Estatal;Rural;10;10;10; ; ; ; ; ;9;13;5;0;1;15;2; ;8;0;8; ;1;0;0;0;0;1;0; ;1;0;0;0;10; ; ;2; ;4;7; ;3;7;10;4;7;2; ; ;10;3;3; ; ; ;3;2;6;3; ; ; ; ; 
La Pampa;PUELEN;Estatal;Urbano;11;11;11; ; ; ; ; ;10;13;14;2;0;22;5; ;10;0;9; ;4;5;4;1;0;2;1; ;1;0;2;1;11; ; ;1; ;8;2;1;1;10;11;7;6;5;3;2;6;8;7; ;1; ;5;4;8;6; ; ; ; ; 
La Pampa;QUEMU QUEMU;Estatal;Rural;8;8;8; ; ; ; ; ;7;12;5;0;0;10;1; ;6;0;7; ;0;0;0;0;0;0;0; ;0;0;0;0;8; ; ;1; ;6;1;1;1;8;8;3;6;1;1;1;6;8;8; ; ; ;2; ;5; ; ; ; ; ; 
La Pampa;QUEMU QUEMU;Estatal;Urbano;9;9;9; ; ; ; ; ;12;10;7;1;1;14;3; ;4;0;7; ;1;1;2;0;0;2;0; ;1;0;0;0;6; ;3; ;1;6;2;2;1;9;9;5;7;2;6;1;2;9;9; ; ; ;3;1;5;4; ; ; ; ; 
La Pampa;RANCUL;Estatal;Rural;14;14;14; ; ; ; ; ;16;17;6;0;1;22;4; ;9;0;9; ;1;0;0;0;0;0;0; ;0;0;0;1;12;1;1; ; ;6;6;3; ;9;13;4;9;3;1; ;13;9;9; ; ; ;5;1;7;4; ; ; ; ; 
La Pampa;RANCUL;Estatal;Urbano;11;11;11; ; ; ; ; ;36;14;7;0;2;20;4; ;7;0;10; ;3;0;0;0;0;0;0; ;0;0;0;0;10; ;1; ; ;9;1;2; ;9;10;5;5;3;2;1;8;8;8; ; ; ;4;3;10;6; ; ; ; ; 
La Pampa;REALICO;Estatal;Rural;15;15;15; ; ; ; ; ;24;18;13;0;1;24;8; ;11;0;13; ;1;1;0;0;0;0;0; ;1;1;0;0;13;2; ;1;2;7;2;3;2;12;15;6;7;5;6;2;7;9;9; ; ; ;6;3;12;4; ; ; ; ; 
La Pampa;REALICO;Estatal;Urbano;18;18;18;1; ; ; ; ;70;20;12;8;2;38;13; ;13;2;19; ;1;4;0;0;0;1;0; ;0;0;0;0;14;2;2;2;3;10;4;2;3;18;18;10;12;6;8;2;8;13;13; ; ; ;9;6;13;9; ; ; ; ; 
La Pampa;TOAY;Estatal;Urbano;12;12;12; ; ; ; ; ;39;16;5;1;1;16;9; ;7;0;11; ;3;0;0;1;0;0;1; ;1;1;2;2;12; ; ;2; ;10;1;1;1;9;8;6;12;1;4; ;8;11;10; ;1; ;2;1;6;6; ; ; ; ; 
La Pampa;TRENEL;Estatal;Rural;6;6;6; ; ; ; ; ;6;7;8;1;1;11;2; ;3;0;9; ;0;0;0;0;0;0;0; ;0;0;0;0;6; ; ;2; ;1; ; ;3;4;6;2;3; ;2; ;4;3;3; ; ; ;1; ;3;1; ; ; ; ; 
La Pampa;UTRACAN;Estatal;Rural;15;15;15; ; ; ; ; ;10;16;11;1;1;21;8; ;8;0;14; ;0;0;0;0;0;0;0; ;0;0;0;0;14;1; ;1;1;6;3;5;2;12;13;3;6;1;1; ;14;10;9; ;1; ;2; ;8;2; ; ; ; ; 
La Pampa;UTRACAN;Estatal;Urbano;16;16;16; ; ; ; ; ;28;23;6;6;0;26;8; ;14;4;18; ;2;0;0;2;0;0;0; ;1;0;0;0;16; ; ;8;2;5;1;4;3;15;15;5;10;4;2; ;14;15;15; ; ; ;7;4;12;7; ; ; ; ; 
La Rioja;ARAUCO;Estatal;Rural;9;9;9; ; ; ; ; ;3;8;1;1;0;10;1; ;11;1;6; ;0;1;0;0;0;1;0; ;2;0;1;1;7; ;1;1; ;4;3; ;2;8;8;5;4;3;1; ;8;8;8; ; ; ;6;3;5;3; ; ; ; ; 
La Rioja;ARAUCO;Estatal;Urbano;13;13;13; ; ; ; ; ;5;15;4;0;0;20;4; ;11;1;12; ;2;1;0;0;0;0;0; ;1;0;1;0;13; ; ;1; ;9;1;3;1;12;11;8;9;5;1;3;9;11;10; ; ;1;3;1;10;7; ; ; ; ; 
La Rioja;CAPITAL;Estatal;Rural;25;25;25; ; ; ; ; ;18;23;10;4;0;32;8; ;17;2;16; ;0;1;1;0;0;1;0; ;0;0;1;1;24; ;1;1; ;11;15;1; ;23;23;11;13;2;1;1;23;22;22; ; ; ;8; ;20;9; ; ; ; ; 
La Rioja;CAPITAL;Estatal;Urbano;132;132;132; ; ; ; ;1;122;138;64;19;0;257;46; ;97;23;131; ;42;18;5;4;0;12;9; ;9;2;14;9;129;1;2;19;6;111;5;14;22;131;106;97;76;46;19;40;73;118;113;2;1;2;54;34;121;108; ; ; ; ; 
La Rioja;CAPITAL;Privado;Urbano;32;32;32; ; ; ; ; ;87;95;18;23;16;74;14; ;26;4;62; ;4;3;0;0;0;0;1; ;1;0;12;1;3; ;29;9;5;20;6;7;5;30;31;17;25;12; ; ;32;26;21; ;4;1;13;11;26;17;6;16;14;10; 
La Rioja;CASTRO BARROS;Estatal;Rural;15;15;15; ; ; ; ; ;8;15;4;0;0;18;1; ;9;6;13; ;1;1;2;0;0;3;0; ;1;0;0;0;15; ; ; ; ;9; ;2;4;15;10;7;8;2; ;1;14;13;13; ; ; ;3;1;11;3; ; ; ; ; 
La Rioja;CHAMICAL;Estatal;Rural;31;31;27; ;4; ; ; ;26;19;6;0;1;27;12; ;21;0;19; ;1;1;0;0;0;2;0; ;1;0;0;1;27; ; ;3; ;7;17;2;1;19;22;8;15;5;1; ;30;22;22; ; ; ;9; ;25;4; ; ; ; ; 
La Rioja;CHAMICAL;Estatal;Urbano;14;14;14; ; ; ; ; ;6;15;3;1;0;21;3; ;8;6;14; ;1;0;0;0;0;0;0; ;0;0;0;0;14; ; ;2; ;9;1;1;2;14;11;8;7;4;1;4;9;11;11; ; ; ;7;5;13;10; ; ; ; ; 
La Rioja;CHILECITO;Estatal;Rural;21;21;20;1; ; ; ; ;12;22;10;4;0;26;5; ;16;2;13; ;3;1;0;0;0;1;0; ;0;0;0;1;20; ; ; ;2;8;8;4;3;18;16;8;10;3; ;7;14;19;18;1; ; ;8;3;17;13; ; ; ; ; 
La Rioja;CHILECITO;Estatal;Urbano;45;45;45; ; ; ; ; ;29;49;30;4;0;79;11; ;33;13;38; ;11;10;4;3;0;4;0; ;6;0;4;2;44; ; ;5;5;36;4;5; ;43;38;24;28;16;7;17;21;36;36; ; ; ;16;12;42;30; ; ; ; ; 
La Rioja;CORONEL FELIPE VARELA;Estatal;Rural;14;14;14; ; ; ; ; ;11;13;4;1;0;19;5; ;7;1;12; ;1;0;0;0;0;0;3; ;0;0;0;0;12; ; ; ; ;7;5; ; ;10;9;2;3; ;1;2;11;14;14; ; ; ;2; ;11;3; ; ; ; ; 
La Rioja;CORONEL FELIPE VARELA;Estatal;Urbano;12;12;12; ; ; ; ; ;12;16;6;2;0;25;6; ;9;1;16; ;1;0;0;0;0;0;0; ;1;0;0;0;12; ; ; ; ;10; ;1;1;12;10;9;10;3;1;1;10;9;9; ; ; ;2;2;10;7; ; ; ; ; 
La Rioja;Enmascarado;Estatal;Rural;8;8;8; ; ; ; ; ;4;6;2;1;0;9;1; ;5;1;6; ;1;0;0;0;0;0;0; ;0;0;0;1;7; ; ; ; ;2;2;3; ;7;6;6;3;2; ;4;4;8;8; ; ; ;3;2;7;4; ; ; ; ; 
La Rioja;Enmascarado;Estatal;Urbano;15;15;15; ; ; ; ; ;47;18;8;1;0;28;5; ;11;0;15; ;6;0;1;0;0;1;1; ;0;0;2;1;15; ; ;1;1;9;2;5; ;15;15;9;13;6; ;3;12;13;13; ; ; ;6;5;13;10; ; ; ; ; 
La Rioja;Enmascarado;Privado;Rural;4;4;4; ; ; ; ; ;1;3;1;0;0;5;0; ;0;4;2; ;0;0;0;0;0;0;0; ;0;0;0;0;2; ; ; ; ;2; ; ; ;2; ;1; ; ; ; ;4;1;1; ; ; ; ; ;2;2; ; ; ;2; 
La Rioja;Enmascarado;Privado;Urbano;12;12;12; ; ; ; ; ;13;15;4;7;4;22;6; ;9;2;15; ;2;1;0;0;0;0;0; ;0;0;0;0;5; ;7;3;1;8;2; ;2;12;8;6;6;3; ; ;12;7;7; ; ; ;3;3;8;5;1;4;3;3;2
La Rioja;FAMATINA;Estatal;Rural;30;30;30; ; ; ; ; ;14;25;7;5;0;30;3; ;21;4;14; ;6;3;1;1;0;3;0; ;3;0;2;0;30; ; ;1; ;12;15;1;4;20;23;6;10;3;2;14;14;28;28; ; ; ;4;3;16;8; ; ; ; ; 
La Rioja;GENERAL ANGEL V PEÑALOZA;Estatal;Rural;23;23;23; ; ; ; ; ;15;16;7;6;2;23;7; ;11;0;14; ;0;0;0;0;0;0;1; ;0;0;0;0;23; ; ;1; ;13;9;1;1;22;20;3;14; ; ;2;21;20;20; ; ; ;6; ;18;6; ; ; ; ; 
La Rioja;GENERAL BELGRANO;Estatal;Rural;28;28;28; ;1; ; ; ;21;24;5;3;0;26;9; ;15;0;17; ;3;4;1;1;0;1;1; ;1;0;3;0;28; ; ;1; ;8;12;4;7;23;23;9;12;6;1; ;27;23;23; ; ; ;9;2;15;8; ; ; ; ; 
La Rioja;GENERAL BELGRANO;Estatal;Urbano;7;7;7; ; ; ; ; ;6;12;8;5;0;17;1; ;6;3;7; ;1;1;0;0;0;1;0; ;1;0;0;0;7; ; ; ;1;5;2; ; ;7;6;4;6;2; ; ;7;3;3; ; ; ;2;1;6;3; ; ; ; ; 
La Rioja;GENERAL JUAN F QUIROGA;Estatal;Rural;32;32;30; ;1;1; ; ;32;39;10;1;0;48;17; ;17;5;28; ;5;5;0;0;0;3;1; ;0;0;3;1;23; ; ;2;1;8;11;1;4;21;21;9;14;4; ;4;28;23;22; ;1; ;5;2;20;6; ; ; ; ; 
La Rioja;GENERAL OCAMPO;Estatal;Rural;35;35;35; ; ; ; ; ;17;24;5;2;0;32;12; ;10;0;15; ;3;0;0;1;1;0;1; ;1;0;1;2;31; ; ;1; ;9;18;3; ;29;27;9;15;7; ;1;34;32;32; ; ; ;22;2;29;7; ; ; ; ; 
La Rioja;GENERAL SAN MARTIN;Estatal;Rural;38;37;37; ; ; ; ; ;32;33;9;2;0;31;3; ;18;0;24; ;0;0;0;0;0;0;0; ;0;0;0;0;30;1; ; ;1;9;18;3;1;16;26;4;19; ; ;3;35;33;32;1; ; ;12;2;26;2; ; ; ; ; 
La Rioja;GENERAL SAN MARTIN;Estatal;Urbano;7;7;7; ; ; ; ; ;4;7;1;2;0;5;1; ;4;2;5; ;0;0;0;0;0;0;0; ;1;0;0;0;7; ; ;1; ;4;3; ; ;6;6;5;5;1; ;2;5;6;6; ; ; ;3;1;7;4; ; ; ; ; 
La Rioja;INDEPENDENCIA;Estatal;Rural;13;13;13; ; ; ; ; ;12;16;2;0;0;20;2; ;5;0;7; ;0;0;0;0;0;0;0; ;0;0;0;0;13; ; ;2; ;4;5;2; ;12;12;3;7;2; ;4;9;11;11; ; ; ;6; ;9;3; ; ; ; ; 
La Rioja;ROSARIO VERA PEÑALOZA;Estatal;Rural;35;35;31; ;4; ; ; ;22;32;6;4;0;44;8; ;20;1;25; ;5;1;1;0;0;1;1; ;1;0;1;0;30; ; ;1; ;15;8;4;3;20;28;6;14;3;1;12;22;30;30; ; ; ;8;1;19;6; ; ; ; ; 
La Rioja;ROSARIO VERA PEÑALOZA;Estatal;Urbano;17;17;17; ; ; ; ; ;8;19;7;3;0;28;4; ;15;6;17; ;3;4;2;1;0;3;0; ;2;1;2;2;17; ; ; ; ;12;3;3;1;17;13;12;11;5;3;2;12;15;15; ; ; ;5;4;16;10; ; ; ; ; 
La Rioja;SAN BLAS DE LOS SAUCES;Estatal;Urbano;12;12;12; ; ; ; ; ;10;9;6;1;0;11;8; ;9;0;10; ;2;1;0;0;0;1;0; ;0;0;0;0;12; ; ; ; ;9;3;2; ;9;12;5;7; ; ;7;5;10;10; ; ; ;1;1;11;5; ; ; ; ; 
La Rioja;VINCHINA;Estatal;Rural;7;7;6; ;1; ; ; ;6;9;3;2;0;10;4; ;6;3;7; ;0;0;0;0;0;0;0; ;0;0;0;0;7; ; ;1; ;3;2;1; ;6;5;2;3;1; ;1;6;6;6; ; ; ;1;1;6;3; ; ; ; ; 
Mendoza;CAPITAL;Estatal;Urbano;87;87;87; ; ; ; ; ;183;129;90;60;14;258;35; ;60;17;129; ;17;13;6;18;2;13;8; ;11;0;9;2;65;4;12;31;5;53;2;16;8;79;64;43;45;49;15;42;30;83;71;8;4; ;56;44;65;44; ; ; ; ; 
Mendoza;CAPITAL;Privado;Urbano;95;95;95; ; ; ; ; ;295;311;54;172;66;273;58; ;61;8;147; ;6;11;6;25;2;17;11; ;5;0;7;4;6;5;83;32;14;52;8;18;16;94;74;48;65;52;2;1;92;81;64;8;8;1;46;40;61;39;10;21;23;24;3
Mendoza;Enmascarado;Estatal;Rural;11;11;11; ; ; ; ; ;16;17;6;2;0;15;2; ;6;3;9; ;0;0;0;0;0;1;0; ;0;0;1;0;8;1;1; ;1;4;6;1;1;10;8;4;5;1; ;8;3;9;9; ; ; ;6;3;8;4; ; ; ; ; 
Mendoza;Enmascarado;Privado;Rural;37;37;37; ;1; ; ; ;55;15;15;6;9;40;21; ;14;0;32; ;0;0;0;0;0;0;0; ;0;0;0;0;12;4;15;4; ;10;9;6;4;28;26;4;18;4;1;2;34;24;22;1;1; ;8;4;13;4;19;4;4;5;1
Mendoza;Enmascarado;Privado;Urbano;43;43;43; ; ; ; ; ;102;31;18;11;11;70;28; ;13;0;50; ;1;1;1;0;0;3;2; ;1;0;1;1;21;6;14;4;2;16;11;12;6;39;28;16;19;9;1;2;40;38;35;2; ;1;9;8;19;13;15;5;5;5;2
Mendoza;GENERAL ALVEAR;Estatal;Rural;30;30;30; ; ; ; ; ;25;34;26;2;1;61;12; ;20;2;33; ;4;0;0;0;0;5;2; ;1;0;1;0;18;6;5; ;1;6;15;9;1;28;23;9;18;21;1;26;3;29;28;1; ; ;25;14;23;11; ; ; ; ; 
Mendoza;GENERAL ALVEAR;Estatal;Urbano;26;26;26; ; ; ; ; ;42;45;33;38;2;60;7; ;17;11;34; ;1;2;1;0;0;1;0; ;0;0;0;0;10;3;11;4;2;7;4;10;1;23;18;14;17;17;1;16;9;23;22;1; ; ;20;16;24;17; ; ; ; ; 
Mendoza;GENERAL ALVEAR;Privado;Urbano;25;25;25; ; ; ; ; ;19;34;13;4;4;33;7; ;12;4;22; ;3;1;0;0;0;1;0; ;0;0;0;0;5;5;15;5;2;15;4;1;2;22;17;9;17;8;1;5;19;21;19;2; ; ;8;7;10;6;9;4;4;3;1
Mendoza;GODOY CRUZ;Estatal;Urbano;85;85;85; ;1; ; ; ;110;132;70;11;13;187;29; ;56;11;102; ;20;14;6;0;0;4;2; ;3;0;10;3;77;4;3;23;10;48;6;19;13;82;66;40;36;56;4;39;42;82;80;1;1; ;62;48;63;45; ; ; ; ; 
Mendoza;GODOY CRUZ;Privado;Urbano;63;63;63;2;3; ; ; ;221;107;35;49;38;123;16; ;41;6;84; ;6;5;1;1;0;5;1; ;2;0;5;0;11; ;50;15;7;31;11;13;10;60;51;22;39;26;1; ;62;54;43;6;5; ;25;19;29;18;8;10;10;10;2
Mendoza;GUAYMALLEN;Estatal;Rural;13;13;13; ; ; ; ; ;15;13;8;1;0;32;3; ;7;2;25; ;0;0;0;0;0;0;0; ;0;0;1;0;9;1;3;1;2;8;3;3;2;13;7;2;3;5;2;5;6;13;13; ; ; ;4;2;6;1; ; ; ; ; 
Mendoza;GUAYMALLEN;Estatal;Urbano;117;117;117; ; ; ; ; ;121;150;89;138;18;258;42; ;72;11;178; ;17;6;2;1;0;9;5; ;4;0;7;6;92;1;11;23;11;66;7;18;20;99;77;36;51;55;2;83;32;113;110;2;1; ;62;43;82;41; ; ; ; ; 
Mendoza;GUAYMALLEN;Privado;Rural;5;5;5; ; ; ; ; ;23;11;5;2;3;14;0; ;3;0;5; ;0;0;0;0;0;2;0; ;0;0;0;0;1; ;4;1; ;3;1;2;2;5;5;3;4;2; ; ;5;5;4;1; ; ;3;2;4;1;1;2;2;2; 
Mendoza;GUAYMALLEN;Privado;Urbano;72;72;72; ;2; ; ;1;236;156;49;89;49;179;28; ;41;8;118; ;3;3;1;7;1;9;1; ;3;0;3;0;9;3;56;23;11;33;8;16;10;67;50;23;44;32;1; ;71;69;59;3;6;1;32;30;36;25;18;18;18;16;1
Mendoza;JUNIN;Estatal;Rural;21;21;21; ; ; ; ;1;27;28;11;4;1;50;10; ;17;3;29; ;1;0;1;0;0;2;3; ;0;0;0;1;21; ; ;4;1;7;7;10;1;21;20;6;10;6; ;20;1;21;21; ; ; ;10;5;9;5; ; ; ; ; 
Mendoza;JUNIN;Estatal;Urbano;23;23;23; ; ; ; ; ;28;22;17;14;4;57;6; ;15;9;22; ;4;1;1;0;0;0;0; ;2;0;1;1;23; ; ;1;1;8;3;13;1;23;20;9;15;12;2;20;1;23;23; ; ; ;12;4;18;8; ; ; ; ; 
Mendoza;LA PAZ;Estatal;Urbano;11;11;11; ; ; ; ; ;11;14;5;0;2;17;1; ;2;3;9; ;1;1;1;0;1;2;1; ;1;2;2;1;2; ;6; ;1;1;5; ;1;8;3; ;1;3; ;8;3;11;11; ; ; ;4;3;8;5; ; ; ; ; 
Mendoza;LA PAZ;Privado;Urbano;4;4;4; ; ; ; ; ;1;2;1;0;1;3;2; ;1;0;4; ;1;1;0;0;0;0;0; ;0;0;0;0;1;1;2;1; ;2; ;1; ;3;3;1;1; ; ; ;4;3;3; ; ; ;1; ;2;2;3; ; ; ; 
Mendoza;LAS HERAS;Estatal;Urbano;99;99;99; ;1; ; ; ;99;102;80;15;9;208;25; ;57;12;120; ;19;10;4;3;0;6;2; ;3;0;9;4;80;4;10;13;11;65;10;14;12;93;59;40;41;51;2;64;33;93;93; ; ; ;58;44;74;34; ; ; ; ; 
Mendoza;LAS HERAS;Privado;Urbano;39;39;39; ; ; ; ; ;32;14;7;12;9;32;13; ;6;0;26; ;2;0;0;1;0;2;0; ;1;0;1;0;3; ;20;4; ;16;2;1;2;23;17;7;14;12; ;1;38;27;25;2; ; ;10;7;14;4;17;6;6;3; 
Mendoza;LAVALLE;Estatal;Rural;51;51;51;5; ; ; ; ;47;67;27;54;7;84;16; ;30;7;61; ;3;3;1;0;0;1;0; ;0;0;0;0;34;5;11;1;6;15;29;5;5;48;37;8;24;15;1;32;18;45;45; ; ; ;23;6;37;13; ; ; ; ; 
Mendoza;LAVALLE;Estatal;Urbano;17;17;17; ; ; ; ; ;16;16;16;5;7;38;1; ;7;2;35; ;1;1;0;0;0;0;0; ;0;0;2;1;11; ;6;2;3;7;3;5;2;17;16;6;8;5;1;9;7;17;16;1; ; ;6;4;13;7; ; ; ; ; 
Mendoza;LAVALLE;Privado;Rural;9;9;9; ; ; ; ; ;7;0;1;0;0;6;3; ;1;0;7; ;0;0;0;0;0;0;0; ;0;0;0;0;5;2;1; ; ;2;4;2; ;8;3; ;1; ; ; ;9;8;8; ; ; ; ; ; ; ;7; ; ; ; 
Mendoza;LUJAN DE CUYO;Estatal;Rural;22;22;22; ; ; ; ; ;25;29;18;4;7;51;11; ;18;0;29; ;2;0;0;0;0;1;1; ;1;0;0;0;19;1;1; ;1;9;8;6; ;21;18;10;12;12;1;14;7;21;21; ; ; ;16;8;17;9; ; ; ; ; 
Mendoza;LUJAN DE CUYO;Estatal;Urbano;55;55;55; ; ; ; ; ;82;86;38;13;14;139;22; ;36;8;71; ;7;4;0;2;0;4;2; ;2;2;4;0;41;2;9;6;10;31;2;9;8;52;34;16;23;34;4;35;16;53;52; ;1; ;33;23;37;18; ; ; ; ; 
Mendoza;LUJAN DE CUYO;Privado;Urbano;27;27;27; ; ; ; ; ;235;41;24;12;20;77;17; ;19;0;57; ;6;3;0;0;0;4;0; ;0;0;0;0;2;5;19;7;3;12;4;5;7;26;20;10;13;12;1; ;26;21;17;2;1;1;14;12;14;11;4;3;3;3; 
Mendoza;MAIPU;Estatal;Rural;28;28;28; ;1; ; ; ;28;34;18;5;9;49;17; ;20;4;34; ;1;0;0;0;1;2;1; ;1;0;0;0;21;4;3;3;4;9;11;5;3;27;18;7;13;15; ;17;11;28;28; ; ; ;16;11;19;9; ; ; ; ; 
Mendoza;MAIPU;Estatal;Urbano;77;77;77; ; ;1; ; ;93;95;46;36;17;176;38; ;53;16;101; ;13;10;1;1;0;3;1; ;2;0;3;0;64;1;8;12;6;43;9;11;8;69;53;25;24;38;2;55;20;77;76; ;1; ;43;28;66;31; ; ; ; ; 
Mendoza;MAIPU;Privado;Urbano;32;32;32; ; ; ; ; ;82;33;21;19;23;67;21; ;16;1;36; ;4;0;1;11;1;1;2; ;3;0;2;2; ; ;26;7;2;12;1;8;2;25;21;17;19;16;1;1;30;27;24;2;1; ;14;12;21;15;6;8;8;7;1
Mendoza;MALARGUE;Estatal;Rural;17;17;12;5;1; ; ; ;23;27;18;2;0;33;2; ;13;3;18; ;2;1;0;0;0;0;0; ;0;0;0;0;8;2;6; ; ;4;11;1;1;15;14;6;9;5; ;10;7;17;16;1; ; ;9;2;14;7; ; ; ; ; 
Mendoza;MALARGUE;Estatal;Urbano;21;21;21; ;1; ; ; ;50;30;19;30;0;51;16; ;15;9;28; ;3;0;0;0;0;1;0; ;0;0;0;1;9;4;8;3;2;12;5;4;2;21;18;6;11;10;4;14;3;20;19;1; ; ;10;8;15;5; ; ; ; ; 
Mendoza;RIVADAVIA;Estatal;Rural;32;32;32; ; ; ; ; ;43;34;29;37;1;65;16; ;20;1;48; ;7;1;3;0;0;1;0; ;1;0;2;2;27;4;1;3;2;12;6;14;3;32;30;11;18;19;1;24;7;28;27;1; ; ;22;15;20;10; ; ; ; ; 
Mendoza;RIVADAVIA;Estatal;Urbano;20;20;20; ; ; ; ; ;29;27;10;3;2;55;11; ;8;5;26; ;3;1;0;0;0;0;0; ;1;0;0;0;17;2;1; ;3;6;3;9; ;19;14;9;11;11;3;13;4;20;19; ;1; ;13;9;13;5; ; ; ; ; 
Mendoza;RIVADAVIA;Privado;Rural;10;10;10; ; ; ; ; ;12;0;1;0;0;3;6; ;5;0;9; ;0;0;0;0;0;0;0; ;0;0;0;0;7;1; ;1; ;2; ;5; ;7;3; ;1; ; ; ;10;7;7; ; ; ; ; ;3;1;6; ; ; ; 
Mendoza;SAN CARLOS;Estatal;Rural;21;21;20;1;1; ; ; ;32;21;15;6;2;39;13; ;14;2;27; ;3;1;1;0;0;2;0; ;1;0;2;0;14;4;1;1; ;12;6;2;2;18;13;3;7;4;1;18;2;21;21; ; ; ;12;5;17;5; ; ; ; ; 
Mendoza;SAN CARLOS;Estatal;Urbano;25;25;24; ; ; ; ;1;53;21;17;1;2;47;14; ;19;4;33; ;3;4;1;0;0;1;0; ;0;0;1;1;21; ;4;2;2;8;1;11;4;25;22;8;11;7;4;19;2;24;24; ; ; ;13;6;18;8; ; ; ; ; 
Mendoza;SAN CARLOS;Privado;Rural;6;6;6; ; ; ; ; ;4;1;0;0;0;1;5; ;0;0;5; ;0;0;0;0;0;0;0; ;0;0;2;0; ;1; ; ; ; ; ;1; ; ;1; ; ; ; ;1;5;3;3; ; ; ; ; ; ; ;4; ; ; ; 
Mendoza;SAN CARLOS;Privado;Urbano;20;20;20; ; ; ; ; ;33;9;7;1;1;26;13; ;11;1;21; ;2;3;1;1;0;2;2; ;1;1;1;1;1;3;11;3;2;6;2;5;1;13;10;6;5;5;1;1;18;17;15;2; ; ;5;5;7;7;11;3;3;4; 
Mendoza;SAN MARTIN;Estatal;Rural;49;49;48; ; ; ; ;1;57;78;32;6;3;113;12; ;33;6;66; ;3;0;0;0;0;2;0; ;1;0;1;2;48;1; ;4;9;21;18;8;3;49;41;18;30;20;4;38;7;47;47; ; ; ;26;13;32;18; ; ; ; ; 
Mendoza;SAN MARTIN;Estatal;Urbano;46;46;46; ;1; ; ; ;62;61;32;10;1;101;20; ;30;11;49; ;11;9;1;0;0;3;4; ;1;0;4;3;36;3;6;5;10;19;12;7;4;45;40;19;29;22;5;33;8;42;41;1; ; ;29;14;32;18; ; ; ; ; 
Mendoza;SAN MARTIN;Privado;Rural;8;8;8; ; ; ; ; ;9;0;0;0;0;1;2; ;1;0;7; ;0;0;0;0;0;0;0; ;0;0;0;0;3; ; ; ; ;1;1;1; ;2;2; ;1; ; ;1;7;5;5; ; ; ; ; ;2;1;4; ; ; ; 
Mendoza;SAN MARTIN;Privado;Urbano;25;25;25; ; ; ; ; ;70;12;6;2;7;24;11; ;7;0;21; ;5;1;1;1;1;1;1; ;0;1;0;1;3;2;9;7; ;7;2;5; ;14;9;8;10;9; ;5;20;18;16;1; ;1;9;8;11;4;8;5;5;4; 
Mendoza;SAN RAFAEL;Estatal;Rural;84;84;84;1; ; ; ;1;82;96;62;15;2;155;23; ;54;18;97; ;6;3;1;0;0;9;0; ;2;2;4;1;51;2;28;2;3;21;51;11;10;75;63;22;34;46;3;46;35;77;77; ; ; ;52;37;55;25; ; ; ; ; 
Mendoza;SAN RAFAEL;Estatal;Urbano;106;106;106; ; ; ; ; ;241;151;88;22;10;263;36; ;74;32;136; ;20;12;10;1;1;20;6; ;8;0;6;2;74;2;25;17;8;47;18;33;14;99;73;52;45;65;5;51;50;101;95;2;2;2;71;56;88;50; ; ; ; ; 
Mendoza;SAN RAFAEL;Privado;Urbano;48;48;48; ;1; ; ; ;128;45;19;34;21;85;19; ;11;6;47; ;2;3;0;10;1;1;0; ;1;1;2;0;10;9;27;6;3;22;8;17;8;44;36;12;26;16; ;7;41;33;27;6; ; ;15;12;23;15;13;10;10;9;3
Mendoza;SANTA ROSA;Estatal;Rural;22;22;22; ; ; ; ; ;24;23;12;2;0;34;6; ;16;0;20; ;1;1;0;1;1;1;0; ;0;0;1;1;15;5;1;3; ;1;11;8;1;20;14;5;7;7;1;18;3;21;21; ; ; ;12;4;11;6; ; ; ; ; 
Mendoza;SANTA ROSA;Estatal;Urbano;10;10;10; ; ; ; ; ;9;8;5;0;2;11;2; ;4;2;8; ;1;1;0;0;0;0;0; ;1;0;1;1;7;1;2; ;1;1; ;5;3;10;7;1;3;2;2;7;1;10;9; ;1; ;3;1;6;2; ; ; ; ; 
Mendoza;SANTA ROSA;Privado;Rural;7;7;7; ; ; ; ; ;6;4;3;0;0;7;2; ;2;0;10; ;0;0;0;0;0;0;0; ;0;0;0;0;4;2;1; ; ;1;4;1;1;7;6; ;2; ; ;1;6;5;5; ; ; ; ; ;2;1;4; ; ; ; 
Mendoza;SANTA ROSA;Privado;Urbano;8;8;8; ; ; ; ; ;15;4;2;2;0;9;6; ;4;1;7; ;0;0;0;0;0;0;0; ;0;0;0;0;5;2;1; ; ;4; ;4; ;7;8;1;3; ; ;1;7;7;7; ; ; ; ; ;4;1;6; ; ; ; 
Mendoza;TUNUYAN;Estatal;Rural;22;22;22; ; ; ; ; ;42;25;15;5;0;38;9; ;20;0;31; ;2;0;0;0;0;3;0; ;0;0;0;0;17;1;4; ;1;11;6;4;3;22;15;6;6;4; ;17;5;21;21; ; ; ;9;3;13;5; ; ; ; ; 
Mendoza;TUNUYAN;Estatal;Urbano;27;27;27; ; ; ; ; ;43;33;30;2;4;62;17; ;19;2;43; ;19;1;5;0;0;1;0; ;0;0;2;0;14;2;10;4;4;10;6;5;2;26;19;10;11;13;2;20;5;25;24; ;1; ;14;10;20;10; ; ; ; ; 
Mendoza;TUNUYAN;Privado;Rural;5;5;5; ; ; ; ; ;4;3;2;0;1;2;4; ;0;1;2; ;0;0;0;0;0;0;0; ;0;0;0;0;1; ; ; ; ; ; ; ;1;1; ; ; ; ; ; ;5;5;5; ; ; ; ; ;1; ;1; ; ; ; 
Mendoza;TUNUYAN;Privado;Urbano;14;14;14; ; ; ; ; ;36;12;8;1;3;23;7; ;3;0;18; ;0;0;0;0;0;0;0; ;0;0;0;0;1;1;8;2; ;8;1; ;1;8;5;3;5;5; ; ;14;9;8; ;1; ;5;5;5;4;7;3;3;2; 
Mendoza;TUPUNGATO;Estatal;Rural;23;23;23; ; ; ; ; ;29;23;12;15;3;34;11; ;10;4;24; ;6;1;1;9;0;3;0; ;0;0;2;2;11;4;5;2;2;6;7;3;3;19;11;9;11;7; ;16;7;22;22; ; ; ;7;5;17;10; ; ; ; ; 
Mendoza;TUPUNGATO;Estatal;Urbano;11;11;11; ; ; ; ; ;58;21;7;4;1;36;4; ;5;5;11; ;9;8;1;1;0;3;1; ;1;0;2;0;7; ;3;1;1;5;1;4; ;10;4;3;4;6;1;6;4;10;10; ; ; ;9;7;8;6; ; ; ; ; 
Mendoza;TUPUNGATO;Privado;Urbano;9;9;9; ; ; ; ; ;20;6;1;0;2;11;5; ;2;0;4; ;0;1;0;0;0;0;1; ;0;0;1;0; ; ;6;2;1;3;1;1; ;6;6;2;4;3; ; ;9;9;8;1; ; ;3;3;3;2;2;2;2;2; 
Misiones;25 DE MAYO;Estatal;Rural;120;120;120;1; ; ; ; ;54;85;29;15;3;89;36; ;52;4;55; ;8;4;4;2;0;2;2; ;1;0;2;1;64;1;3;5; ;12;41;12;8;53;64;25;35;17;1;69;50;57;55; ; ;2;18;8;65;26; ; ; ; ; 
Misiones;25 DE MAYO;Estatal;Urbano;13;13;13; ; ; ; ; ;5;7;5;3;0;13;1; ;5;0;4; ;0;0;1;0;0;2;0; ;1;0;0;0;11; ;1; ;1;2;6;2;1;9;11;4;3;2;1;6;6;4;3; ; ;1;3;1;6;3; ; ; ; ; 
Misiones;APOSTOLES;Estatal;Rural;30;30;30; ; ; ; ; ;15;15;5;14;1;20;15; ;11;0;14; ;1;2;0;0;0;2;0; ;1;0;1;1;25; ; ;3; ;5;13;4;2;15;22;2;8;1;1;16;13;16;15; ; ;1;6; ;16;5; ; ; ; ; 
Misiones;APOSTOLES;Estatal;Urbano;39;39;39; ; ; ; ; ;19;26;12;3;1;29;11; ;16;10;25; ;2;0;0;0;0;3;1; ;3;0;2;0;23;5; ; ;1;17;5;3;3;24;25;13;12;12;1;14;24;22;22; ; ; ;14;9;20;10; ; ; ; ; 
Misiones;APOSTOLES;Privado;Urbano;6;6;6;2; ; ; ; ;33;35;12;17;8;28;1; ;3;11;18; ;0;4;1;0;0;1;1; ;1;0;1;0; ; ;6;2;2;2;1; ; ;6;5;4;5;6; ;1;5;3;1;1;1; ;6;6;5;5; ;4;4;6;3
Misiones;CAINGUAS;Estatal;Rural;69;69;69; ; ; ; ; ;19;33;7;5;0;27;24; ;16;0;23; ;1;2;0;0;0;1;0; ;0;0;2;2;35;2;4;5; ;2;29;2;5;27;32;7;11;2;2;38;29;20;20; ; ; ;14;2;46;9; ; ; ; ; 
Misiones;CAINGUAS;Estatal;Urbano;122;122;122;3; ; ; ; ;78;84;36;37;1;132;38; ;46;15;59; ;8;3;1;0;0;5;3; ;4;0;2;1;78;11;1;7;3;10;49;22;9;83;77;32;41;22;1;58;63;62;57;3; ;2;39;16;73;31; ; ; ; ; 
Misiones;CAINGUAS;Privado;Urbano;10;10;10;2;1; ; ; ;20;18;11;4;7;33;4; ;6;9;15; ;1;0;0;0;0;2;0; ;1;1;2;0; ;2;8; ; ;7;2;2; ;10;8;5;6;4;2;1;7;7;4;1;1;1;4;3;8;6; ;8;8;7;3
Misiones;CANDELARIA;Estatal;Rural;36;36;36; ; ; ; ; ;14;30;9;2;0;27;10; ;15;2;9; ;2;1;0;0;0;0;0; ;0;0;0;0;27; ; ; ; ;7;18;2;1;21;25;7;12;4;3;14;19;21;20; ; ;1;9;3;18;6; ; ; ; ; 
Misiones;CANDELARIA;Estatal;Urbano;22;22;22; ; ; ; ; ;15;24;6;8;0;21;7; ;25;6;12; ;1;0;1;0;0;1;1; ;0;0;0;0;17;1; ;3; ;13;3; ; ;14;17;6;4;6; ;10;12;16;13; ; ;3;9;5;11;5; ; ; ; ; 
Misiones;CAPITAL;Estatal;Rural;24;24;24; ; ; ; ; ;11;21;2;1;1;24;5; ;20;4;16; ;2;3;0;0;0;1;1; ;2;1;1;0;15;1; ;2; ;7;5;5; ;14;16;8;8;2; ;9;15;15;15; ; ; ;3;1;11;6; ; ; ; ; 
Misiones;CAPITAL;Estatal;Urbano;211;211;209; ; ; ; ;2;135;211;79;28;11;269;72; ;100;31;186; ;22;22;3;3;1;13;7; ;13;0;7;7;153;2;23;8;16;89;36;31;23;162;141;76;84;68;12;52;147;142;123;5;7;7;81;57;126;78; ; ; ; ; 
Misiones;CAPITAL;Privado;Urbano;81;81;81;1;1; ; ;1;170;452;102;218;79;333;23; ;73;42;130; ;11;10;9;9;3;16;2; ;6;2;10;2;3;2;74;25;10;57;7;12;17;79;64;42;61;51; ;2;79;54;10;17;21;6;51;43;51;37;3;46;43;41;32
Misiones;CONCEPCION;Estatal;Rural;22;21;21; ; ; ; ; ;15;13;7;4;0;12;14; ;8;0;16; ;0;2;0;0;0;1;0; ;0;0;0;0;8;2;1;1; ;1;6;2;2;8;10;3;5;3;1;10;11;8;8; ; ; ;6;2;8;5; ; ; ; ; 
Misiones;CONCEPCION;Estatal;Urbano;13;13;13; ; ; ; ; ;6;8;2;1;2;7;6; ;7;2;9; ;2;0;0;0;0;1;2; ;2;0;2;2;11; ; ; ;1;5;3;2;1;6;10;3;4;5; ;5;8;11;8; ; ;3;7;3;10;4; ; ; ; ; 
Misiones;ELDORADO;Estatal;Rural;47;46;46; ; ; ; ; ;17;40;10;0;0;37;14; ;11;8;18; ;2;5;2;0;0;4;1; ;1;3;2;0;21; ; ; ;2;3;11;4;1;21;20;6;13;4;1;18;28;15;12; ; ;3;6;1;20;7; ; ; ; ; 
Misiones;ELDORADO;Estatal;Urbano;70;70;69; ; ; ; ;1;22;53;15;7;1;58;8; ;22;15;37; ;10;10;1;1;0;3;1; ;4;0;2;0;38;1;4;8;1;15;12;5;8;39;39;25;22;17;4;30;36;37;34; ; ;3;24;9;51;25; ; ; ; ; 
Misiones;ELDORADO;Privado;Urbano;13;13;13;1;1; ; ; ;61;43;17;33;18;51;13; ;6;7;39; ;1;1;4;2;0;5;2; ;1;1;2;0; ;1;12;6;2;7;1;2;4;13;8;8;8;8; ;2;11;8;3;2;3; ;10;8;12;7;1;10;10;9;3
Misiones;Enmascarado;Privado;Rural;19;19;19;2;2; ; ; ;27;25;14;3;8;37;2; ;7;17;20; ;2;2;3;1;0;5;0; ;0;0;0;0;10;3;6;1;2;5;5;8;2;19;11;10;11;8;9;2;8;6;4;1; ;1;7;6;17;9; ;4;4;17;3
Misiones;Enmascarado;Privado;Urbano;7;7;7;1; ; ; ; ;7;14;8;3;2;14;2; ;2;1;8; ;0;0;0;0;0;0;0; ;0;0;0;0;1; ;6; ; ;1;4;1;1;7;3;2;4;5; ;4;3;5;2; ;1;2;5;5;6;3; ;5;5;4;1
Misiones;GENERAL MANUEL BELGRANO;Estatal;Rural;75;75;74; ; ; ; ;1;21;43;9;8;0;37;22; ;31;3;42; ;0;2;0;0;0;1;1; ;4;0;1;0;52;2;1;3;4;4;28;7;12;41;44;14;29;8;2;47;26;16;16; ; ; ;12;5;26;16; ; ; ; ; 
Misiones;GENERAL MANUEL BELGRANO;Estatal;Urbano;93;92;92; ;1; ; ; ;33;63;21;15;2;70;22; ;30;5;36; ;5;4;3;1;0;6;2; ;3;0;2;2;60;6;5;1;4;15;30;17;6;54;57;18;30;14;4;49;40;41;36; ; ;5;17;7;33;19; ; ; ; ; 
Misiones;GENERAL MANUEL BELGRANO;Privado;Urbano;6;6;6;2; ; ; ; ;20;13;10;3;4;20;0; ;6;5;9; ;0;0;0;0;0;0;0; ;0;0;0;0;1;1;4; ; ;4;1;1;1;6;5;5;4;4; ;1;5;5;2; ;2;1;5;4;6;3; ;5;5;6;1
Misiones;GUARANI;Estatal;Rural;122;120;119; ;1; ; ; ;29;67;16;9;1;62;16; ;36;0;50; ;8;5;1;0;0;5;1; ;5;1;4;5;64;6;3;5;2;15;32;14;12;56;63;22;34;10;2;67;53;48;39;3;1;5;21;6;49;20; ; ; ; ; 
Misiones;GUARANI;Estatal;Urbano;132;132;132;1; ; ; ;1;81;68;18;12;0;124;24; ;66;7;64; ;13;6;0;5;0;6;1; ;3;0;1;1;96;6;11;7;2;26;43;27;18;93;91;31;41;24;4;68;60;62;60;2; ; ;29;16;61;30; ; ; ; ; 
Misiones;GUARANI;Privado;Urbano;10;10;10;1; ; ; ; ;28;15;13;5;11;30;0; ;6;8;12; ;1;1;0;0;0;1;1; ;0;1;1;0;2; ;8;1; ;3;2;4;2;10;9;5;5;2;2;1;7;5; ;1;4; ;3;3;6;5; ;5;5;5;3
Misiones;IGUAZU;Estatal;Rural;36;36;36; ; ; ; ; ;9;21;1;1;0;14;3; ;8;0;17; ;0;1;0;0;0;0;0; ;0;0;0;1;15;3; ; ; ;5;9;4; ;11;16;4;4;2;1;11;24;8;7; ; ;1;4;1;9;3; ; ; ; ; 
Misiones;IGUAZU;Estatal;Urbano;99;99;98; ; ; ; ;3;52;95;27;52;1;78;30; ;58;13;84; ;7;3;4;1;0;11;2; ;4;0;3;1;61;8;2;3;3;42;13;12;4;60;62;30;36;22;2;38;59;55;51;1;1;2;31;19;42;29; ; ; ; ; 
Misiones;IGUAZU;Privado;Urbano;24;24;24;3; ; ; ; ;67;52;24;30;28;75;18; ;20;7;35; ;2;0;1;1;0;2;0; ;0;0;2;0;1; ;23;14;2;17;4;2;5;24;19;10;17;20;1; ;23;17;3;5;9; ;19;15;17;11; ;15;14;11;6
Misiones;LEANDRO N. ALEM;Estatal;Rural;95;95;94; ; ; ; ;1;38;75;18;9;2;63;27; ;45;0;51; ;2;2;1;1;0;4;1; ;2;0;3;1;76;1;3;2; ;16;41;18;8;72;68;17;33;14; ;46;49;56;53;1;1;1;22;9;57;13; ; ; ; ; 
Misiones;LEANDRO N. ALEM;Estatal;Urbano;46;46;46; ; ; ; ; ;33;50;19;13;2;55;14; ;29;7;40; ;2;0;0;0;0;1;0; ;1;0;0;1;38; ;4;1;1;22;8;9;6;34;36;16;26;13;4;22;20;32;32; ; ; ;14;7;33;13; ; ; ; ; 
Misiones;LEANDRO N. ALEM;Privado;Urbano;6;6;6; ; ; ; ; ;15;16;4;4;5;22;0; ;4;4;8; ;2;0;0;0;1;1;0; ;1;1;1;0;1;1;4; ; ;3;3; ; ;6;6;5;6;4; ; ;6;2;1;1; ; ;4;3;5;3;1;4;4;6;2
Misiones;LIBERTADOR GRL SAN MARTIN;Estatal;Rural;48;47;47; ; ; ; ; ;12;23;13;8;0;26;8; ;17;4;26; ;1;1;1;0;0;0;1; ;1;0;1;0;22;2;1;1;2;3;13;5;6;17;24;8;8;3;1;17;30;11;10;1; ; ;8;3;25;10; ; ; ; ; 
Misiones;LIBERTADOR GRL SAN MARTIN;Estatal;Urbano;60;60;60; ; ; ; ; ;28;47;11;2;1;50;11; ;24;12;38; ;6;1;0;0;0;2;4; ;0;0;1;0;39;4;1;1; ;19;18;5;5;42;36;16;21;12; ;24;36;30;27; ; ;3;17;8;34;14; ; ; ; ; 
Misiones;LIBERTADOR GRL SAN MARTIN;Privado;Rural;7;6;6;1; ; ; ; ;11;13;8;15;13;31;2; ;3;5;4; ;0;0;0;0;0;1;0; ;0;0;0;0;2; ;2; ; ;1; ;3; ;4;3;1;3;1; ;2;5;1;1; ; ; ;3;2;4;3; ;6;6;1; 
Misiones;LIBERTADOR GRL SAN MARTIN;Privado;Urbano;11;11;11; ;4; ; ; ;15;44;16;4;8;34;2; ;9;8;19; ;3;1;1;0;0;4;0; ;0;0;0;0;1; ;10;4;4;4;2;2;4;11;10;7;7;8;2; ;9;9;2;4;3; ;8;7;9;5; ;7;7;5;4
Misiones;MONTECARLO;Estatal;Rural;30;29;29; ; ; ; ; ;12;25;2;2;1;18;7; ;10;0;22; ;0;1;0;0;0;3;1; ;1;0;2;0;14;1;1;2; ;7;5; ;3;16;15;8;8;3;1;16;13;17;16;1; ; ;5;1;19;8; ; ; ; ; 
Misiones;MONTECARLO;Estatal;Urbano;32;31;31; ; ; ; ; ;26;29;20;1;0;50;13; ;17;12;25; ;2;1;1;0;1;2;1; ;0;0;1;0;21;2;1;2;1;9;6;1;8;23;20;13;13;10; ;17;15;10;10; ; ; ;13;9;18;13; ; ; ; ; 
Misiones;MONTECARLO;Privado;Urbano;8;8;8; ; ; ; ; ;12;9;5;6;6;18;6; ;5;4;9; ;0;1;1;0;0;1;1; ;0;0;0;0;2; ;6;1;1; ;2;4; ;7;4;2;3;6;2;1;5;5;2;1;1;1;6;5;7;5; ;5;5;5;2
Misiones;OBERA;Estatal;Rural;130;130;129; ;1; ; ;1;51;92;41;38;2;101;29; ;56;8;69; ;4;5;3;2;0;5;0; ;4;1;4;4;89;3; ;2;5;22;53;12;4;77;88;36;38;21;4;63;63;68;60;3;1;4;23;8;65;25; ; ; ; ; 
Misiones;OBERA;Estatal;Urbano;117;117;116; ; ; ; ;1;44;90;44;14;1;102;33; ;49;11;65; ;7;3;3;0;0;5;2; ;4;0;0;2;91; ; ;7;14;25;35;12;10;72;80;29;36;22;6;55;56;61;56;2; ;3;19;10;51;27; ; ; ; ; 
Misiones;OBERA;Privado;Rural;5;5;5; ; ; ; ; ;8;6;6;1;0;13;2; ;1;2;6; ;0;0;1;0;0;2;0; ;0;0;0;0;2; ;3; ; ;2;2;1; ;5;4;3;3;3; ;1;4;4;2; ;2; ;2;2;3;3; ;2;3;4; 
Misiones;OBERA;Privado;Urbano;11;11;11; ; ; ; ; ;12;23;13;3;11;30;5; ;13;4;18; ;0;1;1;0;0;2;1; ;2;0;2;0;1;1;9;3;3;5;2;1;2;11;8;7;7;6;1; ;10;9;1;2;5;1;7;6;7;5; ;5;5;6;4
Misiones;SAN IGNACIO;Estatal;Rural;65;63;61; ; ; ; ;2;21;42;12;1;0;38;10; ;29;0;25; ;1;3;0;0;0;2;2; ;2;0;1;2;39; ;2;1;1;6;22;10;2;31;35;11;19;5; ;28;37;22;20; ; ;2;8;2;24;9; ; ; ; ; 
Misiones;SAN IGNACIO;Estatal;Urbano;90;90;90; ; ; ; ; ;58;57;17;4;14;93;19; ;36;11;56; ;8;4;3;2;0;3;1; ;2;0;4;1;64; ;3;2;1;16;30;21;5;51;53;21;31;18;4;29;57;35;31; ;2;2;25;11;45;18; ; ; ; ; 
Misiones;SAN IGNACIO;Privado;Rural;6;6;6; ; ; ; ; ;10;5;3;0;3;10;2; ;1;1;4; ;2;0;0;0;0;0;0; ;0;0;0;0;3;1;2; ; ;2;3;1; ;6;5;3;3;1;1;3;2;1; ; ;1; ;2;1;4;2; ;4;4;2; 
Misiones;SAN IGNACIO;Privado;Urbano;8;8;8; ; ; ; ; ;14;8;4;0;1;11;1; ;0;4;8; ;2;1;0;0;0;0;0; ;0;3;2;0; ; ;6;1; ;3; ;2; ;6;4;2;4;3;1; ;7;4; ;1;2;1;4;4;5;4; ;6;5;4;1
Misiones;SAN JAVIER;Estatal;Rural;51;51;51; ; ; ; ; ;25;39;15;5;1;34;18; ;25;1;34; ;3;2;2;2;1;2;3; ;2;0;2;1;41;1; ;2;4;3;18;15;2;38;35;9;16;3;2;35;14;36;36; ; ; ;14;2;44;16; ; ; ; ; 
Misiones;SAN JAVIER;Estatal;Urbano;18;18;18; ; ; ; ; ;13;19;4;0;0;18;3; ;11;6;17; ;0;0;0;0;0;0;0; ;0;0;1;0;15; ; ; ; ;6;7;1;1;13;13;4;7;3; ;9;9;12;12; ; ; ;3;2;15;4; ; ; ; ; 
Misiones;SAN PEDRO;Estatal;Rural;82;76;75;1;1; ; ; ;22;44;9;9;0;35;14; ;25;1;26; ;0;0;0;0;0;0;0; ;0;1;0;1;36;2;2;2; ;7;24;5;4;29;35;5;15; ;1;38;43;32;27; ;1;4;4;1;29;4; ; ; ; ; 
Misiones;SAN PEDRO;Estatal;Urbano;63;62;62;1; ; ; ; ;23;39;13;0;3;57;3; ;23;12;31; ;6;3;0;0;0;4;3; ;1;0;4;2;38;2;2;1; ;13;15;10;8;36;39;12;19;7;4;24;35;23;14;4;2;3;12;5;39;13; ; ; ; ; 
Misiones;SAN PEDRO;Privado;Rural;4;4;4;1; ; ; ; ;3;4;1;7;0;5;0; ;0;3;5; ;1;2;1;4;0;2;0; ;0;1;2;0;2; ;2; ; ; ;3;1; ;4;3;2;1; ;1;1;2;1;1; ; ; ;1;1;2;1; ;1;1;3;1
Neuquén;ALUMINE;Estatal;Rural;15;15;15; ; ; ; ; ;10;14;7;2;8;27;8; ;6;0;9; ;1;0;0;0;0;0;0; ;0;0;0;0;15; ; ;2; ;6;9; ;4;15;13;8;7;6; ; ;15;15;15; ; ; ;4;2;11;6; ; ; ; ; 
Neuquén;AÑELO;Estatal;Urbano;17;17;16;1; ; ; ; ;11;20;9;10;6;33;5; ;13;6;17; ;4;4;3;0;1;11;0; ;2;2;2;0;17; ; ;4; ;10;2;1;3;17;9;5;5;4; ; ;17;17;17; ; ; ;4;1;10;8; ; ; ; ; 
Neuquén;CATAN LIL;Estatal;Rural;13;13;6;5;6; ; ;1;15;14;6;2;0;21;5; ;8;1;9; ;1;0;0;0;0;2;0; ;0;0;1;0;12; ;1;1; ;2;11; ;1;11;9;6;6;1; ; ;13;13;13; ; ; ;2; ;9;3; ; ; ; ; 
Neuquén;CHOS MALAL;Estatal;Rural;13;13;12;2;1; ; ; ;17;13;8;0;1;20;6; ;6;0;7; ;0;0;1;0;0;2;0; ;0;0;0;0;11;1; ;2;1;2;7; ;3;12;9;2;4;2; ;4;9;13;13; ; ; ;6;1;9;6; ; ; ; ; 
Neuquén;CHOS MALAL;Estatal;Urbano;13;13;13; ; ; ; ; ;41;17;12;0;1;35;8; ;8;2;18; ;5;0;0;0;0;0;1; ;1;0;1;0;12; ;1;5;2;5;4;1;4;13;4;9;6;6;1;1;11;13;13; ; ; ;6;5;12;11; ; ; ; ; 
Neuquén;COLLON CURA;Estatal;Rural;6;6;3;1;4; ; ; ;5;4;1;0;2;5;0; ;3;0;1; ;0;0;0;0;0;0;0; ;0;0;0;0;6; ; ;2; ;1;4; ;1;6;2; ;1; ; ; ;6;6;6; ; ; ;1; ;2;1; ; ; ; ; 
Neuquén;CONFLUENCIA;Estatal;Rural;13;13;13; ; ; ; ; ;7;14;5;4;3;21;2; ;7;0;13; ;5;1;0;0;1;4;1; ;2;0;2;0;10;3; ;4; ;7;5;1;2;13;8;6;5;4; ; ;13;13;13; ; ; ;6;2;12;8; ; ; ; ; 
Neuquén;CONFLUENCIA;Estatal;Urbano;236;235;234; ;1; ; ;2;147;309;168;44;42;622;68; ;166;39;257; ;52;39;9;15;2;46;4; ;27;1;18;8;224;3;5;116;20;137;12;31;28;231;127;127;109;68;5;6;225;236;233;2;1; ;92;62;206;179; ; ; ; ; 
Neuquén;CONFLUENCIA;Privado;Urbano;113;113;113;3;1; ; ;1;196;358;120;230;146;298;47; ;83;6;196; ;13;15;6;14;9;14;4; ;13;1;20;0;1;2;109;40;10;67;19;16;38;111;95;46;82;47;7;3;103;111;93;11;7; ;44;35;68;40;1;19;17;16;5
Neuquén;Enmascarado;Estatal;Rural;6;6;3;2;2; ; ;1;8;7;6;0;1;11;0; ;4;2;4; ;0;0;0;0;0;0;0; ;0;0;0;0;6; ; ; ; ;1;5; ;1;6;4;2;4;1; ; ;6;6;6; ; ; ;2;1;5;5; ; ; ; ; 
Neuquén;Enmascarado;Estatal;Urbano;26;26;26; ; ; ; ; ;34;39;16;4;10;61;18; ;19;0;29; ;9;7;2;2;0;5;2; ;4;0;3;1;23;1;2;4;1;14;11;4;2;24;14;8;11;3; ; ;26;26;26; ; ; ;8;4;22;19; ; ; ; ; 
Neuquén;Enmascarado;Privado;Rural;4;4;4; ; ; ; ; ;5;4;3;0;2;8;0; ;2;1;3; ;0;4;0;0;0;0;0; ;0;0;0;0;1; ;3;2; ; ;2;1;1;4;3;2;3;1; ;1;3;4;4; ; ; ;1;1;2;2; ;1;1;2; 
Neuquén;Enmascarado;Privado;Urbano;14;14;14; ; ; ; ; ;25;30;9;38;9;22;14; ;12;0;12; ;1;2;0;0;0;5;5; ;1;0;1;0;2; ;12;2; ;11;4; ;1;14;9;3;6;8; ; ;14;14;10;2;2; ;7;6;11;7; ;3;2;2; 
Neuquén;HUILICHES;Estatal;Rural;13;13;12;1;1; ; ; ;10;14;3;1;2;14;2; ;9;0;9; ;1;2;0;0;1;2;0; ;0;0;0;0;11;1; ;2; ;4;6;2;2;12;8;1;5; ; ; ;13;13;13; ; ; ;1;1;4;1; ; ; ; ; 
Neuquén;HUILICHES;Estatal;Urbano;11;11;11; ; ; ; ; ;11;15;6;3;3;33;2; ;7;4;10; ;4;6;2;0;0;4;1; ;0;0;2;2;11; ; ;3; ;8;2;2;2;11;7;7;6;1; ;2;9;11;11; ; ; ;4;2;10;10; ; ; ; ; 
Neuquén;HUILICHES;Privado;Urbano;5;5;5; ; ; ; ; ;5;10;7;2;2;12;1; ;4;0;5; ;3;1;0;0;0;3;0; ;2;0;1;0; ; ;5; ;1;3; ;2;1;4;1;3;4;4;1; ;4;5;4; ; ;1;4;3;4;4; ;2;3;2; 
Neuquén;LACAR;Estatal;Rural;9;9;7;2;2; ; ; ;4;11;10;1;0;17;3; ;8;0;10; ;2;1;0;0;0;5;0; ;0;0;2;0;9; ; ;3; ;3;4;1; ;9;7;1;5;1;1; ;8;9;9; ; ; ;4; ;8;4; ; ; ; ; 
Neuquén;LACAR;Estatal;Urbano;23;23;23; ; ; ; ; ;27;21;25;3;3;63;6; ;15;3;22; ;10;7;0;0;0;7;0; ;3;0;6;1;14;8;1;9;2;9;2;4;2;23;19;16;13;10;4;3;16;23;23; ; ; ;12;7;22;19; ; ; ; ; 
Neuquén;LACAR;Privado;Urbano;11;11;11;4; ; ; ; ;53;15;8;2;3;25;4; ;9;2;13; ;0;0;0;0;0;0;1; ;1;0;0;0;1;4;6;5;2;7;1;4; ;10;11;5;7;6; ; ;11;11;9;1;1; ;6;6;7;6;1;2;3;2; 
Neuquén;LONCOPUE;Estatal;Rural;11;11;8;3;3; ; ; ;8;8;2;1;2;7;2; ;6;0;7; ;2;1;0;0;0;0;0; ;1;0;0;0;10; ; ;3; ;3;7; ;2;10;7;2;4;1; ; ;11;11;11; ; ; ;3;1;6;4; ; ; ; ; 
Neuquén;LOS LAGOS;Estatal;Urbano;12;12;12; ; ; ; ; ;36;14;12;1;3;35;2; ;8;2;13; ;7;1;3;0;0;10;0; ;1;1;2;0;9;1;2;5; ;2;3;2;2;12;9;5;5;3;3;4;5;12;12; ; ; ;4;2;9;7; ; ; ; ; 
Neuquén;LOS LAGOS;Privado;Urbano;5;5;5; ; ; ; ; ;22;3;3;31;6;9;2; ;2;1;6; ;2;1;0;10;0;2;0; ;0;1;0;0; ;2;3; ; ;3;2; ;1;3;5;3;4;3; ; ;5;5;5; ; ; ;2;1;2;1; ;1;1;2; 
Neuquén;MINAS;Estatal;Rural;22;22;22; ; ; ; ; ;11;30;13;2;2;35;11; ;17;2;18; ;1;2;1;0;0;1;0; ;1;0;0;0;22; ; ;3;1;4;13;3;3;22;18;9;14;5;1; ;21;22;22; ; ; ;7;2;18;9; ; ; ; ; 
Neuquén;ÑORQUIN;Estatal;Rural;19;19;18;1;1; ; ; ;17;22;15;6;0;32;8; ;13;2;17; ;3;2;1;1;0;3;1; ;1;0;1;0;18;1; ;2;1;3;13;2;2;18;11;7;9;1; ; ;19;19;18;1; ; ;6;4;14;10; ; ; ; ; 
Neuquén;PEHUENCHES;Estatal;Rural;9;9;7;2;2; ; ; ;9;8;4;0;1;14;5; ;8;0;7; ;0;0;0;0;0;0;0; ;0;0;0;0;8; ; ; ; ; ;7;1; ;8;6;2;5; ; ; ;9;9;9; ; ; ; ; ;5;4; ; ; ; ; 
Neuquén;PEHUENCHES;Estatal;Urbano;20;20;20; ; ; ; ; ;12;25;13;1;4;41;5; ;10;5;18; ;6;9;3;0;0;4;2; ;1;0;4;1;17;2; ;7; ;8;6;1; ;19;7;9;7;3;1;1;18;20;20; ; ; ;7;3;14;13; ; ; ; ; 
Neuquén;PICUN LEUFU;Estatal;Rural;5;5;5; ; ; ; ; ;5;5;3;0;3;8;3; ;4;0;6; ;0;0;0;0;0;0;0; ;0;0;0;0;5; ; ; ; ; ;5; ;1;5;4;1;3;1; ; ;5;5;5; ; ; ;1; ;2;1; ; ; ; ; 
Neuquén;PICUN LEUFU;Estatal;Urbano;5;5;5; ; ; ; ; ;6;6;3;1;3;7;1; ;3;0;6; ;1;0;0;0;0;0;0; ;0;0;0;0;5; ; ;1;1;2;1; ;1;5;3;2;3;1;1; ;4;5;5; ; ; ;1;1;4;3; ; ; ; ; 
Neuquén;PICUNCHES;Estatal;Rural;9;9;9; ; ; ; ; ;8;11;2;0;0;19;3; ;3;0;5; ;0;0;0;0;0;1;0; ;1;0;0;0;9; ; ;1; ;3;6;2; ;6;5;4;5;1; ;1;8;9;9; ; ; ;4; ;7;4; ; ; ; ; 
Neuquén;ZAPALA;Estatal;Rural;16;16;12;3;4; ; ; ;15;18;7;1;2;21;4; ;12;0;15; ;0;1;1;0;0;1;0; ;0;0;1;0;15; ; ;3;1;6;4;2;2;14;10;5;5;2; ; ;16;16;16; ; ; ;5; ;10;6; ; ; ; ; 
Neuquén;ZAPALA;Estatal;Urbano;28;28;28; ; ; ; ; ;24;31;25;6;3;64;12; ;18;6;30; ;8;3;2;1;0;11;0; ;3;0;4;0;28; ; ;15;2;12;9;6;4;28;17;14;9;9; ;2;26;28;28; ; ; ;11;8;24;21; ; ; ; ; 
Río Negro;25 DE MAYO;Estatal;Rural;10;10;5;4;3; ; ; ;9;9;5;2;0;14;3; ;7;1;9; ;0;2;0;0;0;2;0; ;1;0;1;0;9;1; ;1; ;3;8; ; ;7;10;4;7;1; ; ;10;8;8; ; ; ;3; ;8;4; ; ; ; ; 
Río Negro;25 DE MAYO;Estatal;Urbano;23;23;23; ; ; ; ;1;32;29;20;7;0;65;20; ;15;14;35; ;2;0;1;0;0;6;1; ;1;0;2;1;20;3; ;9;1;7;6;7;3;23;17;12;14;14; ;3;20;20;20; ; ; ;16;10;16;10; ; ; ; ; 
Río Negro;9 DE JULIO;Estatal;Rural;17;17;17; ; ; ; ; ;16;20;11;5;1;30;8; ;10;0;22; ;0;0;0;0;0;1;0; ;0;0;0;0;16;1; ;3; ;5;12;2; ;14;14;4;6;3; ;2;15;8;8; ; ; ;3;2;6;4; ; ; ; ; 
Río Negro;ADOLFO ALSINA;Estatal;Rural;11;11;11; ; ; ; ; ;12;16;5;0;0;21;2; ;8;1;8; ;2;1;0;0;0;0;0; ;0;0;0;0;10;1; ;1; ;5;7;1;2;11;7;5;6;5; ;1;10;10;10; ; ; ;6;3;9;4; ; ; ; ; 
Río Negro;ADOLFO ALSINA;Estatal;Urbano;60;60;60; ; ; ; ; ;73;74;43;19;8;125;43; ;42;11;77; ;15;8;5;1;0;12;3; ;6;1;7;5;54;2;2;35;9;30;4;15;3;58;47;29;32;23;6;3;51;54;52; ;2; ;29;17;50;29; ; ; ; ; 
Río Negro;ADOLFO ALSINA;Privado;Urbano;25;25;25; ; ; ; ; ;60;30;17;25;30;59;14; ;11;0;39; ;1;0;0;0;0;0;1; ;0;0;0;0; ; ;25;5;3;11;3;7;4;25;17;6;12;6;4; ;21;18;14;2;2; ;4;4;12;5;5;11;8;5; 
Río Negro;AVELLANEDA;Estatal;Rural;12;12;12; ; ; ; ; ;18;19;6;4;0;27;6; ;7;0;10; ;1;0;0;0;0;0;0; ;0;0;0;0;12; ; ;1;2;7;5; ; ;12;11;4;9;2;1; ;11;12;12; ; ; ;3;1;10;3; ; ; ; ; 
Río Negro;AVELLANEDA;Estatal;Urbano;40;40;40; ; ; ; ;1;51;60;22;9;4;101;16; ;29;36;50; ;14;12;5;2;3;14;2; ;6;1;7;1;40; ; ;4;6;29;2;6;3;40;34;25;25;21;3;3;34;38;34;4; ; ;20;9;32;22; ; ; ; ; 
Río Negro;AVELLANEDA;Privado;Urbano;5;5;5; ; ; ; ; ;11;7;3;2;3;18;0; ;0;0;5; ;0;0;0;0;0;0;0; ;0;0;0;0; ; ;5;1;1;4; ; ; ;5;4;3;2;2; ; ;5;5;3;2; ; ;3;2;4;2; ;3;3;2; 
Río Negro;BARILOCHE;Estatal;Rural;18;18;18; ; ; ; ; ;17;24;10;1;1;39;5; ;7;5;17; ;1;1;1;0;0;2;0; ;0;0;1;0;16;2; ;2;1;4;10;2; ;18;13;8;6;3; ;4;14;17;17; ; ; ;4;2;12;7; ; ; ; ; 
Río Negro;BARILOCHE;Estatal;Urbano;88;88;88; ; ; ; ;1;105;117;59;17;19;207;50; ;71;15;132; ;16;3;2;0;0;12;2; ;2;0;1;2;85;2;1;44;20;36;7;23;9;88;63;46;50;39;3;9;76;79;77;2; ; ;41;30;66;48; ; ; ; ; 
Río Negro;BARILOCHE;Privado;Urbano;60;60;60;5; ; ; ; ;320;156;60;156;42;207;25; ;29;21;121; ;11;13;2;3;1;6;2; ;3;0;2;1; ;1;58;22;9;13;14;16;11;59;49;29;41;39;2;1;57;47;31;7;8;1;38;33;36;27;4;13;10;10; 
Río Negro;CONESA;Estatal;Urbano;8;8;8; ; ; ; ; ;6;9;9;1;0;18;5; ;3;4;8; ;2;2;0;0;0;2;0; ;0;0;0;0;8; ; ;2;1;3; ;1;1;8;5;4;2;3;1;1;6;7;7; ; ; ;3;2;7;2; ; ; ; ; 
Río Negro;EL CUY;Estatal;Rural;14;14;12;2;3; ; ; ;16;17;5;1;1;24;2; ;12;0;10; ;0;0;0;0;0;0;0; ;0;0;0;0;13;1; ; ; ;3;11;2; ;9;12;1;8;3; ; ;14;8;8; ; ; ;1; ;5;2; ; ; ; ; 
Río Negro;Enmascarado;Estatal;Rural;14;14;14; ; ; ; ; ;13;20;10;5;1;25;3; ;12;3;17; ;1;0;0;0;0;1;0; ;0;0;0;1;13; ; ;1;3;3;5;4; ;12;13;7;8;6;1;6;7;12;12; ; ; ;6;2;9;5; ; ; ; ; 
Río Negro;Enmascarado;Estatal;Urbano;8;8;8; ; ; ; ; ;13;11;3;4;1;14;3; ;8;0;9; ;1;1;0;0;0;2;0; ;0;0;0;0;8; ; ; ;1;3;5; ; ;8;5;3;4;1; ;4;4;8;8; ; ; ;1;1;6;3; ; ; ; ; 
Río Negro;Enmascarado;Privado;Rural;2;2;2; ;1; ; ; ;7;5;2;1;2;4;2; ;1;3;2; ;0;0;0;0;0;0;2; ;0;0;0;0;1; ;1; ; ; ;1;1; ;2;2;1;1;1; ; ;2;2;2; ; ; ;1;1;2;2; ; ; ;1; 
Río Negro;Enmascarado;Privado;Urbano;10;10;10; ; ; ; ; ;17;10;4;0;1;11;4; ;3;0;5; ;0;0;1;0;0;1;0; ;0;0;0;0;1; ;8; ;1;5; ;1;2;9;6;3;4;5;1;2;7;6;5;1; ; ;5;4;6;3; ;2;3;1; 
Río Negro;GENERAL ROCA;Estatal;Rural;40;40;40; ; ; ; ; ;45;55;19;13;1;83;10; ;23;0;53; ;2;2;0;0;0;0;0; ;2;0;3;1;36;3; ;1;2;14;15;8;3;38;24;10;14;9; ;1;39;30;30; ; ; ;13;6;20;10; ; ; ; ; 
Río Negro;GENERAL ROCA;Estatal;Urbano;252;252;252; ; ; ; ;1;313;351;163;43;35;551;119; ;166;69;358; ;53;32;5;3;0;29;10; ;10;1;11;6;238;2;10;70;27;112;22;54;23;242;161;103;114;86;3;32;217;223;221; ;2; ;108;64;187;114; ; ; ; ; 
Río Negro;GENERAL ROCA;Privado;Urbano;99;99;99; ; ; ; ;1;283;200;77;161;99;271;74; ;56;4;216; ;11;7;5;5;1;7;4; ;0;0;11;0; ; ;99;26;4;63;9;24;18;99;92;44;75;48;2; ;97;76;58;8;10; ;44;41;57;37;3;24;24;16; 
Río Negro;ÑORQUINCO;Estatal;Rural;12;12;9;3;3; ; ; ;11;14;7;5;0;17;2; ;10;1;11; ;0;0;0;0;0;1;0; ;0;0;1;0;11;1; ;1; ;1;10;1;2;12;10;5;8;2; ;1;11;10;10; ; ; ;1; ;10;3; ; ; ; ; 
Río Negro;PICHI MAHUIDA;Estatal;Urbano;14;14;14; ; ; ; ; ;11;20;13;21;1;34;9; ;13;3;17; ;4;2;2;0;0;4;0; ;0;0;1;1;12;1;1;8;2;5;2;4;1;14;11;8;8;6; ;1;13;14;13; ; ;1;9;3;11;6; ; ; ; ; 
Río Negro;PILCANIYEU;Estatal;Rural;21;21;14;4;7; ; ; ;30;30;15;7;2;37;9; ;17;3;18; ;6;0;1;1;1;3;0; ;2;0;1;0;18;2;1;2;2;1;17;2; ;18;20;11;14;5; ;2;19;17;17; ; ; ;5;4;16;12; ; ; ; ; 
Río Negro;SAN ANTONIO;Estatal;Urbano;32;32;32; ;1; ; ; ;40;46;28;2;1;68;20; ;29;13;43; ;13;4;0;0;0;2;1; ;1;0;2;1;29;3; ;10;4;18;6;4;1;32;28;20;21;17;1;7;24;30;29; ;1; ;16;10;27;21; ; ; ; ; 
Río Negro;VALCHETA;Estatal;Rural;9;9;9; ;1; ; ; ;10;8;3;2;0;11;2; ;6;0;6; ;1;0;0;0;0;0;0; ;1;0;0;0;9; ; ; ; ; ;7;1;1;7;8;4;5;1; ; ;9;8;8; ; ; ;2; ;7;5; ; ; ; ; 
Salta;ANTA;Estatal;Rural;44;44;32;4;12; ; ; ;24;27;5;2;1;42;11; ;24;0;26; ;1;2;1;1;0;0;0; ;2;0;0;0;29; ; ;3;1;5;18;2;4;21;14;4;11; ; ;33;11;31;31; ; ; ;5; ;21;8; ; ; ; ; 
Salta;ANTA;Estatal;Urbano;38;37;31;2;6; ; ; ;38;45;18;31;0;62;12; ;17;17;40; ;5;2;0;0;0;0;0; ;1;0;0;1;21;3;8;2;2;11;15;2;5;31;8;3;10;4;1;24;13;32;30; ; ;2;10;5;25;13; ; ; ; ; 
Salta;CACHI;Estatal;Rural;19;19;15; ;5; ; ; ;29;20;9;3;0;25;12; ;10;4;15; ;3;0;0;0;0;2;0; ;0;0;1;0;15;1;1;1;1;2;11;3;4;13;11;6;6;5;1;17;1;12;12; ; ; ;8; ;16;7; ; ; ; ; 
Salta;CAFAYATE;Estatal;Rural;5;5;3; ;3; ; ; ;3;3;0;0;0;5;2; ;2;0;3; ;0;0;0;0;0;0;0; ;0;0;0;0;4; ; ; ; ;1;3;1; ;3;3;2;1; ; ;5; ;3;3; ; ; ;2; ;4;2; ; ; ; ; 
Salta;CAFAYATE;Estatal;Urbano;12;12;12; ; ; ; ; ;14;19;6;3;0;20;3; ;3;11;17; ;1;1;2;0;0;1;0; ;0;0;0;0;8; ;3;2; ;5; ;3;2;11;5;5;5;4; ;7;5;7;7; ; ; ;5;3;9;6; ; ; ; ; 
Salta;CAPITAL;Estatal;Rural;8;8;7; ;1; ; ; ;6;9;2;2;1;14;1; ;3;0;10; ;2;0;0;0;0;1;0; ;0;0;1;0;5;1; ; ; ;4;2; ; ;6;3;1;1;1; ;8; ;6;6; ; ; ;1; ;8;2; ; ; ; ; 
Salta;CAPITAL;Estatal;Urbano;195;195;195;3;2; ; ; ;353;303;139;99;37;518;73; ;139;41;284; ;74;32;7;5;1;30;12; ;17;3;34;4;143;6;36;64;12;133;9;16;25;179;118;87;78;59;8;97;90;153;145;2;5;1;82;55;165;115; ; ; ; ; 
Salta;CAPITAL;Privado;Urbano;94;94;94;1;1; ; ;1;323;496;101;251;116;436;88; ;67;12;220; ;26;18;4;14;1;9;4; ;3;0;3;2; ; ;94;32;17;69;7;8;27;94;80;51;74;50;1;1;92;71;27;23;19;2;55;48;79;48; ;26;33;43;8
Salta;CERRILLOS;Estatal;Rural;10;10;10; ; ; ; ; ;10;12;3;1;0;13;3; ;5;0;15; ;1;1;0;0;0;0;0; ;0;0;0;1;8; ;1;1; ;3;3;2;1;9;5;2;6;2; ;10; ;9;9; ; ; ;4;2;7;5; ; ; ; ; 
Salta;CERRILLOS;Estatal;Urbano;16;16;16; ; ; ; ; ;31;18;12;6;2;30;2; ;11;6;25; ;6;3;2;0;1;2;0; ;1;0;1;2;12; ;3;2; ;11;2;3;2;15;12;9;8;5;2;10;4;11;9;1;1; ;9;2;12;6; ; ; ; ; 
Salta;CHICOANA;Estatal;Rural;15;14;10;2;4; ; ; ;18;15;3;2;1;17;3; ;7;1;16; ;4;2;0;0;0;2;0; ;0;0;2;1;12;1; ;1; ;5;5;1;1;12;8;3;3;2; ;15; ;10;10; ; ; ;8;6;11;5; ; ; ; ; 
Salta;CHICOANA;Estatal;Urbano;10;10;10; ; ; ; ; ;18;10;5;5;1;29;4; ;2;9;15; ;4;9;0;0;0;4;1; ;0;0;4;1;6; ;4; ;1;6;3;2; ;10;6;4;8;5; ;6;4;9;9; ; ; ;5;3;9;5; ; ; ; ; 
Salta;Enmascarado;Estatal;Urbano;15;15;15; ; ; ; ; ;22;23;18;0;2;34;11; ;9;5;12; ;4;2;0;0;0;0;2; ;0;0;0;0;11;1;2;1; ;4;3;4;2;14;9;8;8;6; ;9;6;10;10; ; ; ;8;7;13;9; ; ; ; ; 
Salta;Enmascarado;Privado;Rural;2;2;2; ; ; ; ; ;3;4;3;0;2;8;0; ;0;0;5; ;0;0;1;0;0;2;0; ;0;0;0;0;1; ;1;1; ; ;1; ;1;2;1;1;1;1; ;1;1;1;1; ; ; ;1;1;1;1; ;2;2;2; 
Salta;Enmascarado;Privado;Urbano;28;28;27;1;1; ; ; ;56;47;22;49;12;70;6; ;13;2;29; ;5;2;2;0;0;4;0; ;0;0;0;0; ;1;23;4;3;14;4;4;3;24;14;8;14;9; ;1;27;14;9;2;3; ;9;7;19;10; ;10;10;10; 
Salta;GENERAL GUEMES;Estatal;Rural;18;18;16; ;2; ; ; ;19;16;5;0;1;19;5; ;12;0;21; ;2;1;1;1;0;1;1; ;1;1;1;0;13;1;1; ; ;5;6;5; ;14;11;4;5;3;1;17; ;10;10; ; ; ;3;1;13;8; ; ; ; ; 
Salta;GENERAL GUEMES;Estatal;Urbano;25;25;25; ; ; ; ; ;33;26;11;14;0;55;5; ;8;8;30; ;5;2;1;1;0;4;1; ;1;1;5;7;19; ;3;5;6;11;1;1;4;22;9;6;5;3;1;15;9;18;17; ; ;1;8;5;18;14; ; ; ; ; 
Salta;GENERAL JOSE DE SAN MARTIN;Estatal;Rural;60;55;37;4;18; ; ; ;40;47;16;6;0;46;8; ;16;3;49; ;1;0;0;0;0;1;1; ;0;2;2;1;18;2;1;2; ;10;8;2;1;21;8;4;4; ;1;47;12;29;28; ;1; ;7;2;20;6; ; ; ; ; 
Salta;GENERAL JOSE DE SAN MARTIN;Estatal;Urbano;81;80;77;1;3; ; ; ;66;94;34;18;1;131;20; ;31;33;81; ;10;6;1;1;0;15;0; ;4;3;6;2;45;2;16;10;5;38;15;5;6;61;23;15;13;15;4;51;26;61;58; ;2;1;24;15;65;38; ; ; ; ; 
Salta;GENERAL JOSE DE SAN MARTIN;Privado;Urbano;14;14;14;1; ; ; ; ;43;32;16;10;6;42;6; ;5;3;22; ;0;0;1;0;0;1;0; ;0;0;1;0; ; ;12;6;2;5;4;1;1;12;8;6;8;5;1;1;12;6;6; ; ; ;7;6;7;5; ;8;8;10; 
Salta;GUACHIPAS;Estatal;Rural;10;9;4;2;5; ; ; ;15;7;3;1;0;10;5; ;6;0;10; ;1;1;0;0;0;0;0; ;1;0;1;1;8; ; ;1; ;1;5;1; ;5;6;2;3;2; ;8;2;7;7; ; ; ;5;1;6;2; ; ; ; ; 
Salta;IRUYA;Estatal;Rural;30;29;12; ;18; ; ; ;31;26;6;1;1;31;7; ;13;3;24; ;2;4;2;1;1;3;0; ;2;0;2;0;25; ;1;1; ;9;9;5;3;23;20;10;15;4; ;21;9;21;21; ; ; ;7; ;24;14; ; ; ; ; 
Salta;LA CALDERA;Estatal;Rural;6;6;5; ;1; ; ; ;4;3;1;1;0;6;0; ;4;0;3; ;1;1;0;0;0;0;0; ;0;0;0;0;4;1; ; ; ;4;1; ; ;4;3;1;3;1; ;5;1;2;2; ; ; ;2;2;4;4; ; ; ; ; 
Salta;LA CALDERA;Estatal;Urbano;10;10;10; ; ; ; ; ;12;11;5;1;1;16;3; ;2;3;11; ;0;0;0;0;0;0;0; ;0;0;0;0;3;1;5; ;1;6; ;3;1;9;2; ;3;1; ;5;5;8;8; ; ; ;6;3;8;4; ; ; ; ; 
Salta;LA CANDELARIA;Estatal;Rural;7;7;7; ; ; ; ; ;5;6;0;1;0;12;1; ;3;0;7; ;2;0;0;0;0;0;0; ;0;0;0;0;3;1; ; ; ;1;3; ; ;4;1;1;1; ; ;7; ;4;4; ; ; ;2;1;6;4; ; ; ; ; 
Salta;LA POMA;Estatal;Rural;11;11;7;1;4; ; ; ;12;12;6;19;1;15;4; ;1;0;9; ;1;0;0;0;0;0;0; ;0;0;0;0;5;1;4; ; ;1;6;3; ;10;5;1;2;1; ;10;1;10;9;1; ; ;3; ;9;2; ; ; ; ; 
Salta;LA VIÑA;Estatal;Rural;4;4;3; ;1; ; ; ;7;4;2;0;0;8;0; ;1;0;5; ;3;0;0;0;0;1;0; ;0;0;0;0;1;1; ; ; ; ;1; ;1;2;1;1;1;1; ;3;1;3;3; ; ; ;2;1;3;3; ; ; ; ; 
Salta;LA VIÑA;Estatal;Urbano;6;6;6; ; ; ;1; ;11;13;2;1;0;11;3; ;4;0;11; ;0;0;1;1;0;0;1; ;2;1;1;0;5;1; ; ; ;3;1;1;1;5;5;2;3;2; ;3;3;4;4; ; ; ;2;2;6;4; ; ; ; ; 
Salta;LOS ANDES;Estatal;Rural;7;7;5;2;3; ; ; ;11;7;1;0;0;10;1; ;2;1;6; ;0;0;0;0;0;0;0; ;0;0;0;0;5;1; ; ; ;5;1; ; ;5;6;2;2;1; ;7; ;4;4; ; ; ;1;1;3;2; ; ; ; ; 
Salta;LOS ANDES;Estatal;Urbano;7;7;7; ; ; ; ; ;23;10;2;0;2;11;5; ;6;3;10; ;2;0;0;0;0;0;1; ;0;0;0;0;6; ; ;1; ;2;1;1;1;6;4;2;5;2; ;5;2;5;5; ; ; ;1; ;5;3; ; ; ; ; 
Salta;METAN;Estatal;Rural;23;23;23;1; ; ; ; ;17;13;5;2;0;28;6; ;7;1;23; ;1;0;0;0;0;1;0; ;0;0;2;0;15;1;4;1;1;6;13; ;2;19;14;2;3;1; ;20;3;18;18; ; ; ;5;1;9;2; ; ; ; ; 
Salta;METAN;Estatal;Urbano;20;20;20; ; ; ; ; ;19;28;4;5;2;38;5; ;14;10;30; ;1;1;0;1;0;0;0; ;1;0;0;0;9;2;6;3;1;10;2;4;2;17;10;6;6;5; ;13;7;14;13; ;1; ;11;9;19;14; ; ; ; ; 
Salta;MOLINOS;Estatal;Rural;21;21;13;3;9; ; ;2;32;28;10;3;0;32;5; ;9;2;28; ;4;5;1;0;0;2;0; ;1;0;4;0;18;1;2;2; ;1;12;6;2;20;16;9;8;4; ;19;2;11;11; ; ; ;7;5;19;8; ; ; ; ; 
Salta;ORAN;Estatal;Rural;18;17;7;1;8; ;1;1;15;12;0;1;0;11;4; ;7;1;13; ;7;2;0;0;0;1;1; ;1;0;3;2;12; ;1;2; ;2;8;1;2;9;8;1;3;1; ;16;2;13;13; ; ; ;3; ;12;6; ; ; ; ; 
Salta;ORAN;Estatal;Urbano;89;88;81;3;7; ; ; ;115;74;30;8;2;126;17; ;44;15;103; ;11;6;2;0;0;14;0; ;4;0;8;0;64;2;12;17;8;38;19;6;7;75;26;16;20;10;2;52;35;61;60;1; ; ;18;10;60;41; ; ; ; ; 
Salta;ORAN;Privado;Urbano;8;8;8; ; ; ; ; ;32;24;4;9;2;24;2; ;1;0;13; ;0;1;0;0;0;1;0; ;1;0;0;0; ; ;7;3; ;7; ; ;1;7;2;2;2;1; ;1;7;5;3; ;2; ;1;1;4;2; ;4;4;5; 
Salta;RIVADAVIA;Estatal;Rural;106;104;40;16;63; ; ; ;75;64;10;11;0;60;8; ;27;7;82; ;3;1;0;0;0;4;0; ;0;0;3;0;40;3;1;3; ;6;34;1;5;35;24;8;9;5;5;94;7;61;60;1; ; ;17;3;44;12; ; ; ; ; 
Salta;RIVADAVIA;Estatal;Urbano;17;17;16; ;1; ; ; ;13;19;1;3;0;24;4; ;7;9;17; ;2;1;0;0;0;1;0; ;0;0;0;0;13; ; ; ;1;3;7;2; ;13;5;4;5;3;1;12;4;10;10; ; ; ;5;4;11;5; ; ; ; ; 
Salta;ROSARIO DE LA FRONTERA;Estatal;Rural;26;25;18;1;6; ; ;1;15;20;2;1;0;19;3; ;7;4;17; ;0;0;0;0;0;0;0; ;1;0;0;0;13; ; ; ;1;2;5;3;2;13;6;1;2; ; ;21;5;12;12; ; ; ;7;1;15;4; ; ; ; ; 
Salta;ROSARIO DE LA FRONTERA;Estatal;Urbano;15;15;15; ; ; ; ; ;14;25;15;2;2;30;4; ;11;2;19; ;0;0;0;0;0;0;0; ;0;0;0;0;3;4;7;4;2;8; ;2;2;14;7;5;4;2; ;11;4;10;10; ; ; ;1;1;9;5; ; ; ; ; 
Salta;ROSARIO DE LERMA;Estatal;Rural;24;24;11; ;13; ; ; ;27;24;4;0;3;27;6; ;7;2;20; ;2;2;0;0;0;3;0; ;1;0;1;0;19;1;2; ; ;6;10;3;4;17;17;5;5;2;2;20;2;15;14;1; ; ;4;2;16;2; ; ; ; ; 
Salta;ROSARIO DE LERMA;Estatal;Urbano;21;21;18;1;3; ; ; ;62;23;16;3;1;31;4; ;7;6;31; ;5;1;0;0;0;0;0; ;0;1;0;0;13;2;2;1;3;9;2;1;4;16;9;3;8;3; ;16;5;14;13; ; ;1;7;2;18;6; ; ; ; ; 
Salta;SAN CARLOS;Estatal;Rural;25;25;15;1;10; ; ; ;33;29;10;2;0;29;5; ;12;3;22; ;5;1;0;0;0;1;0; ;0;0;1;0;21;2;1;2;2;9;10;2;3;22;20;5;10;2;1;21;3;11;11; ; ; ;6;1;14;6; ; ; ; ; 
Salta;SANTA VICTORIA;Estatal;Rural;53;53;17;7;34;1; ; ;48;48;13;5;0;58;13; ;26;2;49; ;8;7;1;0;0;4;1; ;0;0;2;0;44;4;1; ; ;19;19;6;7;43;25;8;14;6;1;39;13;39;39; ; ; ;6;2;34;13; ; ; ; ; 
San Juan;25 DE MAYO;Estatal;Rural;42;42;42; ; ; ; ; ;14;31;7;2;0;15;6; ;18;4;22; ;3;0;1;0;0;0;0; ;1;0;0;3;24; ;3;11;4;5;4;5;1;24;11;5;6;4; ;2;40;31;30; ;1; ;10;4;27;10; ; ; ; ; 
San Juan;25 DE MAYO;Estatal;Urbano;15;15;15; ; ; ; ; ;6;10;0;0;1;6;1; ;5;0;8; ;0;1;0;0;0;0;0; ;0;0;0;0;11; ;1;9;1; ; ;3; ;12;2;1;2;1; ; ;15;14;14; ; ; ;1;1;8;1; ; ; ; ; 
San Juan;9 DE JULIO;Estatal;Rural;10;10;10; ; ; ; ; ;5;6;0;0;0;5;0; ;1;2;7; ;0;4;0;0;0;0;0; ;0;0;1;0;5; ; ;2;1; ;2; ; ;5;2;4;4;2; ; ;10;8;8; ; ; ;3;1;5;3; ; ; ; ; 
San Juan;ALBARDON;Estatal;Rural;17;17;17; ; ; ; ; ;5;17;2;0;0;5;1; ;2;0;17; ;0;0;0;0;0;0;0; ;0;0;0;0;12; ; ;6;1;2;4; ; ;12;3;1;1;1; ; ;17;11;11; ; ; ;3;2;10;2; ; ; ; ; 
San Juan;ALBARDON;Estatal;Urbano;14;14;14; ; ; ; ; ;8;12;2;1;0;11;2; ;5;4;13; ;6;2;0;0;0;1;1; ;1;0;0;0;11; ;1;9; ; ;2;2;1;12;2;1;4;2; ; ;14;11;11; ; ; ;8;4;11;6; ; ; ; ; 
San Juan;ANGACO;Estatal;Rural;24;24;24; ; ; ; ; ;6;22;2;1;0;10;2; ;5;0;18; ;6;2;0;0;0;1;0; ;1;0;1;2;17; ;1;12; ;2;4;1;1;17;1;2; ;2; ;1;23;13;13; ; ; ;5;2;11;1; ; ; ; ; 
San Juan;CALINGASTA;Estatal;Rural;27;27;27; ; ; ; ; ;13;28;0;1;0;13;5; ;14;3;21; ;0;3;1;0;0;1;0; ;0;0;2;0;25; ; ;14; ;5;7;7;3;24;16;1;9;1; ; ;27;23;23; ; ; ;2;1;19;4; ; ; ; ; 
San Juan;CALINGASTA;Estatal;Urbano;7;7;7; ; ; ; ; ;6;6;2;2;1;4;4; ;2;0;11; ;1;0;0;0;0;0;1; ;0;0;5;1;7; ; ;5; ;2;1; ; ;7;2;2;2;2; ; ;7;6;6; ; ; ;2;1;6;2; ; ; ; ; 
San Juan;CAPITAL;Estatal;Urbano;92;90;90;1; ; ; ; ;71;96;27;11;1;111;29; ;34;29;87; ;19;6;2;0;0;2;0; ;1;0;6;3;69;1;6;37;7;22;4;17;6;74;29;16;27;13;3;9;78;73;70;2;1; ;28;15;67;26; ; ; ; ; 
San Juan;CAPITAL;Privado;Urbano;83;82;82; ; ; ;1;1;188;155;47;89;64;259;44; ;52;10;139; ;21;4;3;5;0;10;5; ;5;1;13;3;4; ;78;48;8;32;9;19;20;82;62;43;59;46; ; ;82;65;3;32;27;3;51;36;72;48;1;25;25;24;6
San Juan;CAUCETE;Estatal;Rural;43;43;39; ;3; ; ;1;18;21;7;5;1;19;6; ;16;1;23; ;3;1;0;2;0;0;0; ;0;1;1;0;28;1;4;10;1;8;14;8;5;29;21;10;14;8; ; ;43;33;33; ; ; ;7;4;24;8; ; ; ; ; 
San Juan;CAUCETE;Estatal;Urbano;17;17;17; ; ; ; ; ;23;17;4;1;0;26;4; ;13;12;21; ;4;1;0;0;0;1;0; ;0;0;0;0;15; ;1;4;1;4;3;3;2;16;10;6;5;4;2;3;12;15;15; ; ; ;9;8;14;8; ; ; ; ; 
San Juan;CHIMBAS;Estatal;Rural;8;8;8;1; ; ; ; ;5;8;0;0;0;2;1; ;5;0;5; ;0;0;0;0;0;0;0; ;0;0;0;0;6; ; ;5;1; ;2; ; ;6;3;1; ;1; ;1;7;8;8; ; ; ;2; ;5;3; ; ; ; ; 
San Juan;CHIMBAS;Estatal;Urbano;52;52;52; ; ; ; ; ;25;43;12;9;3;36;8; ;25;2;38; ;7;1;0;0;0;0;0; ;1;0;2;0;36;1;3;20; ;11;6;3;5;40;11;5;6;5; ;2;50;46;45; ; ;1;24;11;34;20; ; ; ; ; 
San Juan;CHIMBAS;Privado;Urbano;7;7;7; ; ; ; ; ;14;5;3;10;1;23;5; ;4;2;11; ;0;0;0;0;0;2;0; ;0;0;0;0; ; ;7;4; ;1; ;2;1;7;2;1;3;4; ; ;7;2;1; ;1; ;4;4;4;2; ;2;2;3; 
San Juan;Enmascarado;Estatal;Rural;8;8;8; ; ; ; ; ;6;9;0;0;0;5;1; ;2;8;8; ;0;0;0;0;0;0;0; ;0;0;0;0;6; ;1;2;1;2;1;1;1;7;5; ;1;2; ; ;8;6;6; ; ; ;3;2;4;2; ; ; ; ; 
San Juan;Enmascarado;Estatal;Urbano;14;14;14; ; ; ; ; ;11;11;3;0;0;10;3; ;7;4;16; ;3;2;0;0;0;1;0; ;1;0;0;0;11; ;1;8; ;1;6; ;2;12;8;6;3;2;1; ;13;12;12; ; ; ;2;1;9;5; ; ; ; ; 
San Juan;Enmascarado;Privado;Rural;3;3;3; ; ; ; ; ;3;3;1;0;0;8;0; ;1;0;3; ;0;0;0;0;0;0;1; ;0;0;0;0; ; ;3; ;1; ; ;1;1;3; ;1;2;2; ; ;3;3; ;1;2; ;3;3;3;3; ;2;2;1; 
San Juan;Enmascarado;Privado;Urbano;19;19;19; ; ; ; ; ;57;20;17;3;9;55;2; ;9;0;21; ;0;2;1;0;1;5;0; ;2;0;1;0;1; ;18;7; ;6;2;6;3;19;8;8;7;13; ; ;19;14; ;6;8; ;12;10;15;11; ;7;7;7;2
San Juan;IGLESIA;Estatal;Rural;25;25;24;1;1; ; ; ;20;23;6;2;3;25;9; ;14;1;23; ;0;0;1;1;0;0;0; ;0;1;0;0;24;1; ;3;2;4;10;7;2;21;15;3;5;2; ;3;22;20;20; ; ; ;7;4;15;5; ; ; ; ; 
San Juan;JACHAL;Estatal;Rural;60;60;60;1; ; ; ; ;29;49;15;5;1;35;24; ;15;9;42; ;6;0;0;0;0;0;0; ;1;0;1;1;43;1;1;21; ;5;15;9;2;38;23;9;12;9;1;6;53;58;58; ; ; ;18;9;39;16; ; ; ; ; 
San Juan;JACHAL;Estatal;Urbano;13;13;13; ; ; ; ; ;8;13;4;1;0;15;5; ;6;9;10; ;2;0;0;0;0;1;1; ;0;0;0;0;8; ;1;2; ; ;6;1;1;9;5;3;5;1;2;1;10;12;12; ; ; ;6;3;10;2; ; ; ; ; 
San Juan;POCITO;Estatal;Rural;42;42;42; ; ; ; ; ;15;41;1;1;0;17;4; ;10;0;30; ;0;0;0;0;0;0;0; ;1;0;0;0;28; ;1;20;2;8;2;3;2;25;14;3;6; ; ; ;42;29;29; ; ; ;9;4;32;7; ; ; ; ; 
San Juan;POCITO;Estatal;Urbano;24;24;24; ; ; ; ; ;17;21;10;0;1;14;7; ;4;0;24; ;4;2;1;0;0;1;1; ;0;0;3;0;17; ; ;8;1;8;1;2;1;16;6;3;4;2; ;1;23;15;15; ; ; ;8;2;17;4; ; ; ; ; 
San Juan;RAWSON;Estatal;Rural;27;27;27; ; ; ; ;1;13;20;6;2;0;11;9; ;11;3;19; ;0;0;1;0;0;1;0; ;0;0;0;0;20; ; ;8;1;5;6;2;1;18;10;7;6;5; ;2;25;22;22; ; ; ;7;5;13;7; ; ; ; ; 
San Juan;RAWSON;Estatal;Urbano;63;63;63; ; ; ; ;1;38;49;15;4;3;54;17; ;32;5;63; ;13;11;1;2;1;2;4; ;4;1;4;4;36; ;4;19; ;15;6;6;5;39;12;11;11;9;1;1;61;52;51; ;1; ;30;13;54;23; ; ; ; ; 
San Juan;RAWSON;Privado;Urbano;15;15;15; ; ; ; ; ;16;14;8;26;12;39;4; ;10;0;15; ;4;0;1;1;0;2;0; ;0;0;0;0; ; ;15;8;2;7;4;4;2;15;9;8;9;8; ; ;15;13; ;8;5; ;7;6;11;8; ;5;7;5; 
San Juan;RIVADAVIA;Estatal;Rural;12;12;12; ; ; ; ; ;7;13;5;2;0;11;4; ;7;1;13; ;3;2;1;0;0;0;0; ;0;1;0;0;9; ; ;6; ;6;2;1;1;9;5;6;2;3; ; ;12;11;11; ; ; ;4;2;10;4; ; ; ; ; 
San Juan;RIVADAVIA;Estatal;Urbano;48;48;48;2; ; ; ;1;36;50;13;10;2;42;15; ;23;4;43; ;3;1;0;0;0;2;1; ;0;0;2;1;32; ;2;18;2;13;2;2;4;34;13;7;5;5; ;2;46;43;43; ; ; ;13;7;31;15; ; ; ; ; 
San Juan;RIVADAVIA;Privado;Urbano;22;22;22; ;1; ; ; ;56;31;19;10;15;57;13; ;14;1;43; ;1;2;2;0;0;1;2; ;2;0;10;0; ; ;22;12;2;12;2;3;3;22;17;12;14;15; ; ;22;17;2;8;7; ;12;10;18;8; ;7;7;5;1
San Juan;SAN MARTIN;Estatal;Rural;28;28;28;1; ; ; ; ;9;36;4;2;3;16;7; ;12;0;28; ;2;6;1;0;0;2;1; ;0;0;4;2;20;1;1;11;1;2;8;1;1;20;10;1;4;3; ;1;27;24;24; ; ; ;8;2;16;4; ; ; ; ; 
San Juan;SANTA LUCIA;Estatal;Rural;11;11;11; ; ; ; ; ;10;11;3;1;0;10;4; ;3;0;10; ;3;2;0;1;0;3;0; ;0;0;2;1;10; ; ;7; ;2; ;1;1;9;4;2;4;1; ;1;10;9;9; ; ; ;2;1;8;4; ; ; ; ; 
San Juan;SANTA LUCIA;Estatal;Urbano;26;26;26;1; ; ; ; ;15;29;3;4;0;21;8; ;13;6;28; ;4;2;1;1;0;0;1; ;0;0;0;2;19; ; ;9; ;5;3;6; ;16;9;6;10;3; ;1;25;21;21; ; ; ;12;6;18;11; ; ; ; ; 
San Juan;SANTA LUCIA;Privado;Urbano;7;7;7; ; ; ; ; ;3;5;3;5;5;10;3; ;7;2;16; ;6;1;0;0;0;0;0; ;1;0;0;0; ; ;7;5; ;2;1;3; ;7;4;4;6;4; ; ;7;7; ;3;4; ;5;5;6;4; ;4;4;1; 
San Juan;SARMIENTO;Estatal;Rural;45;45;45; ; ; ; ; ;20;36;4;2;3;27;10; ;15;1;39; ;3;3;0;1;0;1;0; ;0;0;0;0;26;1;1;19; ;7;5;2;2;26;12;2;7;3;1;1;43;38;38; ; ; ;7;2;31;7; ; ; ; ; 
San Juan;SARMIENTO;Estatal;Urbano;13;13;13;1; ; ; ; ;12;11;5;1;0;10;3; ;7;4;15; ;1;1;0;0;0;1;0; ;0;0;1;0;10; ; ;8;1;1;4; ; ;10;3;4;2;2;1; ;12;12;11; ; ;1;4; ;11;6; ; ; ; ; 
San Juan;VALLE FERTIL;Estatal;Rural;38;37;35; ;4; ; ; ;23;19;4;7;1;23;9; ;15;0;20; ;1;2;0;0;0;2;0; ;0;0;2;0;31;1; ;9; ;2;24;1;2;22;26;6;14;3; ;2;36;19;19; ; ; ;6;3;21;7; ; ; ; ; 
San Juan;VALLE FERTIL;Estatal;Urbano;7;7;7; ; ; ; ; ;5;5;4;2;0;10;2; ;5;5;6; ;0;3;0;0;0;1;0; ;1;0;1;0;7; ; ;1; ;3;3; ; ;6;3;2;3;1;1;1;5;6;6; ; ; ;2;1;5;4; ; ; ; ; 
San Luis;AYACUCHO;Estatal;Rural;54;52;45;6;1; ; ; ;26;31;11;1;1;30;6; ;4;3;17; ;4;3;0;0;0;1;0; ;0;1;0;0;52; ; ;5; ;8;21;16;9;27;52;7;22;3;23;3;28;48;48; ; ; ;3; ;16;3; ; ; ; ; 
San Luis;AYACUCHO;Estatal;Urbano;20;20;19;1; ; ;1; ;14;32;17;4;3;33;7; ;5;3;14; ;3;3;0;9;0;1;1; ;2;0;4;0;19; ; ;2; ;4;6;8;4;19;17;10;8;3;14; ;6;17;16;1; ; ;5;2;15;15; ; ; ; ; 
San Luis;BELGRANO;Estatal;Rural;38;36;36;1; ; ; ; ;20;25;16;3;1;35;10; ;4;6;17; ;0;1;2;1;0;2;1; ;0;0;0;0;36; ; ;7;1;2;16;11;3;25;34;9;21;4;17;3;18;35;35; ; ; ;4;2;18;7; ; ; ; ; 
San Luis;BELGRANO;Estatal;Urbano;13;13;12;2;2; ; ;1;78;36;32;51;10;185;5; ;13;7;14; ;0;7;0;0;0;1;1; ;1;0;2;1;12; ;1;1;1;4;4;5;2;13;13;8;9;6;1; ;12;9;8;1; ; ;6;6;8;3; ; ; ; ; 
San Luis;CHACABUCO;Estatal;Rural;32;32;32;1; ; ; ; ;18;29;12;0;3;34;9; ;7;4;24; ;0;0;0;0;0;0;1; ;1;0;1;1;32; ; ;4; ;5;18;6;4;27;31;8;16;5;23;1;8;28;28; ; ; ;3;1;11;4; ; ; ; ; 
San Luis;CHACABUCO;Estatal;Urbano;13;13;13; ; ; ; ; ;18;24;23;2;2;36;10; ;2;4;16; ;2;0;1;0;0;4;1; ;0;0;0;0;13; ; ;2; ;2;5;6;2;13;12;8;11;8;12; ;1;9;9; ; ; ;4;4;10;5; ; ; ; ; 
San Luis;CORONEL PRINGLES;Estatal;Rural;37;37;37; ; ; ; ; ;21;29;12;1;2;30;9; ;9;1;24; ;4;2;0;0;0;0;1; ;1;0;2;0;36; ; ;8;1;6;10;18;1;23;34;14;23;5;19;1;17;34;34; ; ; ;7;4;19;12; ; ; ; ; 
San Luis;Enmascarado;Estatal;Urbano;13;13;13; ; ; ; ; ;27;21;12;4;0;26;5; ;7;1;15; ;2;7;0;1;0;0;1; ;0;0;0;0;13; ; ;3;1;4;4;5;1;11;12;7;10;3;11; ;2;12;12; ; ; ;4;3;11;8; ; ; ; ; 
San Luis;Enmascarado;Privado;Rural;1;1;1; ; ; ; ; ;0;0;0;0;0;0;0; ;0;0;0; ;0;0;0;0;0;0;0; ;0;0;0;0;1; ; ; ; ; ; ;1; ;1;1;1;1;1; ; ;1; ; ; ; ; ; ; ;1; ; ; ; ; ; 
San Luis;Enmascarado;Privado;Urbano;5;5;4; ; ; ; ;1;3;12;3;2;2;10;3; ;2;0;5; ;0;0;1;0;0;2;0; ;0;0;0;0;4; ;1; ; ;4; ;1;2;5;4;3;2;2;2; ;3;4;3; ; ;1;2;2;3;2; ;2;2;3;1
San Luis;GENERAL JUAN MARTIN DE PUEYRREDON;Estatal;Rural;40;40;39; ; ; ; ;1;21;47;28;15;5;60;5; ;15;2;33; ;2;0;0;0;0;2;0; ;1;0;3;1;38; ; ;6;1;9;17;13;3;24;37;10;23;6;16; ;24;36;36; ; ; ;6;2;25;9; ; ; ; ; 
San Luis;GENERAL JUAN MARTIN DE PUEYRREDON;Estatal;Urbano;97;96;95;1;2;1; ; ;176;224;127;41;20;275;31; ;56;29;172; ;18;9;5;0;0;11;3; ;1;1;8;1;97; ; ;15;3;39;22;41;11;96;90;63;78;37;56;4;37;86;81;2;2;1;32;21;81;59; ; ; ; ; 
San Luis;GENERAL JUAN MARTIN DE PUEYRREDON;Privado;Urbano;37;37;37; ; ; ; ; ;124;92;51;67;32;141;14; ;22;6;114; ;2;5;5;5;2;5;2; ;3;1;14;1;14; ;23;11;5;21;5;7;11;37;35;17;35;18; ; ;37;31;19;5;6;1;21;13;26;16;4;25;25;21; 
San Luis;GENERAL PEDERNERA;Estatal;Rural;31;31;31;1;1; ; ; ;18;31;12;6;5;42;10; ;6;14;21; ;0;0;0;0;0;1;0; ;0;0;0;20;30; ; ;2;1;8;10;13;1;24;28;11;22;8;10;1;20;28;28; ; ; ;7;4;20;6; ; ; ; ; 
San Luis;GENERAL PEDERNERA;Estatal;Urbano;69;69;69;1;1; ;1;1;137;108;131;71;13;217;35; ;31;51;92; ;12;14;8;4;1;10;8; ;2;0;9;0;67; ;2;13;6;31;13;20;16;69;65;42;56;22;48;2;19;63;60;2; ;1;28;17;57;40; ; ; ; ; 
San Luis;GENERAL PEDERNERA;Privado;Urbano;13;13;13; ; ; ; ; ;18;41;8;5;9;27;5; ;3;2;33; ;3;1;1;1;0;0;0; ;0;0;0;0;6; ;6;2; ;7;1;4;2;12;12;7;5;4; ;1;12;11;9;1; ;1;4;3;10;6; ;5;5;4;1
San Luis;GOBERNADOR DUPUY;Estatal;Rural;19;19;19; ; ; ; ; ;16;25;6;22;2;26;2; ;7;7;16; ;2;1;1;0;0;0;0; ;1;1;0;1;18; ; ;4; ;1;6;9;1;16;16;10;11;4;12;1;6;16;16; ; ; ;4;2;13;3; ; ; ; ; 
San Luis;JUNIN;Estatal;Rural;35;35;31;4;1; ; ;1;20;29;21;2;0;37;9; ;8;5;26; ;4;4;3;0;0;4;1; ;2;0;6;0;35; ; ;5; ;4;16;12;6;32;34;13;23;7;26; ;9;31;31; ; ; ;2;1;19;9; ; ; ; ; 
San Luis;JUNIN;Estatal;Urbano;16;16;16; ; ; ; ; ;16;29;27;16;4;34;4; ;7;0;16; ;3;2;2;10;0;2;0; ;0;0;1;0;16; ; ;2;2;5;6;4;2;16;15;7;11;5;10; ;6;13;12; ;1; ;6;4;11;7; ; ; ; ; 
San Luis;JUNIN;Privado;Urbano;6;6;6; ; ; ; ; ;20;7;6;1;9;15;1; ;2;0;5; ;1;0;0;0;0;0;0; ;0;0;0;0;4; ;2;2;1;1;1;2; ;6;4;3;2;3;1; ;5;5;3;1;1; ;1;1;4;3; ;3;3;5;1
San Luis;LIBERTADOR GRL SAN MARTIN;Estatal;Rural;46;44;38;6;6; ; ; ;25;24;14;4;4;36;5; ;8;0;19; ;2;0;1;0;0;1;0; ;0;0;0;0;44; ; ;3; ; ;25;16;3;24;43;10;25;8;29;1;16;38;37; ; ;1;4;2;19;5; ; ; ; ; 
Santa Cruz;CORPEN AIKE;Estatal;Urbano;12;12;12; ; ; ; ; ;8;19;8;2;2;29;2; ;10;5;16; ;3;2;0;0;0;0;0; ;0;0;1;0;9;3; ;3;2;4;2;1;1;12;6;3;4;7;6;4;2;12;12; ; ; ;9;5;9;7; ; ; ; ; 
Santa Cruz;DESEADO;Estatal;Rural;12;12;11; ; ; ; ;1;8;12;2;3;0;17;3; ;5;0;10; ;2;0;0;0;0;0;0; ;0;0;1;0;7;2;2;2;2;4;3; ; ;11;8;4;4;3;3;8;1;12;12; ; ; ;4;3;11;5; ; ; ; ; 
Santa Cruz;DESEADO;Estatal;Urbano;75;75;75;1; ; ; ; ;57;92;45;45;1;150;24; ;39;29;82; ;22;9;1;1;0;5;1; ;1;0;4;1;47;14;5;21;13;28;9;10;4;65;21;23;20;24;11;53;11;67;65; ;1;1;37;28;65;51; ; ; ; ; 
Santa Cruz;DESEADO;Privado;Urbano;21;21;21;1; ; ; ; ;64;82;21;39;12;78;4; ;17;10;88; ;0;0;0;0;0;1;0; ;0;2;1;0; ; ;21;4;2;8;3;7;6;21;11;10;14;16; ; ;21;20;15; ;4;1;14;13;15;13; ;5;7;7; 
Santa Cruz;Enmascarado;Estatal;Rural;10;10;10; ; ; ; ; ;13;8;9;0;1;15;2; ;8;0;9; ;2;3;0;0;0;0;0; ;2;0;3;0;4;6; ;1;1;2;1;6;1;10;7;4;5;4;3;4;3;9;9; ; ; ;6;3;10;5; ; ; ; ; 
Santa Cruz;Enmascarado;Privado;Rural;1;1;1; ; ; ; ; ;1;1;1;1;0;1;0; ;1;1;0; ;0;0;0;0;0;0;0; ;0;0;0;0; ; ;1; ; ; ;1; ; ;1;1; ; ; ; ; ;1;1;1; ; ; ;1; ;1; ; ; ; ; ; 
Santa Cruz;Enmascarado;Privado;Urbano;5;5;5; ; ; ; ; ;4;26;4;4;3;8;0; ;2;0;9; ;0;15;0;0;0;0;0; ;1;0;0;1; ;2;3;1;1;4; ; ;1;5;2;3;3;2; ; ;5;5;5; ; ; ;3;2;5;3; ;3;3;2; 
Santa Cruz;GUER AIKE;Estatal;Rural;12;12;7;5;4;1; ;1;18;12;3;1;0;16;2; ;6;0;14; ;2;1;1;0;0;1;0; ;2;0;1;1;8;1; ;1; ;3;4;1; ;7;8;2;5;1;2;7;3;12;9; ;1;2;4; ;9;1; ; ; ; ; 
Santa Cruz;GUER AIKE;Estatal;Urbano;80;80;80;1; ; ; ; ;46;84;59;24;3;189;32; ;50;12;86; ;20;34;1;2;0;7;3; ;5;0;11;3;69;3;2;15;7;43;3;20;8;74;44;41;38;39;25;42;13;75;73; ; ;2;46;37;72;61; ; ; ; ; 
Santa Cruz;GUER AIKE;Privado;Urbano;24;24;24;8; ; ; ; ;167;100;39;15;11;102;6; ;14;9;55; ;3;0;2;0;0;4;0; ;2;0;1;1; ;1;23;5;7;13;2;5; ;24;23;19;20;16;1; ;23;23;17;4;1;1;15;12;18;15;2;8;9;8;1
Santa Cruz;LAGO ARGENTINO;Estatal;Urbano;11;11;11; ; ; ; ; ;9;17;5;3;0;30;1; ;8;5;22; ;4;4;1;0;0;0;0; ;1;0;5;0;10;1; ;4;3;8;1;2; ;11;6;6;5;8;3;8; ;11;11; ; ; ;8;6;11;10; ; ; ; ; 
Santa Cruz;LAGO ARGENTINO;Privado;Urbano;6;6;6; ; ; ; ; ;45;10;8;20;6;18;0; ;4;2;6; ;3;1;2;8;1;2;0; ;0;0;0;0; ; ;6;2;2;1; ;3;1;6;6;5;5;6; ; ;6;5;2;1;1;1;6;6;5;4; ;1;3;3;1
Santa Cruz;LAGO BUENOS AIRES;Estatal;Urbano;11;11;11; ; ; ; ; ;13;52;12;3;0;22;1; ;8;2;10; ;3;3;1;0;0;0;0; ;1;0;1;0;7;3; ;1; ;7;2;1; ;10;9;6;8;6; ;10;1;9;9; ; ; ;7;7;9;6; ; ; ; ; 
Santa Cruz;MAGALLANES;Estatal;Urbano;6;6;6; ; ; ; ; ;14;9;7;0;0;15;0; ;4;3;15; ;2;4;1;0;0;0;0; ;1;0;2;0;5;1; ;2; ;3;1;2;2;6;4;4;4;5;2;3;1;6;6; ; ; ;4;3;6;2; ; ; ; ; 
Santa Cruz;RIO CHICO;Estatal;Urbano;5;5;5; ; ; ; ; ;11;4;7;2;2;19;2; ;1;3;5; ;4;4;1;0;0;2;0; ;0;0;1;1;3;2; ;2; ;2; ;3;2;5;1;4;4;4;4;1; ;5;5; ; ; ;3;2;5;3; ; ; ; ; 
Santa Fe;9 DE JULIO;Estatal;Rural;69;65;23;9;14; ; ;54;110;27;1;0;0;41;0; ;0;0;67; ;1;0;0;0;0;1;0; ;0;0;0;0;69; ; ; ;5;7;45;12; ;69; ;1; ; ;12;55;2;69;69; ; ; ;9;9;17;14; ; ; ; ; 
Santa Fe;9 DE JULIO;Estatal;Urbano;21;18;17; ; ; ; ;13;21;19;2;2;0;18;0; ;1;0;31; ;0;1;0;0;0;4;0; ;0;0;0;0;21; ; ; ;11;5;2;3; ;21; ;3; ;1;6;13;2;21;21; ; ; ;6;6;12;11; ; ; ; ; 
Santa Fe;BELGRANO;Estatal;Rural;10;9;3; ; ; ; ;9;13;6;1;0;0;12;0; ;0;0;9; ;0;0;0;0;0;4;0; ;0;0;0;0;10; ; ; ;4; ;2;4; ;10; ;2; ; ;5;4;1;10;10; ; ; ;3;3;5;4; ; ; ; ; 
Santa Fe;BELGRANO;Estatal;Urbano;31;30;29; ; ; ; ;19;60;54;4;3;0;55;8; ;4;0;61; ;3;0;0;0;0;2;0; ;0;0;0;0;31; ; ; ;17;6;1;6;1;31; ;9; ;1;20;11; ;31;31; ; ; ;11;11;19;18; ; ; ; ; 
Santa Fe;BELGRANO;Privado;Urbano;8;7;7;1; ; ; ;5;10;20;5;1;0;4;1; ;0;0;20; ;0;0;0;0;0;0;0; ;0;0;0;0;8; ; ; ; ;1; ;7; ;8; ;2; ;1; ;2;6;8;8; ; ; ;3;3;4;4; ;3;3;4;1
Santa Fe;CASEROS;Estatal;Rural;16;16;12;1; ; ; ;11;31;20;3;0;0;19;0; ;0;0;17; ;0;0;0;0;0;4;0; ;0;0;0;0;16; ; ; ;3;9;3;2; ;16; ;3; ;2;12;4; ;16;16; ; ; ;3;3;7;4; ; ; ; ; 
Santa Fe;CASEROS;Estatal;Urbano;57;56;52;2; ; ; ;36;129;103;15;5;1;101;1; ;0;1;114; ;7;4;1;0;0;16;0; ;0;0;0;0;57; ; ; ;16;29;7;8; ;57;1;13;1;8;45;12; ;57;57; ; ; ;23;23;30;28; ; ; ; ; 
Santa Fe;CASEROS;Privado;Urbano;16;16;15; ; ; ; ;9;52;31;2;0;0;21;0; ;0;0;21; ;0;0;1;0;0;6;0; ;0;0;0;0;16; ; ; ; ;1; ;15; ;16; ;4; ;1;1;8;7;16;16; ; ; ;8;8;8;7;2;6;6;8;2
Santa Fe;CASTELLANOS;Estatal;Rural;112;112;56; ;4; ; ;92;177;99;19;4;0;98;3; ;3;0;144; ;4;2;0;0;0;9;0; ;0;0;1;0;112; ; ; ;30;34;28;23; ;112; ;12; ;7;38;67;7;112;112; ; ; ;18;18;37;33; ; ; ; ; 
Santa Fe;CASTELLANOS;Estatal;Urbano;103;101;90; ;2; ; ;57;174;228;26;26;3;161;10; ;1;0;229; ;15;3;1;0;0;21;1; ;0;0;13;0;102;1; ; ;34;40;11;21;1;103;4;28;3;7;45;56;2;99;99; ; ; ;27;27;65;59; ; ; ; ; 
Santa Fe;CASTELLANOS;Privado;Rural;7;7;7;1; ; ; ;3;16;12;2;0;0;19;0; ;0;0;9; ;0;0;0;0;0;0;0; ;0;0;2;0;7; ; ; ; ; ; ;7; ;7; ;1; ; ;3;2;2;7;7; ; ; ;4;4;6;5;1;3;2;4; 
Santa Fe;CASTELLANOS;Privado;Urbano;27;26;26; ; ; ; ;12;58;132;16;0;0;54;2; ;0;0;63; ;1;0;0;0;0;25;0; ;0;0;0;0;27; ; ; ;1; ; ;26; ;27; ;14; ;1;3;5;19;27;27; ; ; ;12;12;18;15;2;9;7;10;2
Santa Fe;CONSTITUCION;Estatal;Rural;28;28;24; ; ; ; ;20;48;28;4;1;0;28;1; ;0;0;35; ;2;2;0;0;0;1;0; ;0;0;3;0;28; ; ; ;10;8;3;6;1;28; ;2; ; ;13;10;5;28;28; ; ; ;7;7;13;11; ; ; ; ; 
Santa Fe;CONSTITUCION;Estatal;Urbano;41;41;41; ; ; ; ;23;89;89;9;6;0;66;2; ;4;0;83; ;14;10;0;0;0;2;0; ;0;0;1;0;41; ; ; ;25;11;5;1; ;41; ;10; ;1;20;21; ;41;41; ; ; ;17;17;31;25; ; ; ; ; 
Santa Fe;CONSTITUCION;Privado;Urbano;18;18;17; ; ; ; ;11;37;33;1;0;0;32;2; ;0;0;38; ;1;0;0;0;0;0;0; ;0;0;0;0;18; ; ; ; ;1;1;16; ;18; ;5; ;2;2;3;13;18;18; ; ; ;7;7;10;10;3;7;4;8;2
Santa Fe;Enmascarado;Privado;Rural;11;11;8; ; ; ; ;9;16;12;3;0;0;18;0; ;0;0;13; ;2;0;0;0;0;0;0; ;0;0;0;0;11; ; ; ; ; ; ;11; ;11; ;3; ; ;9;1;1;11;11; ; ; ;5;5;7;6; ; ;1;10; 
Santa Fe;Enmascarado;Privado;Urbano;4;4;4; ; ; ; ;1;7;8;1;0;0;6;0; ;0;0;9; ;0;0;0;0;0;0;0; ;0;0;0;0;4; ; ; ;1; ; ;3; ;4; ;1; ;1; ; ;4;4;4; ; ; ;2;2;3;2; ;1;1;2; 
Santa Fe;GARAY;Estatal;Rural;10;10;5; ; ; ; ;7;14;8;1;0;0;6;0; ;0;0;14; ;0;0;0;0;0;0;0; ;0;0;0;0;10; ; ; ;2;3;6; ; ;10; ; ; ;1;4;6; ;10;10; ; ; ;2;2;3;3; ; ; ; ; 
Santa Fe;GARAY;Estatal;Urbano;27;25;16; ; ; ; ;16;40;28;7;1;0;37;0; ;1;0;39; ;2;2;0;0;0;5;0; ;0;0;3;0;27; ; ; ;6;10;6;5; ;27; ;3; ; ;7;18;2;27;27; ; ; ;4;4;10;9; ; ; ; ; 
Santa Fe;GENERAL LOPEZ;Estatal;Rural;65;64;32;2; ; ; ;52;72;53;8;4;0;145;1; ;1;0;71; ;0;4;0;0;0;106;0; ;0;0;0;0;65; ; ; ;21;11;13;22; ;65; ;5; ;5;26;30;9;65;65; ; ; ;12;12;20;18; ; ; ; ; 
Santa Fe;GENERAL LOPEZ;Estatal;Urbano;125;124;121;2;3; ; ;71;175;172;22;9;0;140;5; ;4;0;191; ;6;2;0;0;0;7;0; ;0;0;0;0;125; ; ; ;46;58;12;14; ;125; ;12; ;11;68;53;4;125;125; ; ; ;40;40;59;48; ; ; ; ; 
Santa Fe;GENERAL LOPEZ;Privado;Rural;7;7;5; ; ; ; ;4;17;7;1;0;0;5;0; ;0;0;6; ;0;0;0;0;0;1;0; ;0;0;0;0;7; ; ; ; ; ; ;7; ;7; ;3; ; ;1;3;3;7;7; ; ; ;2;2;6;6; ;1;2;4;1
Santa Fe;GENERAL LOPEZ;Privado;Urbano;40;37;35;2; ; ; ;19;71;81;12;3;0;62;1; ;0;0;104; ;0;0;0;0;0;14;0; ;0;0;0;0;40; ; ; ; ;2; ;38; ;40; ;6; ;2;3;8;29;40;40; ; ; ;13;13;18;16;3;13;13;17;4
Santa Fe;GENERAL OBLIGADO;Estatal;Rural;96;92;30;2;3; ; ;73;110;64;8;2;0;89;0; ;1;0;106; ;1;2;0;0;0;1;0; ;0;0;1;0;96; ; ; ;25;13;55;7;1;96; ;5; ;6;18;58;20;96;96; ; ; ;16;16;32;26; ; ; ; ; 
Santa Fe;GENERAL OBLIGADO;Estatal;Urbano;119;118;108;2;4; ; ;59;155;132;12;7;0;155;1; ;3;0;174; ;5;3;0;0;0;18;0; ;0;0;1;0;119; ; ; ;47;49;17;10;1;119; ;15; ;7;25;90;4;119;119; ; ; ;22;22;62;54; ; ; ; ; 
Santa Fe;GENERAL OBLIGADO;Privado;Rural;7;7;3;2; ; ; ;7;8;7;0;0;0;1;0; ;2;0;4; ;0;0;0;0;0;0;0; ;0;0;0;0;7; ; ; ; ; ; ;7; ;7; ;1; ;1;2;1;4;7;7; ; ; ;4;4;4;4; ; ;3;4; 
Santa Fe;GENERAL OBLIGADO;Privado;Urbano;33;33;33;4; ; ; ;20;56;49;8;0;0;34;2; ;0;0;52; ;3;3;0;0;0;8;0; ;0;0;0;0;33; ; ; ;1;1; ;31; ;33; ;5; ;3;5;5;23;33;33; ; ; ;9;9;17;15;1;11;11;9;6
Santa Fe;IRIONDO;Estatal;Rural;47;45;22; ;1; ; ;37;38;17;2;0;0;25;0; ;0;0;37; ;0;0;0;0;0;5;0; ;0;0;0;0;47; ; ; ;13;5;9;20; ;47; ;3; ; ;14;30;3;47;47; ; ; ;6;6;16;16; ; ; ; ; 
Santa Fe;IRIONDO;Estatal;Urbano;45;42;37;1; ; ; ;24;71;80;17;14;0;71;0; ;0;0;77; ;1;0;0;0;0;7;0; ;0;0;0;0;45; ; ; ;15;22;1;8; ;45; ;12; ;2;21;22;2;45;45; ; ; ;14;14;29;26; ; ; ; ; 
Santa Fe;IRIONDO;Privado;Urbano;10;10;9; ; ; ; ;8;22;29;0;0;0;13;1; ;0;0;24; ;0;2;0;0;0;5;0; ;0;0;0;0;10; ; ; ; ; ; ;10; ;10; ;2; ; ;1; ;9;10;10; ; ; ;5;5;7;6;2;4;4;5;1
Santa Fe;LA CAPITAL;Estatal;Rural;21;21;17; ; ; ; ;14;30;11;3;0;0;24;0; ;0;0;39; ;1;0;0;0;0;0;0; ;0;0;0;0;21; ; ; ;7;4;5;5; ;21; ;1; ; ;8;10;3;21;21; ; ; ;6;6;13;12; ; ; ; ; 
Santa Fe;LA CAPITAL;Estatal;Urbano;248;241;240;1;1; ; ;111;439;354;41;44;2;344;36; ;11;5;516; ;8;8;1;0;0;37;1; ;3;0;24;0;245; ;1;1;106;98;24;21;4;246;3;43;4;17;80;152;14;246;240;3;1;2;85;85;156;140; ; ; ; ; 
Santa Fe;LA CAPITAL;Privado;Urbano;193;188;184; ;1; ; ;83;401;315;34;21;0;201;9; ;3;0;383; ;2;6;0;0;0;44;6; ;1;0;12;0;193; ; ; ;3;7;1;182; ;193; ;32; ;12;5;15;173;193;193; ; ; ;53;53;86;75;10;78;58;57;18
Santa Fe;LAS COLONIAS;Estatal;Rural;105;105;50; ;1; ; ;81;159;91;7;2;0;109;1; ;1;0;161; ;2;3;0;0;0;15;0; ;0;0;2;0;105; ; ; ;26;20;40;22; ;105; ;7; ;6;52;46;7;105;105; ; ; ;18;18;34;26; ; ; ; ; 
Santa Fe;LAS COLONIAS;Estatal;Urbano;63;63;51;1;4; ; ;35;126;106;13;4;2;104;1; ;5;2;118; ;9;6;1;1;0;21;0; ;0;0;2;0;63; ; ; ;20;29;10;6; ;63;1;12;1;4;37;25;1;63;62;1; ; ;24;24;36;31; ; ; ; ; 
Santa Fe;LAS COLONIAS;Privado;Rural;7;7;7;2; ; ; ;6;9;14;4;0;0;10;0; ;0;0;10; ;0;3;1;0;0;8;0; ;0;0;2;0;7; ; ; ; ; ; ;7; ;7; ;3; ; ;4;1;2;7;7; ; ; ;4;4;5;4;2;2;1;4;1
Santa Fe;LAS COLONIAS;Privado;Urbano;23;23;23; ; ; ; ;19;73;45;1;0;0;39;0; ;1;0;37; ;0;11;0;0;0;10;0; ;0;0;0;0;23; ; ; ; ; ; ;23; ;23; ;9; ; ;2;4;17;23;23; ; ; ;10;10;18;18;2;6;6;10;3
Santa Fe;ROSARIO;Estatal;Rural;22;21;17; ;1; ; ;11;22;12;0;2;0;23;2; ;0;0;29; ;1;1;0;0;0;2;0; ;0;0;1;0;22; ; ; ;9;4;4;5;1;22; ;2; ;1;5;15;2;22;22; ; ; ;2;2;7;5; ; ; ; ; 
Santa Fe;ROSARIO;Estatal;Urbano;456;443;436;3;1; ; ;183;616;545;80;66;5;678;19; ;12;4;797; ;21;9;1;0;0;99;0; ;0;0;10;0;452; ;2;3;181;194;42;42;11;454;4;88;4;22;94;339;21;453;452;1; ; ;128;128;252;228; ; ; ; ; 
Santa Fe;ROSARIO;Privado;Urbano;351;336;334;7; ; ; ;144;485;575;76;29;0;336;6; ;1;0;669; ;4;1;0;1;0;67;0; ;0;0;2;0;351; ; ; ;3;9;1;338; ;351; ;49; ;17;11;25;315;351;351; ; ; ;143;143;149;141;20;130;125;121;33
Santa Fe;SAN CRISTOBAL;Estatal;Rural;112;109;41;10;11; ; ;89;169;53;8;6;0;93;1; ;2;0;118; ;0;1;0;0;0;8;0; ;0;0;4;0;112; ; ; ;29;20;38;31; ;112; ;4; ;9;26;72;14;112;112; ; ; ;19;19;26;20; ; ; ; ; 
Santa Fe;SAN CRISTOBAL;Estatal;Urbano;54;53;46;2;2; ; ;35;111;107;4;1;0;74;3; ;0;0;91; ;1;0;0;0;0;16;0; ;0;0;0;0;54; ; ; ;10;26;8;9;2;54; ;13; ;3;25;26;3;54;54; ; ; ;14;14;36;28; ; ; ; ; 
Santa Fe;SAN CRISTOBAL;Privado;Urbano;15;15;15; ; ; ; ;9;32;31;1;2;0;20;1; ;0;0;29; ;0;0;0;0;0;7;0; ;0;0;0;0;15; ; ; ;1; ; ;15; ;15; ;8; ;1;2;6;7;15;15; ; ; ;7;7;12;10;4;5;5;5;4
Santa Fe;SAN JAVIER;Estatal;Rural;31;30;9; ; ; ; ;26;39;25;2;0;0;27;3; ;0;0;41; ;1;2;0;0;0;1;0; ;0;0;2;0;31; ; ; ;6;3;22; ; ;31; ;2; ;2;10;18;3;31;31; ; ; ;5;5;8;7; ; ; ; ; 
Santa Fe;SAN JAVIER;Estatal;Urbano;19;19;15; ; ; ; ;12;26;29;2;1;0;22;0; ;1;0;23; ;1;0;0;0;0;2;0; ;0;0;3;0;19; ; ; ;5;10;3;1; ;19; ;4; ;1;4;14;1;19;19; ; ; ;8;8;9;9; ; ; ; ; 
Santa Fe;SAN JAVIER;Privado;Urbano;8;7;7; ; ; ; ;3;16;15;1;0;0;13;0; ;0;0;10; ;1;0;0;0;0;3;0; ;0;0;1;0;8; ; ; ; ;1; ;7; ;8; ;2; ;1; ;6;2;8;8; ; ; ;1;1;3;3; ;3;3;2;1
Santa Fe;SAN JERONIMO;Estatal;Rural;53;51;30;1; ; ; ;39;67;42;2;2;0;54;2; ;1;0;63; ;5;3;0;0;0;6;0; ;0;0;2;0;53; ; ; ;16;18;7;13;1;53; ;2; ;2;14;31;8;53;53; ; ; ;11;11;16;12; ; ; ; ; 
Santa Fe;SAN JERONIMO;Estatal;Urbano;54;54;48;4; ; ; ;37;80;88;14;12;0;95;3; ;0;0;81; ;4;3;0;0;0;32;0; ;0;0;1;0;54; ; ; ;30;10;5;9; ;54; ;14; ;1;26;24;4;54;54; ; ; ;18;18;29;25; ; ; ; ; 
Santa Fe;SAN JERONIMO;Privado;Urbano;9;8;8; ; ; ; ;6;8;5;2;0;0;5;0; ;0;0;16; ;0;0;0;0;0;1;0; ;0;0;0;0;9; ; ; ; ; ; ;9; ;9; ; ; ; ;1;1;7;9;9; ; ; ;3;3;3;2; ;3;3;3;1
Santa Fe;SAN JUSTO;Estatal;Rural;48;47;24;2; ; ; ;34;71;43;4;1;0;50;0; ;2;0;68; ;0;0;0;0;0;6;0; ;1;0;0;0;48; ; ; ;15;10;16;7; ;48; ;4; ; ;14;34; ;48;48; ; ; ;11;11;16;13; ; ; ; ; 
Santa Fe;SAN JUSTO;Estatal;Urbano;23;23;22; ; ; ; ;7;63;36;7;47;2;52;19; ;6;0;58; ;2;4;0;0;0;13;0; ;0;0;7;2;21;1;1;2;7;12;4;2;1;23;4;6;3;2;6;17; ;20;19; ; ;1;5;5;17;13; ; ; ; ; 
Santa Fe;SAN JUSTO;Privado;Urbano;7;5;5; ; ; ; ;4;5;4;2;0;0;10;0; ;0;0;7; ;0;0;0;0;0;4;0; ;0;0;0;0;7; ; ; ; ; ; ;7; ;7; ; ; ; ;1;2;4;7;7; ; ; ;2;2;4;3; ;3;3;2;1
Santa Fe;SAN LORENZO;Estatal;Rural;9;9;7;1; ; ; ;5;15;13;0;0;0;13;4; ;1;0;12; ;0;0;0;0;0;3;0; ;0;0;0;0;9; ; ; ;2;4;2;1; ;9; ;1; ; ;1;8; ;9;9; ; ; ;1;1;4;3; ; ; ; ; 
Santa Fe;SAN LORENZO;Estatal;Urbano;89;86;85;2;1; ;1;40;128;113;23;7;1;107;4; ;3;0;150; ;7;3;1;1;1;4;1; ;0;1;5;1;88;1; ;1;46;30;5;7;4;89;2;16;2;3;20;64;5;88;88; ; ; ;21;20;41;37; ; ; ; ; 
Santa Fe;SAN LORENZO;Privado;Urbano;35;33;33;2; ; ; ;14;53;57;19;2;0;56;0; ;0;0;71; ;2;0;0;0;0;19;0; ;0;0;0;0;35; ; ; ; ;1; ;34; ;35; ;8; ;1;1;6;28;35;35; ; ; ;13;13;14;13;1;12;12;14;5
Santa Fe;SAN MARTIN;Estatal;Rural;43;43;21; ;1; ; ;35;61;36;6;2;0;51;0; ;0;0;60; ;4;2;0;0;0;5;0; ;0;0;1;0;43; ; ; ;13;9;11;10; ;43; ;6; ; ;18;23;2;43;43; ; ; ;4;4;17;14; ; ; ; ; 
Santa Fe;SAN MARTIN;Estatal;Urbano;41;41;37; ;3; ; ;29;74;70;1;1;0;58;0; ;0;0;115; ;3;1;0;0;0;3;0; ;0;0;4;0;41; ; ; ;15;17;2;7;1;41; ;13; ;3;27;11;3;41;41; ; ; ;12;12;22;21; ; ; ; ; 
Santa Fe;SAN MARTIN;Privado;Urbano;11;11;11; ; ; ; ;8;35;31;6;2;0;11;0; ;0;0;26; ;1;0;2;0;0;2;0; ;0;0;0;0;11; ; ; ; ; ; ;10;1;11; ;3; ;1;3;3;5;11;11; ; ; ;5;5;8;8;1;3;3;7; 
Santa Fe;VERA;Estatal;Rural;77;74;29;8;10; ; ;55;82;24;4;0;0;40;3; ;0;0;67; ;0;0;0;0;0;7;0; ;0;0;0;0;77; ; ; ;12;15;41;9;1;77; ;1; ;4;21;47;9;77;77; ; ; ;9;9;13;10; ; ; ; ; 
Santa Fe;VERA;Estatal;Urbano;48;48;35; ;1; ; ;34;41;32;4;1;0;47;0; ;2;0;45; ;1;2;0;0;0;1;0; ;0;0;1;0;48; ; ; ;12;15;9;9;4;48; ;1; ;1;18;27;3;48;48; ; ; ;13;13;10;9; ; ; ; ; 
Santa Fe;VERA;Privado;Rural;6;6;5;2;3; ; ;5;6;7;1;0;0;2;0; ;0;0;3; ;0;0;0;0;0;0;0; ;0;0;0;0;6; ; ; ; ; ; ;6; ;6; ; ; ; ;2;1;3;6;6; ; ; ;3;3;2;2; ;1;3;3; 
Santa Fe;VERA;Privado;Urbano;11;11;10; ;1; ; ;7;44;17;0;0;0;8;0; ;0;0;23; ;0;0;0;0;0;3;0; ;0;0;0;0;11; ; ; ;2; ;1;8; ;11; ;3; ;3;1;3;7;11;11; ; ; ;3;3;7;6;1;4;4;4;2
Santiago del Estero;AGUIRRE;Estatal;Rural;16;16;10; ;6; ; ; ;12;16;5;0;0;13;3; ;14;2;8; ;1;0;0;0;0;0;0; ;0;0;0;0;5; ; ;1; ;1;3;1; ;5;4;1;2;1;1;9;6;6;5;1; ; ;1;1;11;3; ; ; ; ; 
Santiago del Estero;ALBERDI;Estatal;Rural;68;49;10;2;39; ; ; ;27;13;5;3;1;23;7; ;3;1;24; ;9;1;0;0;0;6;0; ;0;0;7;0;11; ; ; ; ;1;8;1;1;8;8;2;2;2; ;42;7;11;11; ; ; ;3; ;25;12; ; ; ; ; 
Santiago del Estero;ALBERDI;Estatal;Urbano;9;9;9; ; ; ; ; ;8;8;8;0;0;19;2; ;4;0;10; ;1;0;0;1;0;0;0; ;0;0;0;0;6; ;1;1; ;2;3;2; ;7;6;4;4;4;1;7;1;6;6; ; ; ;5;4;5;3; ; ; ; ; 
Santiago del Estero;ATAMISQUI;Estatal;Rural;37;37;28;1;9; ; ; ;19;29;4;1;0;30;2; ;12;0;27; ;3;5;2;14;0;3;1; ;3;0;3;1;17;1; ; ; ;2;14;2;2;18;15;4;10;2;1;23;13;16;16; ; ; ;3;2;14;5; ; ; ; ; 
Santiago del Estero;AVELLANEDA;Estatal;Rural;75;75;21;10;53; ; ; ;47;38;14;5;2;67;13; ;16;3;43; ;5;3;0;0;0;10;0; ;1;0;1;0;40;3;2;5; ;6;32;5;1;40;32;14;19;10;7;56;12;40;39;1; ; ;14;4;36;20; ; ; ; ; 
Santiago del Estero;BANDA;Estatal;Rural;113;109;87;2;20; ; ; ;66;90;20;9;2;86;19; ;27;3;78; ;5;6;3;1;1;8;1; ;4;0;5;1;51;3;3;4;4;10;35;8;5;45;38;17;22;7;3;69;37;63;62; ; ;1;17;11;59;22; ; ; ; ; 
Santiago del Estero;BANDA;Estatal;Urbano;86;86;86; ; ; ; ; ;109;106;36;14;2;163;38; ;32;20;103; ;12;9;1;3;0;7;3; ;1;0;4;2;46;2;16;12;5;42;10;5;3;63;39;23;36;21;7;64;15;44;43;1; ; ;31;20;63;32; ; ; ; ; 
Santiago del Estero;BANDA;Privado;Urbano;14;14;14; ; ; ; ; ;27;15;6;4;4;29;2; ;7;0;19; ;1;3;0;0;0;0;1; ;0;0;5;0; ; ;13;5; ;9;1; ;2;13;9;4;7;5; ; ;14;10;6;1;3; ;5;5;8;5;1;6;6;8;3
Santiago del Estero;CAPITAL;Estatal;Rural;76;72;60;1;12; ; ; ;53;66;21;10;0;75;16; ;16;1;57; ;7;3;0;2;0;3;1; ;1;0;1;0;42; ; ;1;1;13;25;2;2;32;34;10;16;8;4;34;34;39;32;1; ;6;9;3;30;12; ; ; ; ; 
Santiago del Estero;CAPITAL;Estatal;Urbano;145;143;142;1; ; ; ; ;220;204;97;49;1;304;63; ;64;11;181; ;22;12;4;1;0;10;2; ;4;0;7;2;92;6;19;27;6;86;3;16;11;114;84;53;60;54;39;84;20;91;85;2;2;2;78;51;122;73; ; ; ; ; 
Santiago del Estero;CAPITAL;Privado;Urbano;56;56;56; ; ; ; ; ;131;120;35;44;31;200;33; ;55;5;100; ;8;9;3;8;0;8;3; ;6;0;6;0; ;1;54;20;8;44;2;4;8;55;49;35;40;28;2; ;54;41;26;6;9; ;30;25;46;33;9;24;27;30;15
Santiago del Estero;CHOYA;Estatal;Rural;56;55;36;1;19; ; ; ;31;44;18;2;1;47;9; ;10;4;34; ;5;4;1;0;0;7;1; ;3;0;4;1;22; ; ;2;1;1;17;2;1;16;19;8;12;5; ;34;21;30;30; ; ; ;6;2;27;10; ; ; ; ; 
Santiago del Estero;CHOYA;Estatal;Urbano;21;21;21; ; ; ; ; ;31;29;11;0;1;58;7; ;11;4;25; ;7;3;0;0;0;2;0; ;0;0;3;1;15; ;1;3;1;2;2;6;3;16;12;10;9;8;2;16;3;16;15;1; ; ;11;9;16;12; ; ; ; ; 
Santiago del Estero;CHOYA;Privado;Urbano;5;5;5; ;1; ; ; ;0;5;4;1;3;9;1; ;1;0;5; ;0;0;0;0;0;0;0; ;0;0;0;0; ; ;5;3; ; ;2;1; ;5;4;2;3;2; ; ;5;2;2; ; ; ;3;3;4;3; ;4;4;3;2
Santiago del Estero;COPO;Estatal;Rural;80;71;14;2;57; ; ; ;53;27;7;2;1;59;12; ;14;2;36; ;7;3;1;3;0;9;1; ;0;0;4;0;22;1;1; ;3;2;16; ;3;21;18;3;6;2;2;56;13;26;26; ; ; ;10;3;32;12; ; ; ; ; 
Santiago del Estero;COPO;Estatal;Urbano;15;12;12; ; ; ; ; ;13;22;5;3;0;26;4; ;4;0;15; ;2;1;0;0;0;1;1; ;0;0;0;0;6;1;5;1;1;2;5;3;1;12;9;4;4;4;1;8;3;9;8;1; ; ;7;5;9;7; ; ; ; ; 
Santiago del Estero;Enmascarado;Estatal;Rural;12;12;9; ;3; ; ; ;9;11;4;3;0;11;1; ;6;0;8; ;1;0;0;0;0;0;0; ;1;0;0;0;5; ;1; ; ;2;4; ; ;6;6;4;6;2;1;6;5;6;6; ; ; ;5;2;10;4; ; ; ; ; 
Santiago del Estero;Enmascarado;Estatal;Urbano;42;39;39; ; ; ; ; ;54;70;23;10;2;87;15; ;23;4;45; ;12;9;2;0;0;10;0; ;5;0;5;1;27;6;1;2;1;13;18;3;4;33;27;16;19;15;4;29;6;22;21; ; ;1;14;9;32;17; ; ; ; ; 
Santiago del Estero;Enmascarado;Privado;Rural;13;13;13;2; ; ; ; ;11;15;4;1;3;17;3; ;1;2;15; ;1;1;0;0;0;3;0; ;0;0;0;0; ;1;11; ; ;5;7;1; ;12;4;3;5;4;1;2;10;6;5; ;1; ;3;2;9;9; ;1;2;9;1
Santiago del Estero;Enmascarado;Privado;Urbano;21;20;20; ; ; ; ; ;34;25;11;12;3;46;4; ;12;5;23; ;1;0;0;0;0;3;0; ;2;1;1;0; ;5;15;4; ;11;8;1;2;20;8;8;9;4;1;1;18;12;9;2; ;1;8;8;18;15; ;7;7;14;1
Santiago del Estero;FIGUEROA;Estatal;Rural;92;91;60;3;30; ; ; ;67;59;13;8;2;80;29; ;30;4;58; ;4;2;1;0;0;3;2; ;0;0;3;0;66;1; ;3; ;4;55;6;4;57;47;13;18;8;1;63;27;59;59; ; ; ;9;6;38;14; ; ; ; ; 
Santiago del Estero;GENERAL TABOADA;Estatal;Rural;48;48;25;5;20; ; ;2;37;28;3;1;1;35;7; ;6;0;26; ;2;0;0;0;0;3;0; ;0;0;1;0;9;3;1;1; ;3;5;3;2;11;11;3;6;1;2;37;9;21;21; ; ; ;5;1;21;10; ; ; ; ; 
Santiago del Estero;GENERAL TABOADA;Estatal;Urbano;20;19;18; ; ; ; ;1;23;25;9;0;1;57;5; ;12;3;27; ;3;5;0;0;0;0;0; ;1;0;1;0;18; ;1;1; ;11;6;4;3;19;12;9;8;6;3;16; ;12;11; ; ;1;9;6;16;12; ; ; ; ; 
Santiago del Estero;GUASAYAN;Estatal;Rural;32;32;25; ;7; ; ; ;12;26;4;0;0;28;4; ;10;2;21; ;4;6;1;0;0;3;0; ;1;0;4;0;20; ; ;2; ;2;17; ;2;18;14;7;7;5; ;26;6;14;13; ; ;1;6;2;21;10; ; ; ; ; 
Santiago del Estero;JIMENEZ;Estatal;Rural;68;66;47;12;19; ; ; ;37;45;9;5;1;57;7; ;18;1;36; ;2;2;0;0;0;2;1; ;1;0;1;0;44;1; ;6; ;2;41;1;3;29;38;6;13;4;1;35;30;23;23; ; ; ;7;3;31;11; ; ; ; ; 
Santiago del Estero;JUAN F IBARRA;Estatal;Rural;55;51;33; ;19; ; ; ;29;50;10;2;0;32;3; ;7;1;28; ;5;1;0;0;0;2;1; ;1;0;7;1;20;1;2;1; ;1;18;2;1;18;19;7;8;4; ;37;15;21;21; ; ; ;10;1;32;11; ; ; ; ; 
Santiago del Estero;JUAN F IBARRA;Estatal;Urbano;8;8;8; ; ; ; ; ;12;12;1;0;0;15;1; ;4;1;10; ;1;0;0;0;0;0;0; ;0;0;3;0;5; ; ;1; ;2;2; ; ;4;3;1;1; ; ;8; ;3;3; ; ; ;2;2;6;3; ; ; ; ; 
Santiago del Estero;LORETO;Estatal;Rural;61;51;30;2;21; ; ; ;34;33;3;3;0;46;13; ;7;0;31; ;3;6;0;0;0;6;1; ;1;0;3;2;23;1; ;1; ;1;19;4; ;23;23;10;17;4;1;35;15;29;29; ; ; ;6;2;29;11; ; ; ; ; 
Santiago del Estero;LORETO;Estatal;Urbano;13;8;8; ; ; ; ; ;9;9;2;11;0;18;1; ;4;3;10; ;3;5;0;0;0;7;0; ;1;0;3;1;5; ; ; ; ;2;2;1;1;5;3;5;3;3;1;7; ;4;4; ; ; ;8;5;8;5; ; ; ; ; 
Santiago del Estero;MITRE;Estatal;Rural;13;12;3;1;9; ; ;1;6;7;0;1;1;4;2; ;1;0;4; ;1;1;1;1;0;0;0; ;1;0;0;0;2; ; ;1; ; ;2;1; ;2;2;1;1; ; ;5;7;3;3; ; ; ; ; ;3;3; ; ; ; ; 
Santiago del Estero;MORENO;Estatal;Rural;75;72;35;4;37; ; ; ;62;47;16;61;2;70;10; ;15;1;43; ;3;1;0;2;0;5;0; ;1;0;1;1;26; ;2;2; ;1;22;2;1;24;25;5;9;5;1;48;23;44;43; ;1; ;18;3;40;8; ; ; ; ; 
Santiago del Estero;MORENO;Estatal;Urbano;14;14;14; ; ; ; ; ;24;26;7;18;1;42;7; ;9;2;17; ;8;7;0;0;0;6;1; ;1;0;2;0;10;1;2;1; ;2;5;4;2;12;9;7;6;5;2;11;1;12;12; ; ; ;9;6;13;9; ; ; ; ; 
Santiago del Estero;MORENO;Privado;Urbano;6;6;6; ; ; ; ; ;2;7;4;0;3;17;3; ;0;0;7; ;0;6;1;0;0;1;0; ;0;0;0;0; ;1;5; ;3;2;1;1;2;6;4;3;3;3;1; ;5;2;2; ; ; ;3;3;6;5; ;3;4;2;1
Santiago del Estero;OJO DE AGUA;Estatal;Rural;44;41;17;2;22; ; ; ;42;19;4;2;1;21;11; ;8;0;25; ;2;0;0;0;0;0;0; ;1;0;1;0;8; ; ; ; ; ;6;2; ;5;6;2;3;2;1;30;10;6;6; ; ; ;3;2;29;7; ; ; ; ; 
Santiago del Estero;OJO DE AGUA;Estatal;Urbano;11;10;10; ; ; ; ; ;11;13;5;0;0;22;6; ;3;0;13; ;2;3;0;0;0;0;0; ;1;0;2;0;6; ; ; ; ; ;6; ; ;6;4;4;3;1; ;10; ;5;5; ; ; ;3;2;9;5; ; ; ; ; 
Santiago del Estero;PELLEGRINI;Estatal;Rural;99;91;54;1;36; ; ;1;56;55;14;6;2;79;17; ;11;0;54; ;9;7;2;0;0;6;0; ;1;0;5;0;14;1;3;2; ;2;13;1; ;16;13;3;6;2; ;62;29;48;47;1; ; ;8;4;51;12; ; ; ; ; 
Santiago del Estero;QUEBRACHOS;Estatal;Rural;50;42;8;3;32; ; ; ;23;13;8;3;0;29;12; ;9;2;22; ;2;0;0;0;0;0;0; ;0;0;0;0;20; ;1;1; ;1;18;1; ;18;16;6;5;2;1;26;15;19;19; ; ; ;6;2;20;8; ; ; ; ; 
Santiago del Estero;QUEBRACHOS;Estatal;Urbano;6;6;6; ; ; ; ; ;8;12;5;0;0;12;4; ;4;1;7; ;4;1;1;1;1;1;1; ;2;1;3;0;3;3; ; ; ; ;1;4;1;6;3;4;2;2;1;5; ;5;5; ; ; ;3;3;6;5; ; ; ; ; 
Santiago del Estero;RIO HONDO;Estatal;Rural;89;85;78; ;7; ; ; ;57;66;16;9;3;79;20; ;20;0;54; ;6;5;0;1;0;6;1; ;4;0;4;0;28;1;1;2; ;4;19;2;5;29;22;6;12;4;6;53;26;51;49;1; ;1;13;7;44;18; ; ; ; ; 
Santiago del Estero;RIO HONDO;Estatal;Urbano;21;21;20; ; ; ; ;1;21;18;6;7;4;31;4; ;5;0;22; ;4;2;0;0;0;1;0; ;0;3;2;2;11; ;3;1;2;9;1;3; ;14;9;5;8;2; ;16;5;17;13; ; ;4;6;2;18;7; ; ; ; ; 
Santiago del Estero;RIO HONDO;Privado;Urbano;8;8;8; ; ; ; ; ;8;15;4;3;7;17;4; ;3;0;13; ;0;0;0;0;0;3;1; ;0;0;0;0; ; ;8;1; ;4;1;1;4;8;4;3;6;2; ; ;8;5;5; ; ; ;1;1;5;3;2;4;3;3; 
Santiago del Estero;RIVADAVIA;Estatal;Rural;15;15;12; ;2; ; ;1;14;12;2;2;0;15;5; ;6;0;14; ;0;0;0;0;0;0;0; ;0;0;0;0;7;5;1;1;1;5;9;2; ;10;10;3;10; ;1;13;1;7;7; ; ; ;2; ;10;1; ; ; ; ; 
Santiago del Estero;ROBLES;Estatal;Rural;43;43;41; ;2; ; ; ;43;44;24;3;0;48;16; ;18;3;46; ;6;6;1;0;0;3;2; ;4;0;6;1;32;2;1;3; ;4;25;5;1;34;29;11;15;8;2;29;12;25;24;1; ; ;9;4;30;10; ; ; ; ; 
Santiago del Estero;ROBLES;Estatal;Urbano;32;31;31;1; ; ; ; ;38;33;7;3;0;56;7; ;16;7;31; ;7;9;1;1;0;10;1; ;2;0;3;0;18;1;2;1;2;4;6;7;3;21;16;12;9;12;1;18;12;16;15;1; ; ;14;11;22;16; ; ; ; ; 
Santiago del Estero;ROBLES;Privado;Urbano;6;6;6; ; ; ; ; ;4;8;8;7;4;17;2; ;3;1;8; ;2;1;0;0;0;0;0; ;0;0;0;0; ;1;5;1; ;4;2; ;1;6;2;4;3;2;1; ;5;2;1; ;1; ;4;3;6;6; ;2;2;3; 
Santiago del Estero;SALAVINA;Estatal;Rural;56;52;10;8;40; ; ; ;31;34;4;0;0;46;4; ;19;2;35; ;2;0;0;0;0;1;0; ;0;0;1;0;28;1;1;4;1;2;23;5;3;27;28;11;13;3; ;44;8;27;24;1; ;2;4;2;25;10; ; ; ; ; 
Santiago del Estero;SAN MARTIN;Estatal;Rural;54;50;31;4;17; ; ;1;33;39;5;4;2;44;14; ;20;0;36; ;2;1;0;0;0;0;0; ;0;0;1;0;32;1;1; ; ;5;24;7; ;28;29;7;17;4;2;32;16;36;35; ;1; ;6;3;28;6; ; ; ; ; 
Santiago del Estero;SARMIENTO;Estatal;Rural;20;20;10;1;9; ; ;1;14;8;0;0;0;14;1; ;2;0;15; ;0;0;0;0;0;0;0; ;0;0;2;0;6; ; ; ; ; ;6; ; ;3;5;1;1;2; ;14;6;11;11; ; ; ;1; ;10;4; ; ; ; ; 
Santiago del Estero;SILIPICA;Estatal;Rural;29;29;23;2;4; ; ; ;22;23;8;3;0;31;7; ;9;1;23; ;4;4;0;0;0;4;2; ;0;0;0;0;23; ; ;1; ;1;15;5;1;21;17;10;16;6; ;19;10;19;19; ; ; ;10;6;21;9; ; ; ; ; 
Tierra del Fuego;Enmascarado;Estatal;Rural;6;6;1;4; ; ; ;1;9;9;4;2;1;11;2; ;3;1;5; ;0;0;0;0;0;0;0; ;0;0;0;0;2;4; ;1; ; ;5; ;1;5;5;2;3;2; ;1;5;6;6; ; ; ;3;1;6;4; ; ; ; ; 
Tierra del Fuego;RIO GRANDE;Estatal;Urbano;57;57;57; ; ; ; ; ;139;73;67;60;8;124;15; ;39;18;65; ;32;6;6;5;1;11;3; ;5;0;5;0;53;1;2;14;9;37;4;10;7;56;35;43;29;37;11;2;44;54;47;5;2; ;39;33;55;45; ; ; ; ; 
Tierra del Fuego;RIO GRANDE;Privado;Urbano;18;18;18; ;1; ; ; ;139;27;53;43;14;107;10; ;10;3;39; ;10;8;1;3;0;5;1; ;1;0;3;1; ; ;18;7;4;10;7; ;2;18;14;16;14;12; ; ;18;17;8;5;3;1;11;9;17;16;1;6;7;8;1
Tierra del Fuego;TOLHUIN;Estatal;Urbano;8;8;8; ; ; ; ; ;7;10;5;0;1;19;0; ;2;2;4; ;3;1;0;0;0;1;0; ;0;0;0;0;6; ;1;1;2;1;4;1; ;7;3;5;4;6;1;1;6;7;6;1; ; ;7;4;7;5; ; ; ; ; 
Tierra del Fuego;USHUAIA;Estatal;Urbano;54;54;54; ; ; ; ; ;115;76;60;21;10;116;11; ;33;14;57; ;18;9;2;0;0;7;0; ;2;0;2;0;50; ;3;9;8;27;6;14;5;49;35;38;31;29;15;1;38;45;40; ;5; ;32;27;49;39; ; ; ; ; 
Tierra del Fuego;USHUAIA;Privado;Urbano;14;14;14; ; ; ; ; ;135;29;24;10;8;69;10; ;6;12;29; ;4;3;4;0;0;5;0; ;1;1;1;0; ; ;14;3;1;11; ; ;2;13;13;7;13;4; ; ;14;12;7;3;2; ;4;4;11;8; ;5;5;5; 
Tucumán;BURRUYACU;Estatal;Rural;94;94;93; ; ; ; ;1;62;89;24;5;2;129;8; ;30;3;74; ;17;12;3;3;1;12;0; ;3;0;8;8;18;2;10;2;2;8;15;3;2;26;15;6;11;3;2;64;28;28;20;2;2;4;29;10;64;29; ; ; ; ; 
Tucumán;CAPITAL;Estatal;Urbano;202;202;202; ; ; ; ; ;172;230;133;38;11;408;56; ;87;18;239; ;47;37;13;5;0;28;5; ;11;0;18;9;80;11;59;57;31;66;10;21;21;150;62;50;56;47;22;137;43;67;47;11;2;7;107;75;174;123; ; ; ; ; 
Tucumán;CAPITAL;Privado;Urbano;202;202;202;1;1; ; ; ;380;648;198;367;134;586;91; ;136;14;314; ;26;31;8;8;3;21;5; ;5;2;9;3;2; ;191;79;45;108;9;27;38;191;118;89;124;119;2;1;199;89;5;37;43;4;131;118;154;111; ;42;46;58;16
Tucumán;CHICLIGASTA;Estatal;Rural;38;38;38; ; ; ; ; ;13;25;7;1;1;41;8; ;4;1;21; ;2;2;1;1;0;4;0; ;1;1;2;1;2;3;15; ; ;9;5;1;6;20;6;3;4;1;1;18;19;6;3; ;1;2;5;3;29;21; ; ; ; ; 
Tucumán;CHICLIGASTA;Estatal;Urbano;36;36;36; ; ; ; ; ;18;38;11;10;1;54;5; ;12;4;34; ;1;1;0;0;0;0;2; ;1;1;1;0;8;5;14;6;1;13;4;4;3;27;10;5;8;6;3;19;14;11;11; ; ; ;13;9;25;14; ; ; ; ; 
Tucumán;CHICLIGASTA;Privado;Urbano;12;12;12; ; ; ; ; ;16;37;16;10;7;53;5; ;8;0;13; ;1;0;2;0;1;6;2; ;2;0;0;0; ; ;11;3;3;4;1;3;1;11;4;7;9;10; ; ;12;8;1;5;2; ;9;9;10;6; ;3;4;4;2
Tucumán;CRUZ ALTA;Estatal;Rural;62;62;61; ; ; ; ;1;36;62;12;7;0;89;6; ;17;2;67; ;9;8;3;2;1;6;1; ;2;2;3;2;7;8;6;1; ;8;5;5;3;21;11;8;6;3;5;36;21;18;17; ; ;1;25;8;51;27; ; ; ; ; 
Tucumán;CRUZ ALTA;Estatal;Urbano;75;75;75; ; ; ; ; ;51;69;30;4;1;123;11; ;20;5;82; ;10;7;1;0;0;7;0; ;0;0;3;2;19;4;32;13;6;28;5;12;2;53;23;18;20;17;12;47;16;23;23; ; ; ;33;24;61;47; ; ; ; ; 
Tucumán;CRUZ ALTA;Privado;Urbano;31;31;30; ; ; ; ;1;41;34;16;16;7;66;5; ;10;4;52; ;5;5;2;0;1;1;1; ;1;0;3;0;1;1;27;13;3;15;3;7;5;29;11;7;14;14; ; ;31;11;2;6;2;1;15;13;18;11; ;6;6;7;3
Tucumán;Enmascarado;Estatal;Urbano;15;15;15; ; ; ; ; ;13;21;7;17;0;36;2; ;6;5;22; ;0;2;0;1;0;1;1; ;0;0;0;0;4;3;4; ;1;9; ;2;1;11;7;5;4;5;2;6;7;6;4; ; ;2;8;4;10;6; ; ; ; ; 
Tucumán;Enmascarado;Privado;Rural;13;13;13; ; ; ; ; ;9;8;9;1;5;17;3; ;3;1;13; ;3;1;0;0;0;2;2; ;1;1;1;0; ; ;10;4;2;4;3;2;2;10;4;3;3;4; ; ;13;3;1;1;1; ;6;6;10;7; ;3;4;5; 
Tucumán;Enmascarado;Privado;Urbano;13;13;13; ; ; ; ; ;13;12;19;6;3;20;1; ;7;1;15; ;1;0;0;0;0;0;0; ;0;0;0;0; ;1;11;4; ;8;2;1;1;12;6;2;6;3; ; ;13;5; ;2;1;2;5;5;7;6; ;1;1;3;1
Tucumán;FAMAILLA;Estatal;Rural;26;26;25; ;1; ; ; ;6;15;4;4;0;35;2; ;2;1;14; ;2;3;0;0;0;5;1; ;2;0;1;1;3; ;5; ; ;2;3; ;3;8;2;5; ;1;1;8;17;8;7;1; ; ;4;3;23;11; ; ; ; ; 
Tucumán;FAMAILLA;Estatal;Urbano;15;15;15; ; ; ; ; ;7;15;8;1;0;26;3; ;8;0;19; ;3;3;0;1;0;0;0; ;1;2;1;0;2;1;10;1;1;5;2;3;1;13;6;2;3;3;1;11;3;4;4; ; ; ;10;7;12;9; ; ; ; ; 
Tucumán;FAMAILLA;Privado;Urbano;6;6;6; ; ; ; ; ;5;6;3;2;0;6;0; ;2;0;4; ;2;0;0;0;0;0;0; ;0;0;0;0; ; ;6;3; ;4; ;1;1;6;2;3;2;3; ; ;6;3; ;2;1; ;4;4;5;5; ;1;2;1;1
Tucumán;GRANEROS;Estatal;Rural;41;41;40; ;1; ; ; ;12;25;8;1;0;44;6; ;7;0;14; ;2;2;2;1;0;4;1; ;2;1;1;1;3;2;2;1; ;1;5; ; ;5;4;1;3; ;1;12;28;6;4;2; ; ;9;3;23;8; ; ; ; ; 
Tucumán;GRANEROS;Estatal;Urbano;8;8;8; ; ; ; ; ;5;9;0;0;0;7;0; ;2;0;4; ;1;2;0;0;0;1;0; ;1;0;1;0; ; ;3; ; ;1;1;1; ;3;1; ;1; ; ;4;4;2;2; ; ; ;3;2;7;5; ; ; ; ; 
Tucumán;JUAN B ALBERDI;Estatal;Rural;19;19;19; ; ; ; ; ;5;15;1;0;1;26;2; ;5;0;14; ;3;0;0;0;0;0;0; ;0;0;1;0;4;2;3; ; ;1;7;1; ;9;4;1;2; ;2;11;6;2;2; ; ; ;1;1;13;9; ; ; ; ; 
Tucumán;JUAN B ALBERDI;Estatal;Urbano;12;12;12; ; ; ; ; ;3;9;4;0;1;13;2; ;4;1;11; ;4;2;0;0;0;2;1; ;0;0;3;1;3;2;4;3;1;7;1; ;1;9;3;1;2;2;3;7;2;2; ; ; ;2;4;4;8;6; ; ; ; ; 
Tucumán;JUAN B ALBERDI;Privado;Urbano;6;6;6;2; ; ; ; ;6;5;4;5;3;13;1; ;0;0;5; ;0;0;0;0;0;0;1; ;0;0;0;0; ; ;6;3; ;5; ; ; ;6;5;1;3;5; ; ;6;4;2; ;1;1;5;5;3;3; ;1;1;2; 
Tucumán;LA COCHA;Estatal;Rural;27;27;27; ; ; ; ; ;8;24;5;3;0;34;0; ;5;1;16; ;1;0;0;0;0;1;0; ;1;0;0;0;5;6;4;2; ;5;3;5;4;14;7;4;4;4; ;16;11;5;4; ; ;1;5;3;20;12; ; ; ; ; 
Tucumán;LEALES;Estatal;Rural;101;101;101; ; ; ; ; ;46;77;17;7;1;134;12; ;16;2;77; ;11;11;0;0;0;9;3; ;1;2;13;4;9;10;20;3;1;18;12;9;2;37;17;15;11;10;6;63;32;17;12; ;1;4;27;7;81;48; ; ; ; ; 
Tucumán;LEALES;Estatal;Urbano;9;9;9; ; ; ; ; ;4;12;3;0;0;18;0; ;4;3;11; ;2;5;0;0;0;1;0; ;1;0;2;1;3;4;1; ; ;2;1;4;1;7;3;3;3;4;1;6;2;2;1;1; ; ;5;3;9;7; ; ; ; ; 
Tucumán;LEALES;Privado;Urbano;4;4;4; ; ; ; ; ;4;4;0;0;0;5;1; ;0;0;5; ;0;0;0;0;0;0;0; ;0;0;0;0; ; ;4; ; ;3;1; ; ;4;2;3;3;4; ; ;4; ; ; ; ; ;4;4;3;3; ;1;1;1;1
Tucumán;LULES;Estatal;Rural;19;19;18; ;1; ; ; ;11;23;7;1;0;30;3; ;5;1;21; ;2;2;0;0;0;1;0; ;0;0;0;0;3;7;2; ;1;4;4;3; ;12;6;5;5;6;2;6;11;3;2; ; ;1;9;6;15;12; ; ; ; ; 
Tucumán;LULES;Estatal;Urbano;32;32;32; ; ; ; ;1;19;32;11;2;1;50;6; ;11;3;34; ;10;6;0;0;0;3;1; ;2;0;6;1;10;4;11;5;2;14;3;3;1;25;11;6;7;4;4;23;5;9;7;1;1; ;14;7;26;19; ; ; ; ; 
Tucumán;LULES;Privado;Urbano;13;13;13; ; ; ; ; ;6;8;4;3;8;19;2; ;0;0;9; ;0;1;0;0;3;0;0; ;0;0;0;0; ; ;12;2;2;8; ; ;1;12; ; ;2;1; ; ;13;2; ; ;1;1;3;2;7;6; ;3;3;4;1
Tucumán;MONTEROS;Estatal;Rural;37;37;37; ; ; ; ; ;12;28;9;9;0;44;8; ;10;2;28; ;6;4;0;0;0;0;0; ;1;0;2;0; ;1;12;1; ;7;1;1;4;12;5;2;4;1;1;11;25;5;5; ; ; ;5;2;30;17; ; ; ; ; 
Tucumán;MONTEROS;Estatal;Urbano;31;31;31; ;1; ; ; ;26;34;22;6;0;58;8; ;8;6;39; ;6;4;1;1;0;0;0; ;0;0;1;0;5;4;19;1;1;8;7;8;5;27;7;6;6;6; ;24;7;7;6; ; ;1;17;9;27;23; ; ; ; ; 
Tucumán;RIO CHICO;Estatal;Rural;20;20;20; ; ; ; ; ;6;12;0;0;0;20;0; ;2;1;12; ;1;1;0;0;0;1;0; ;0;0;0;0;4;1;7;2;1;1;4;2;2;10;3;3;4; ;1;11;8;3;3; ; ; ;2; ;13;7; ; ; ; ; 
Tucumán;RIO CHICO;Estatal;Urbano;37;37;37; ; ; ; ; ;32;30;5;2;1;55;2; ;6;3;26; ;6;0;0;0;0;1;0; ;0;0;2;1;3;1;21;2; ;9;6;9;2;25;11;6;6;3;3;24;10;7;4;3; ; ;11;8;24;17; ; ; ; ; 
Tucumán;RIO CHICO;Privado;Urbano;8;8;8; ; ; ; ; ;11;6;8;4;1;12;6; ;4;0;10; ;3;0;0;0;0;1;0; ;1;0;2;0; ; ;8;5;1;3; ;1;2;8;3;3;3;5; ; ;8;2;1; ;1; ;6;6;8;4; ;3;3;3; 
Tucumán;SIMOCA;Estatal;Rural;68;68;67; ; ; ; ;1;34;39;9;0;0;77;7; ;16;0;54; ;9;5;1;1;0;5;1; ;1;2;4;2;3;6;19; ;1;11;8;4;4;26;10;7;11;1;1;38;29;18;16; ; ;2;13;4;55;33; ; ; ; ; 
Tucumán;SIMOCA;Estatal;Urbano;8;8;8; ; ; ; ; ;8;8;2;0;0;8;1; ;2;0;5; ;1;0;0;0;0;0;0; ;0;0;0;0; ;1;4; ; ;2;2;1;1;5;3;1;1;1; ;5;3;2;1; ; ;1;4;3;5;3; ; ; ; ; 
Tucumán;SIMOCA;Privado;Urbano;4;4;4; ; ; ; ; ;5;5;5;3;0;8;4; ;5;0;9; ;0;0;0;0;0;0;0; ;15;0;0;0; ; ;4; ; ;1; ;1;2;4;2;2;1;2; ; ;4;1; ; ; ;1;2;2;2;1; ;1;2;2; 
Tucumán;TAFI DEL VALLE;Estatal;Rural;33;33;29; ;4; ; ; ;31;33;7;1;0;39;5; ;8;3;26; ;6;7;6;1;0;5;3; ;1;1;5;1;3;5;10;1; ;8;3;4;3;17;5;5;7;7; ;16;17;5;5; ; ; ;15;10;25;18; ; ; ; ; 
Tucumán;TAFI VIEJO;Estatal;Rural;44;44;37; ;8; ; ; ;27;37;13;8;2;64;5; ;10;1;43; ;6;6;2;0;0;4;1; ;0;0;4;2;8;6;8;2;1;12;5;2;1;21;9;7;7;2;3;28;13;14;11; ;1;2;16;6;32;18; ; ; ; ; 
Tucumán;TAFI VIEJO;Estatal;Urbano;37;37;37; ; ; ; ; ;33;31;13;4;0;73;4; ;11;6;41; ;9;10;0;0;0;2;2; ;24;0;7;1;13;3;10;13;4;13;1;3;5;26;9;7;9;5;7;22;8;12;7;1; ;4;11;9;28;17; ; ; ; ; 
Tucumán;TAFI VIEJO;Privado;Urbano;20;20;20; ; ; ; ; ;19;19;11;4;1;42;16; ;3;3;30; ;1;2;1;0;0;1;0; ;1;0;1;0;1; ;18;7;3;12; ;1;2;18;8;5;8;6; ; ;20;3; ; ;2;1;8;8;12;10; ;4;4;4; 
Tucumán;TRANCAS;Estatal;Rural;37;37;35; ;2; ; ; ;28;32;15;6;1;48;6; ;12;2;28; ;14;8;1;1;1;3;0; ;2;1;6;3;7;6;4;1; ;1;11;3;2;14;6;3;6;3;2;19;16;9;9; ; ; ;9;3;29;16; ; ; ; ; 
Tucumán;TRANCAS;Estatal;Urbano;10;10;10; ; ; ; ; ;8;14;4;2;2;11;3; ;4;3;7; ;3;2;0;0;0;0;0; ;0;0;2;0;3;2;2;2; ;6; ; ;1;7;2;3;2;3;1;7;2;2;2; ; ; ;6;5;8;7; ; ; ; ; 
Tucumán;YERBA BUENA;Estatal;Rural;10;10;10; ; ; ; ;1;4;10;2;3;0;30;0; ;2;0;9; ;5;8;1;0;0;3;0; ;0;0;0;0;2;2;2;4;1;1;2;1; ;6;4;3;2;1;1;5;4;2;1; ;1; ;7;5;9;7; ; ; ; ; 
Tucumán;YERBA BUENA;Estatal;Urbano;18;18;18; ; ; ; ;1;15;16;8;0;0;30;4; ;7;0;25; ;1;2;1;0;0;1;0; ;0;0;2;0;11; ;3;4;1;9; ;1; ;14;6;3;4;4;3;9;6;5;5; ; ; ;9;6;13;9; ; ; ; ; 
Tucumán;YERBA BUENA;Privado;Urbano;36;36;36; ;1; ; ; ;136;191;35;60;34;127;12; ;26;3;74; ;6;7;4;3;1;6;0; ;2;1;4;1; ; ;35;15;7;18;2;10;7;35;29;17;27;25; ; ;36;21; ;7;14; ;25;21;23;17; ;7;7;11; 
