provincia;departamento;sector;ambito;lactantes;deambulantes;s2;s3;s4;s5;_1;_2;_3;_4;_5;_6;_7;_8;_9;_10;_11;_12;_1314;_20;_snu;v_lactantes;v_deambulantes;v_s2;v_s3;v_s4;v_s5;v_1;v_2;v_3;v_4;v_5;v_6;v_7;v_8;v_9;v_10;v_11;v_12;v_1314;v_20;v_snu;r_1;r_2;r_3;r_4;r_5;r_6;r_7;r_8;r_9;r_10;r_11;r_12;r_1314;r_20;s_lactantes;s_deambulantes;s_s2;s_s3;s_s4;s_s5;s_1;s_2;s_3;s_4;s_5;s_6;s_7;s_8;s_9;s_10;s_11;s_12;s_1314;_seclactantes;_secdeambu;_secs2;_secs3;_secs4;_secs5;_sec1;_sec2;_sec3;_sec4;_sec5;_sec6;_sec7;_sec8;_sec9;_sec10;_sec11;_sec12;_sec1314;_sec20;multi_ini;multi_pri;multi_sec;multinivel
Buenos Aires;25 DE MAYO;Estatal;Rural; ; ;35;57;57;70;86;94;102;88;99;99;121;116;112;107;104;100; ; ; ; ; ;22;23;33;39;43;47;51;47;56;52;63;65;58;59;56;52; ; ; ;0;5;8;4;7;3;3;3;7;8;2;1; ; ; ; ; ; ; ; ; ;5;8;8;7;4;14;19;18;19;8;9; ;0;0;3;2;1;5;3;3;6;5;6;5;7;7;6;6;6;6;0;0;11;30;1;1
Buenos Aires;25 DE MAYO;Estatal;Urbano;29;109;267;243;316;281;306;345;312;328;365;320;361;345;340;390;309;250;31; ;528;13;55;142;123;166;148;158;178;168;157;187;161;193;173;174;196;138;120;27; ;107;0;13;16;11;9;10;25;23;15;17;5;4;0; ; ; ; ; ; ; ; ;14;17;12;14;11;72;89;86;117;58;37;3;5;10;17;15;14;13;16;16;16;16;16;16;17;16;17;17;17;16;2;0;15;6; ;0
Buenos Aires;25 DE MAYO;Privado;Urbano; ; ; ;103;105;125;134;140;131;140;140;132;155;130;130;121;115;102; ; ; ; ; ; ;49;65;72;74;69;56;75;68;70;83;68;50;49;52;39; ; ; ;0;4;5;2;0;4;1;0;1;0;3;0; ; ; ; ; ; ; ; ; ;4;5;2; ;4;4;1;8;5;9;7; ;0;0;0;5;5;5;5;5;5;5;5;5;5;4;4;4;4;4;0;0;0;0; ;0
Buenos Aires;9 DE JULIO;Estatal;Rural; ; ;57;67;75;94;94;98;121;95;132;128;105;114;105;110;85;74;11; ; ; ; ;26;42;35;49;50;47;64;54;76;66;56;58;58;53;53;36;6; ; ;0;0;0;1;5;1;2;0;7;1;1;0;0; ; ; ; ; ; ; ; ; ; ;3;7;6;21;13;22;20;18;9;2;0;0;1;0;0;1;4;3;5;5;4;5;11;7;7;7;7;7;1;0;24;28;5;0
Buenos Aires;9 DE JULIO;Estatal;Urbano; ; ;206;298;307;414;423;492;504;519;533;518;528;552;591;556;469;434;114;15;805; ; ;104;143;145;214;203;235;242;241;276;251;280;289;290;270;219;221;71;10;177;0;9;8;9;8;6;6;16;11;7;3;2;0;0; ; ; ; ; ; ; ;9;8;9;8;6;85;142;171;156;139;121;43;0;0;8;11;9;21;23;24;24;24;24;25;26;26;26;28;27;26;6;0;28;0; ;0
Buenos Aires;9 DE JULIO;Privado;Urbano; ; ; ;135;122;152;155;144;164;156;166;164;148;150;163;145;132;128; ; ; ; ; ; ;57;55;79;65;80;75;83;76;70;63;65;75;70;54;66; ; ; ;0;0;0;0;0;0;0;0;0;0;0;0; ; ; ; ; ; ; ; ; ; ;1; ; ;1; ;1;2;3;8;8; ;0;0;0;5;5;5;5;5;5;5;5;5;5;5;5;5;5;5;0;0;0;0; ;0
Buenos Aires;ADOLFO ALSINA;Estatal;Rural; ; ;20;32;44;32;34;41;40;41;35;55;32;41;23;32;27;36; ; ; ; ; ;13;18;25;18;13;21;21;21;15;30;14;21;17;20;16;14; ; ; ;0;1;1;0;1;0;1;2;0;3;1;0; ; ; ; ; ; ; ; ; ;1;6;5;3;5;1;2;1;5;2;1; ;0;0;1;2;0;0;1;1;1;1;1;2;3;3;3;4;4;4;0;0;12;15; ;0
Buenos Aires;ADOLFO ALSINA;Estatal;Urbano;2;11;94;111;143;123;140;158;157;153;166;159;180;203;180;189;140;128;42;15; ;1;5;54;51;72;64;71;77;87;72;90;75;98;95;99;86;79;71;22;11; ;0;5;1;4;6;3;2;5;6;6;6;1;0;0; ; ; ; ; ; ; ;7;5;8;8;7;19;31;41;47;23;30;4;0;0;6;5;7;6;8;7;7;8;8;8;10;10;8;10;9;10;3;0;7;3;2;0
Buenos Aires;ADOLFO GONZALES CHAVES;Estatal;Rural; ; ;30;19;29;28;36;43;37;44;41;42;42;41;47;46;40;31;3; ; ; ; ;10;12;12;9;14;25;21;20;21;19;19;22;23;17;11;11;1; ; ;0;1;1;1;1;1;0;1;0;0;0;0;0; ; ; ; ; ; ; ; ;1;1;2;1;1;11;15;7;7;3;3;1;0;0;2;0;0;2;1;1;1;1;2;1;4;3;3;4;4;4;1;0;9;11;1;0
Buenos Aires;ADOLFO GONZALES CHAVES;Estatal;Urbano;1; ;61;84;91;99;106;110;98;122;116;112;52;46;54;71;58;42;4;14;95;0; ;30;43;50;49;54;60;44;60;65;54;28;25;29;35;31;16;3;10;9;0;0;0;2;0;1;6;5;4;7;1;2;0;0; ; ; ; ; ; ; ; ; ;2; ;1;11;17;14;17;15;10;2;0;0;6;4;6;6;5;5;6;6;5;5;3;4;4;4;4;4;1;0;6;2; ;0
Buenos Aires;ALBERTI;Estatal;Rural; ; ;26;25;26;24;34;26;38;26;36;28;49;43;45;37;28;24;8; ; ; ; ;9;18;12;17;22;8;28;14;19;16;35;26;18;19;12;19;5; ; ;0;0;1;0;0;0;0;0;5;1;0;1;0; ; ; ; ; ; ; ; ; ;1;1;1; ;4;8;9;5;3;3;1;0;0;1;1;1;1;2;2;2;2;2;2;2;2;2;2;2;2;1;0;7;9;1;0
Buenos Aires;ALBERTI;Estatal;Urbano;8;15;52;61;72;83;79;80;94;95;108;107;104;91;117;97;137;81;14;15;16;5;10;28;28;37;45;42;38;45;53;59;50;63;48;61;47;61;46;14;8;2;0;1;3;7;4;3;8;3;3;3;0;0;0;5; ; ; ; ; ; ; ;1;3;7;4;3;23;24;31;30;21;15;1;1;1;3;3;3;5;4;4;4;4;5;5;6;6;6;6;6;6;2;0;5;0; ;0
Buenos Aires;ALMIRANTE BROWN;Estatal;Urbano;21;39;619;3047;4051;4675;5201;6032;6265;6433;6994;6713;6779;6991;7063;6726;5853;5153;382;79;5099;12;25;321;1574;2113;2377;2686;3135;3308;3339;3629;3479;3560;3586;3638;3447;2941;2491;245;54;1452;0;265;247;208;172;89;30;43;42;25;18;16;0;0;15;1; ; ; ;4;6;312;412;446;465;316;236;212;371;262;221;149; ;2;4;9;100;111;166;238;239;243;246;251;247;273;262;247;254;237;229;13;0;226;0; ;0
Buenos Aires;ALMIRANTE BROWN;Privado;Urbano;30;181;508;1891;2254;2605;3072;3286;3251;3278;3302;3364;3311;3208;3191;3020;2990;2728;30; ;670;9;98;251;930;1080;1298;1506;1639;1597;1657;1643;1628;1548;1411;1483;1402;1422;1249;20; ;159;0;18;10;7;2;1;0;2;2;4;1;2;0; ; ;6; ; ; ;1; ;18;15;13;6;8;6;10;49;31;34;24; ;4;11;24;66;81;100;120;122;119;121;122;119;108;107;104;102;102;100;2;0;77;0; ;0
Buenos Aires;ARRECIFES;Estatal;Rural; ; ;15;26;18;20;39;36;52;35;47;29;21;29;35;28;29;22; ; ; ; ; ;6;12;9;11;19;15;22;17;28;13;12;15;20;13;20;9; ; ; ;0;1;1;0;1;1;1;0;3;2;1;1; ; ; ; ; ; ; ; ; ;1;1; ;1;1;8;7;17;16;9;8; ;0;0;1;1;0;0;1;1;1;1;1;1;1;1;1;1;1;1;0;0;6;12;2;0
Buenos Aires;ARRECIFES;Estatal;Urbano;12;35;203;306;348;388;335;385;388;388;385;392;522;497;494;413;333;248;72;14;177;7;18;115;154;169;192;168;188;210;208;201;195;281;245;227;193;167;104;38;7;20;0;18;17;26;7;19;43;43;31;13;14;7;0;0; ; ; ; ; ; ; ;21;26;31;16;31;124;120;133;115;79;48;12;2;3;9;12;12;14;17;16;16;17;16;16;23;22;20;18;16;15;4;0;12;0; ;0
Buenos Aires;AVELLANEDA;Estatal;Urbano;4;9;372;2063;2497;2846;2895;3592;3655;3641;3829;3522;4292;4447;4682;4240;3676;3109;564;89;8623;4;4;188;1022;1252;1465;1539;1873;1886;1884;1998;1791;2292;2433;2554;2248;1919;1586;399;65;2445;0;394;330;259;278;192;228;236;209;232;159;57;8;0; ; ; ;13;17; ;14;453;522;553;584;437;1194;1237;1604;1680;1451;1029;178;0;0;21;87;94;118;150;151;151;152;150;148;183;171;171;165;159;152;30;0;141;0; ;0
Buenos Aires;AVELLANEDA;Privado;Urbano;18;163;494;1043;1098;1329;1912;2027;2123;2247;2308;2258;2192;2119;2155;2125;2075;1784; ; ;960;7;85;244;533;529;675;949;999;1061;1075;1132;1068;1051;972;994;1006;983;809; ; ;426;0;23;23;10;9;4;2;5;7;13;10;4; ; ; ; ; ; ; ; ; ;23;29;17;18;13;74;71;76;126;114;123; ;1;10;25;41;49;62;80;80;80;80;80;79;72;70;68;68;68;66;0;0;50;0; ;0
Buenos Aires;AYACUCHO;Estatal;Rural; ; ;14;29;21;33;62;60;57;58;63;64;40;41;30;36;40;33; ; ; ; ; ;9;16;13;12;30;32;31;32;31;29;25;27;17;18;24;13; ; ; ;0;4;3;3;3;2;1;2;4;2;2;0; ; ; ; ; ; ; ; ;1;4;3;5;3;2;12;10;9;4;10;4; ;0;0;0;1;0;0;1;0;1;2;1;1;3;3;3;3;3;3;0;0;12;35; ;0
Buenos Aires;AYACUCHO;Estatal;Urbano;5;3;119;171;168;199;209;252;265;274;253;213;291;299;346;327;312;269;37;23;419;1;0;61;93;78;100;97;126;137;139;119;99;170;151;184;156;153;115;24;15;98;0;10;4;6;2;4;2;5;8;7;1;1;0;0; ; ; ; ; ; ;12;11;12;12;13;15;45;50;62;49;77;76;2;0;0;4;2;1;6;12;12;12;12;12;12;15;15;14;15;14;14;2;0;29;0; ;0
Buenos Aires;AZUL;Estatal;Rural; ; ;12;10;9;12;38;45;29;53;42;46;33;43;51;38;31;20;3; ; ; ; ;7;6;4;8;22;23;20;29;26;23;22;19;26;19;20;13;2; ; ;0;2;2;2;1;1;0;1;2;0;0;0;0; ; ; ; ; ; ; ; ;2;3;3;1;1;4;11;9;4;4;1;1;0;0;0;1;1;0;0;0;0;0;1;2;4;4;4;3;3;3;1;0;11;29;1;0
Buenos Aires;AZUL;Estatal;Urbano;8;10;293;405;434;574;491;621;608;594;691;667;729;753;728;726;619;642;63;15;1205;4;7;163;192;224;286;256;329;305;307;350;334;394;396;383;352;300;314;49;14;246;0;40;32;25;26;17;15;34;31;29;18;1;0;0; ; ; ; ; ; ; ;43;51;67;78;51;126;154;137;156;149;158;8;0;1;11;8;17;27;29;29;30;30;32;30;33;33;32;35;35;37;6;0;52;7;2;0
Buenos Aires;AZUL;Privado;Urbano;13;28;100;216;230;261;349;364;347;383;398;377;376;385;378;357;347;322; ; ;223;8;18;54;117;117;126;159;173;156;186;179;194;169;165;185;175;163;163; ; ;105;0;3;2;4;0;2;2;1;0;2;1;0; ; ; ; ; ; ; ; ; ;3;7;11;2;6;4;11;9;12;7;6; ;2;2;4;3;4;6;13;13;13;13;13;13;13;13;13;13;13;13;0;0;15;0; ;0
Buenos Aires;BAHIA BLANCA;Estatal;Rural; ; ;2;5;3;2;14;31;33;25;32;31; ; ; ; ; ; ; ; ; ; ; ;2;3;1;2;11;21;21;12;8;16; ; ; ; ; ; ; ; ; ;0;2;0;2;0;0; ; ; ; ; ; ; ; ; ; ; ; ; ; ;1;2;2;3;3;2; ; ; ; ; ; ; ;0;0;0;0;0;0;1;2;1;1;1;1;0;0;0;0;0;0;0;0;1;5; ;0
Buenos Aires;BAHIA BLANCA;Estatal;Urbano; ; ;974;1979;2138;2376;2592;3060;3199;3405;3577;3410;3477;3481;3604;3410;3012;2505;356;60;4461; ; ;531;1022;1128;1240;1312;1596;1660;1725;1850;1747;1795;1837;1850;1768;1522;1225;227;50;1405;0;227;125;93;89;39;133;116;115;136;54;14;1;0; ; ; ; ; ;3;2;258;254;269;311;217;639;654;842;983;768;479;61;0;0;22;40;33;57;151;152;153;153;156;155;152;153;149;146;142;137;19;0;269;0; ;0
Buenos Aires;BAHIA BLANCA;Privado;Urbano;54;230;564;997;1031;1196;1331;1369;1356;1358;1383;1347;1413;1367;1380;1288;1222;1152;86;28;3340;25;125;321;515;517;586;641;683;672;675;708;656;699;650;684;622;564;548;62;28;1115;0;5;5;10;4;1;0;2;4;7;5;1;0;0; ; ; ; ; ;1;2;7;7;13;6;5;42;53;59;74;57;89;10;7;13;21;35;35;45;52;51;51;50;50;47;48;48;47;46;46;45;3;0;55;0; ;0
Buenos Aires;BALCARCE;Estatal;Rural; ; ;8;24;30;27;54;60;38;53;49;52;77;68;61;72;65;51; ; ; ; ; ;5;12;15;14;25;31;22;24;18;24;46;35;34;36;36;25; ; ; ;0;0;0;0;0;0;1;6;4;2;0;0; ; ; ; ; ; ; ; ; ; ;2; ; ;1;10;24;14;17;19;11; ;0;0;0;0;1;0;1;0;1;1;1;2;4;4;4;4;4;4;0;0;9;30;3;0
Buenos Aires;BALCARCE;Estatal;Urbano; ;3;231;345;387;470;499;461;530;532;553;546;702;635;682;654;567;513;73;14;821; ;2;110;173;201;246;251;222;283;283;299;287;351;316;353;331;270;235;56;13;145;0;9;4;11;0;0;51;25;26;34;17;0;0;0; ; ; ; ; ; ; ;9;8;17;9;11;117;71;104;130;92;62;6;0;0;8;5;10;18;21;21;22;22;22;22;30;28;28;27;27;26;4;0;43;1; ;0
Buenos Aires;BALCARCE;Privado;Rural; ; ;3;8;17;21;26;30;30;32;32;28;42;48;56;98;84;86;18; ; ; ; ;1;4;8;12;15;20;14;15;13;17;23;30;28;37;35;40;11; ; ;0;1;0;0;0;0;0;0;0;0;0;0;0; ; ; ; ; ; ; ; ;1; ; ; ; ;1;3;3; ;5;5; ;0;0;0;0;0;0;1;1;1;1;1;1;2;2;2;3;3;3;1;0;3;1; ;0
Buenos Aires;BALCARCE;Privado;Urbano; ; ;13;117;115;118;147;137;122;157;144;137;35;34;35;32;30;32; ; ; ; ; ;9;62;56;61;69;67;65;63;64;59;19;17;11;17;16;17; ; ; ;0;0;0;0;0;1;0;0;0;1;0;0; ; ; ; ; ; ; ; ; ; ; ; ; ;1; ; ; ;1; ; ; ;0;0;0;4;4;4;5;5;5;5;5;5;1;1;1;1;1;1;0;0;2;0; ;0
Buenos Aires;BARADERO;Estatal;Rural; ; ;14;30;41;35;49;62;65;72;74;63;50;72;75;67;45;46;14; ; ; ; ;10;15;15;20;25;36;38;38;39;32;23;39;42;41;21;26;4; ; ;0;1;3;2;1;0;0;2;1;0;0;0;0; ; ; ; ; ; ; ; ;1;4;2;2;1;9;19;12;18;8;8;6;0;0;1;1;1;1;1;2;4;4;3;3;6;3;4;5;5;5;1;0;6;21;3;0
Buenos Aires;BARADERO;Estatal;Urbano;7;14;164;328;347;429;335;375;389;398;381;385;406;453;433;428;371;318;84; ;894;1;8;81;172;189;229;168;195;201;217;182;187;209;262;244;227;179;162;63; ;172;0;20;20;18;28;8;22;12;8;11;14;2;1; ; ; ; ; ; ; ;1;21;21;18;30;8;78;79;124;103;110;59;9;1;1;11;10;13;14;15;16;16;16;15;17;20;19;19;18;18;18;4;0;25;5;2;0
Buenos Aires;BARADERO;Privado;Urbano; ;1;14;84;91;97;116;148;149;133;156;162;144;137;141;133;141;107; ; ; ; ;0;9;37;39;48;68;74;74;67;71;77;59;60;73;65;55;48; ; ; ;0;0;0;0;0;0;0;0;0;0;0;0; ; ; ; ; ; ; ; ; ; ; ; ; ; ; ; ;12; ;25;18; ;0;0;0;3;3;3;5;5;5;5;5;5;5;5;5;5;5;5;0;0;3;0; ;0
Buenos Aires;BENITO JUAREZ;Estatal;Rural; ; ;15;30;30;42;35;53;42;49;51;40;38;40;40;24;29;12; ; ; ; ; ;8;14;19;27;24;25;19;23;28;25;19;19;22;18;17;4; ; ; ;0;1;1;2;0;0;0;0;0;0;0;0; ; ; ; ; ; ; ; ; ;1;1;2; ; ;2;10;9;4;4; ; ;0;0;1;0;0;1;3;2;2;3;2;2;4;2;2;1;1;1;0;0;8;7;4;0
Buenos Aires;BENITO JUAREZ;Estatal;Urbano;2;4;107;137;149;171;158;178;207;213;181;180;227;246;279;311;239;185;55;13;634;1;1;59;76;80;80;79;93;111;105;80;86;136;149;164;151;110;85;38;6;53;0;13;12;9;7;0;13;12;18;30;13;6;1;0; ; ; ; ; ; ; ;13;15;13;12;5;38;38;58;106;63;43;16;0;0;7;8;6;8;10;10;10;10;9;9;14;13;13;12;12;11;3;0;10;0; ;0
Buenos Aires;BERAZATEGUI;Estatal;Urbano;6;4;674;2201;2725;3072;3125;3663;3850;3948;4127;4100;4664;4882;4885;4768;4278;3616;556;60;2469;4;1;353;1112;1404;1509;1631;1897;1970;2082;2135;2146;2490;2651;2613;2495;2211;1869;426;48;362;0;210;259;234;219;92;238;282;271;310;257;78;2;0; ; ; ; ; ; ; ;241;333;356;340;218;781;1082;1240;1414;1239;890;66;0;0;35;77;78;107;148;149;156;155;157;155;172;170;171;173;165;160;23;0;153;0; ;0
Buenos Aires;BERAZATEGUI;Privado;Urbano;4;37;267;1104;1212;1426;2162;2273;2325;2340;2465;2415;2259;2126;2187;2031;1951;1845;53; ;1215;4;19;147;549;618;726;1071;1111;1156;1150;1224;1193;1040;979;985;942;882;796;39; ;486;0;19;19;12;14;4;1;3;4;10;6;5;0; ; ; ; ; ; ; ; ;19;21;18;14;4;34;61;88;193;176;129;1;0;2;14;43;42;59;86;86;85;86;85;86;75;76;74;71;71;71;2;0;50;0; ;0
Buenos Aires;BERISSO;Estatal;Urbano; ; ;93;612;757;833;993;1056;1107;1173;1264;1258;1378;1424;1438;1332;1202;979;183;60;1393; ; ;49;303;401;449;499;523;566;634;643;645;708;774;740;664;604;466;112;38;737;0;3;18;33;34;27;95;76;69;84;65;33;6;0; ; ; ; ; ; ;1;5;47;66;87;87;253;342;324;331;358;256;56;0;0;4;29;35;37;45;48;50;50;49;51;58;55;52;58;55;50;11;0;29;4; ;0
Buenos Aires;BERISSO;Privado;Urbano; ; ;14;285;309;318;326;331;328;345;346;374;298;303;319;283;284;279; ; ;180; ; ;4;158;160;165;142;159;165;181;187;188;144;140;152;133;128;132; ; ;2;0;0;3;5;0;0;0;0;0;0;0;0; ; ; ; ; ;16;16;17; ; ;3;5; ; ;2;7;6;3;8;19; ;0;0;0;13;14;14;12;12;12;12;12;12;11;10;10;9;9;9;0;0;3;0; ;0
Buenos Aires;BOLIVAR;Estatal;Rural; ; ;17;23;23;33;57;44;66;58;75;51;45;35;45;47;43;34; ; ;29; ; ;8;13;9;12;26;27;36;26;44;19;21;18;22;24;22;17; ; ;14;0;2;7;3;8;4;2;1;2;5;3;1; ; ; ; ; ; ; ; ; ;2;13;5;14;6;6;7;22;14;15;9; ;0;0;1;1;1;0;1;1;1;2;1;1;3;3;3;3;3;3;0;0;10;29;2;0
Buenos Aires;BOLIVAR;Estatal;Urbano; ;3;48;275;308;321;381;397;378;374;399;368;445;396;407;381;348;304;60;15;750; ;3;31;136;155;166;183;191;193;205;214;176;232;222;211;196;179;143;40;12;240;0;22;19;27;26;22;18;12;15;15;4;2;0;0; ; ; ; ; ;1;1;24;22;34;33;24;67;64;90;69;53;42;12;0;0;1;5;4;10;17;16;17;16;17;17;19;17;17;18;17;17;4;0;39;0; ;0
Buenos Aires;BOLIVAR;Privado;Urbano; ;12;18;67;71;73;93;91;94;97;93;91;95;97;90;75;85;87; ; ;35; ;7;8;34;36;37;43;49;50;57;44;52;45;45;46;38;35;37; ; ;2;0;0;0;0;0;0;0;0;0;6;0;5; ; ; ; ; ; ; ; ; ; ; ; ; ; ; ;1;4;8;8;9; ;0;1;1;2;1;2;3;3;3;3;3;3;3;3;3;3;3;3;0;0;3;0; ;0
Buenos Aires;BRAGADO;Estatal;Rural; ; ;20;25;22;30;51;62;55;52;54;60;61;75;68;64;65;56;7; ; ; ; ;12;8;12;18;26;35;32;31;28;32;36;42;33;32;29;26;7; ; ;0;3;1;2;1;3;0;1;1;2;0;0;0; ; ; ; ; ; ; ; ;3;2;2;2;5;11;10;22;8;15;10;5;0;0;0;0;0;1;3;3;4;2;2;4;5;4;3;3;3;3;1;0;10;11;4;0
Buenos Aires;BRAGADO;Estatal;Urbano;6;20;205;327;375;416;441;496;516;512;522;535;548;579;568;517;462;428;52; ;744;4;10;102;166;189;222;219;255;272;275;291;269;287;300;300;259;225;207;44; ;123;0;16;19;25;25;11;17;23;27;27;16;12;0; ; ; ; ; ; ; ; ;16;19;25;26;18;90;92;114;118;93;91;6;1;1;11;16;17;19;25;25;25;25;25;25;28;26;26;24;22;22;4;0;10;0; ;0
Buenos Aires;BRANDSEN;Estatal;Rural; ; ;19;55;79;87;117;139;132;159;128;131;146;140;151;149;116;100;9; ; ; ; ;13;37;39;44;66;68;68;86;66;60;90;81;85;88;62;56;5; ; ;0;5;4;2;4;1;7;2;1;3;0;0;0; ; ; ; ; ; ; ; ;5;5;6;5;2;24;23;37;39;22;17;1;0;0;0;0;0;3;4;4;6;5;4;6;7;6;6;8;8;8;2;0;14;18;1;0
Buenos Aires;BRANDSEN;Estatal;Urbano; ; ;71;261;272;303;335;320;361;376;407;387;472;468;506;497;428;334;97;15;1318; ; ;38;136;137;150;169;153;168;184;184;196;229;244;251;276;213;146;62;12;317;0;0;4;2;4;0;15;19;19;19;11;1;0;0; ; ; ; ; ; ; ; ;4;2;8;2;43;85;84;103;70;68;37;0;0;1;11;13;15;16;16;16;16;16;16;20;19;19;19;18;18;5;0;11;0; ;0
Buenos Aires;BRANDSEN;Privado;Urbano; ; ; ;65;59;80;127;105;125;116;131;132;114;103;106;103;106;85; ; ; ; ; ; ;34;24;35;61;53;64;60;62;57;49;48;51;50;45;43; ; ; ;0;0;0;0;0;0;0;0;0;0;0;0; ; ; ; ; ; ; ; ; ; ; ; ; ; ; ; ;1;1;2; ; ;0;0;0;4;4;4;5;5;5;5;5;5;4;4;4;4;4;4;0;0;0;0; ;0
Buenos Aires;CAMPANA;Estatal;Rural; ; ;11;29;32;61;71;94;87;90;92;118;83;83;113;96;107;77;14; ; ; ; ;6;16;19;27;36;53;43;43;43;66;38;46;57;65;52;38;7; ; ;0;0;3;4;1;0;0;3;6;2;4;1;0; ; ; ; ; ; ; ; ; ;4;5;5; ;5;8;20;6;11;8;1;0;0;0;0;0;2;4;4;5;4;4;5;7;5;5;6;4;4;2;0;8;5;4;0
Buenos Aires;CAMPANA;Estatal;Urbano;1; ;262;689;846;996;1017;1059;1187;1241;1303;1322;1413;1472;1543;1560;1396;1081;152;30;4021;1; ;134;372;428;501;541;557;631;661;669;652;791;783;829;803;705;538;118;10;520;0;24;29;24;11;23;14;26;15;12;4;1;0;0; ; ; ; ; ; ; ;24;44;33;22;36;44;70;105;148;101;72; ;0;0;3;11;25;42;55;54;54;57;58;57;64;62;59;61;60;56;7;0;76;0; ;0
Buenos Aires;CAMPANA;Privado;Urbano;35;78;213;393;459;475;523;564;565;551;560;533;507;550;554;477;466;437;55; ;522;11;51;98;199;234;240;270;281;285;278;268;263;244;262;237;235;196;216;34; ;180;0;0;0;0;0;1;0;0;0;0;0;0;0; ; ; ; ; ; ; ; ; ; ; ; ;1;1;3;13;4;7;4; ;5;7;14;20;21;22;22;23;23;21;21;19;20;20;20;18;17;16;2;0;6;0; ;0
Buenos Aires;CAÑUELAS;Estatal;Rural; ; ;17;43;61;68;98;109;118;112;129;114;65;71;65;79;70;49;7; ; ; ; ;8;23;30;37;49;53;59;51;68;67;35;34;36;52;36;22;2; ; ;0;1;3;2;5;0;1;4;9;5;5;0;0; ; ; ; ; ; ; ; ;1;4;6;7;5;6;21;17;23;28;12;1;0;0;1;1;1;4;5;5;5;4;4;5;4;4;4;5;4;4;1;0;8;14;2;0
Buenos Aires;CAÑUELAS;Estatal;Urbano; ; ;103;464;662;832;913;1025;1050;1142;1144;1133;1232;1325;1312;1143;901;774;105;15;610; ; ;58;239;326;395;461;545;542;581;581;549;690;706;732;582;485;390;72;12;74;0;18;21;27;31;17;74;93;97;79;49;45;7;0; ; ; ; ; ; ;1;22;31;50;44;41;321;396;449;409;274;220;44;0;0;4;14;18;29;36;38;39;39;39;38;40;41;39;39;34;30;4;0;28;0; ;0
Buenos Aires;CAÑUELAS;Privado;Urbano; ;6;71;199;227;261;260;297;300;302;324;300;288;299;265;252;259;234; ; ; ; ;5;29;93;111;132;116;141;157;129;160;137;137;130;127;121;106;102; ; ; ;0;1;0;0;0;0;1;0;0;0;0;0; ; ; ; ; ; ; ;1; ;1; ; ; ; ;6;6;12;15;17;12; ;0;0;4;7;8;10;10;10;10;10;11;11;9;9;9;9;9;9;0;0;2;0; ;0
Buenos Aires;CAPITAN SARMIENTO;Estatal;Rural; ;3;5;5;7;6;7;8;10;12;8;14;4;3;11;7;8;2; ; ; ; ;0;4;2;3;4;3;6;1;7;5;8;1;3;4;2;5;1; ; ; ;0;0;0;2;0;0;0;0;0;0;0;2; ; ; ; ; ; ; ; ; ; ; ;3;1; ;1;1;3;4;2;2; ;0;0;0;0;0;0;0;0;1;1;0;0;1;1;1;1;1;1;0;0;3;7; ;0
Buenos Aires;CAPITAN SARMIENTO;Estatal;Urbano;7;33;108;144;160;158;191;158;221;206;228;189;216;239;243;234;220;180;16;15;229;4;18;48;75;74;80;98;85;102;97;117;92;108;119;138;105;96;89;13;11;34;0;8;8;3;1;2;3;7;8;6;2;0;0;0; ; ; ; ; ; ;1;8;12;6;9;10;13;24;30;51;23;24; ;1;3;5;3;3;3;9;9;9;9;10;9;11;11;11;12;12;11;2;0;18;2; ;0
Buenos Aires;CARLOS CASARES;Estatal;Rural; ; ;32;27;30;37;42;47;68;52;57;63;62;73;67;50;44;59;9; ; ; ; ;16;15;16;16;23;29;34;32;31;33;32;37;29;32;23;26;7; ; ;0;0;2;1;0;0;0;2;0;0;3;4;0; ; ; ; ; ; ; ; ; ;2;7;5;15;16;22;13;9;11;15;3;0;0;0;0;0;0;2;2;3;2;2;3;5;3;3;4;4;4;2;0;15;20;8;0
Buenos Aires;CARLOS CASARES;Estatal;Urbano;1; ;169;233;219;244;236;222;263;238;247;236;259;299;297;238;205;196;23;15;720;0; ;88;123;107;119;105;109;128;129;127;119;132;163;148;118;76;87;20;12;128;0;1;2;4;6;3;6;14;16;14;7;1;0;0; ; ; ; ; ;1; ;1;4;6;7;7;27;66;76;71;58;40;7;0;0;9;9;7;10;11;10;12;11;10;11;13;12;12;14;14;14;3;0;14;3; ;0
Buenos Aires;CARLOS TEJEDOR;Estatal;Rural; ; ;22;23;29;37;22;46;35;34;37;37;40;35;41;39;31;26;5; ; ; ; ;9;13;17;21;10;27;19;20;16;20;22;19;18;16;18;15;3; ; ;0;2;2;5;3;5;0;0;0;0;0;0;0; ; ; ; ; ; ; ; ;2;3;6;5;6;4;2;10;6;8;1;1;0;0;0;1;0;0;2;3;3;2;3;3;4;3;3;4;4;4;1;0;14;11;1;0
Buenos Aires;CARLOS TEJEDOR;Estatal;Urbano;27;38;58;70;89;71;81;99;109;107;120;113;112;118;162;89;87;83;5;14;189;15;26;40;44;44;34;44;56;57;54;61;44;62;69;70;44;38;36;4;11;9;0;7;4;5;3;2;6;15;6;4;1;0;0;0;1; ; ; ; ; ; ;7;4;6;4;2;13;21;19;15;13;12;2;4;3;3;2;4;4;6;6;6;5;6;6;7;7;7;7;7;7;1;0;12;2;1;0
Buenos Aires;CARMEN DE ARECO;Estatal;Rural; ; ;7;18;11;13;25;26;27;30;22;28;21;17;16;10;11;4; ; ; ; ; ;4;8;7;7;11;20;12;12;11;15;13;7;9;6;7;2; ; ; ;0;0;0;0;2;0;3;3;1;0;1;0; ; ; ; ; ; ; ; ; ; ; ; ;2;1;5;6;5;1;1; ; ;0;0;0;0;0;0;1;1;3;1;1;1;1;1;1;1;1;1;0;0;6;10;2;0
Buenos Aires;CARMEN DE ARECO;Estatal;Urbano;5;17;146;161;209;206;202;217;215;198;213;232;229;252;256;244;221;203;30; ;294;4;9;82;91;120;107;99;113;117;104;106;115;106;152;120;131;103;109;20; ;62;0;5;6;8;5;3;6;3;5;3;4;0;0; ; ; ; ; ; ; ; ;5;6;8;7;5;12;21;24;25;29;32; ;1;2;8;7;7;9;10;10;10;10;11;10;11;11;11;11;11;11;2;0;13;2; ;0
Buenos Aires;CASTELLI;Estatal;Rural; ; ;2;6;8;15;21;34;37;27;35;30; ; ; ; ; ; ; ; ; ; ; ;1;3;7;9;9;16;19;13;24;13; ; ; ; ; ; ; ; ; ;0;0;0;0;0;0; ; ; ; ; ; ; ; ; ; ; ; ; ; ; ; ; ; ; ; ; ; ; ; ; ; ; ;0;0;0;0;0;0;0;0;0;0;0;0;0;0;0;0;0;0;0;0;4;18; ;0
Buenos Aires;CASTELLI;Estatal;Urbano; ; ;41;55;75;92;73;94;90;93;100;83;104;80;107;88;95;84; ; ;53; ; ;21;26;43;47;40;52;45;46;58;53;44;44;52;50;44;38; ; ;12;0;0;1;0;0;0;2;2;0;0;1;0; ; ; ; ; ; ; ; ; ; ;1; ; ; ;21;13;31;14;8;8; ;0;0;2;2;2;3;4;4;4;4;4;4;4;4;5;4;4;4;0;0;6;0;3;0
Buenos Aires;CHACABUCO;Estatal;Rural; ; ;26;26;38;34;55;75;99;82;80;74;46;52;52;29;22;31; ; ; ; ; ;16;10;20;20;27;36;52;42;39;38;24;25;28;13;8;19; ; ; ;0;3;1;2;3;2;2;1;1;0;0;0; ; ; ; ; ; ; ; ; ;4;2;4;3;4;6;5;8;3;5;4; ;0;0;1;0;1;1;3;4;5;4;2;6;3;3;3;2;2;2;0;0;9;21; ;0
Buenos Aires;CHACABUCO;Estatal;Urbano; ; ;184;355;365;446;498;527;557;595;626;582;616;587;719;680;562;491;65;15;1155; ; ;92;184;183;236;248;261;295;305;308;297;315;312;346;361;268;215;59;15;280;0;10;10;13;13;7;8;17;27;15;11;2;0;0; ; ; ;12; ;2;1;10;13;19;20;14;42;71;109;112;81;47;2;0;0;7;14;11;21;26;26;27;29;29;26;30;30;30;30;30;30;4;0;29;0;1;0
Buenos Aires;CHACABUCO;Privado;Urbano;17;88;97;111;104;105;86;84;83;80;81;88;83;83;97;91;72;72;21; ;256;5;47;49;54;62;56;35;45;41;40;34;51;40;43;39;54;37;32;17; ;12;0;0;0;0;0;0;0;0;0;0;0;1;0; ; ; ; ; ; ;1; ;1; ;1; ; ; ; ; ; ; ;6;3;2;2;2;4;4;4;3;3;3;3;3;3;3;3;3;3;3;3;1;0;10;0; ;0
Buenos Aires;CHASCOMUS;Estatal;Rural; ; ;7;5;11;9;12;17;16;15;13;8;14;10;15;16;12;5; ; ; ; ; ;2;0;4;4;7;8;8;9;2;2;8;6;8;10;5;3; ; ; ;0;0;0;0;0;0;0;0;0;0;0;0; ; ; ; ; ; ; ; ; ; ; ; ;1; ;2;1;1; ;2; ; ;0;0;0;0;1;0;0;0;0;0;0;0;2;1;1;1;1;1;0;0;6;9;3;0
Buenos Aires;CHASCOMUS;Estatal;Urbano;9;27;170;295;316;348;438;485;510;551;542;544;576;573;607;591;498;372;84; ;1143;5;18;80;152;158;195;216;260;278;293;274;268;305;303;336;287;257;192;56; ;358;0;8;10;9;5;9;26;30;23;32;15;6;0; ; ; ; ; ; ; ; ;8;11;12;12;14;81;121;123;161;105;58;6;1;2;3;6;13;18;24;24;25;23;24;23;25;24;25;24;24;23;5;0;36;20;1;0
Buenos Aires;CHASCOMUS;Privado;Urbano; ; ; ;107;131;141;140;148;154;147;161;154;197;195;202;184;206;179; ; ;171; ; ; ;58;78;66;73;77;77;64;75;78;77;92;93;87;101;92; ; ;32;0;0;0;0;0;0;0;0;0;1;0;0; ; ; ; ; ; ; ; ; ; ; ; ; ; ;1;1;2;3;4;7; ;0;0;0;5;5;6;5;5;5;5;5;5;6;6;6;6;6;6;0;0;1;0; ;0
Buenos Aires;CHIVILCOY;Estatal;Rural;5;34;66;72;69;75;33;34;32;31;36;32;9;8;11;11;11;13; ; ; ;3;19;34;38;28;46;21;19;15;18;20;19;6;6;7;3;6;5; ; ; ;0;0;0;0;0;1;2;0;0;1;0;0; ; ; ; ; ; ; ; ; ; ;1; ; ;2;2;3;3;3;6;1; ;0;0;3;2;2;3;0;0;1;1;1;0;2;2;2;2;2;2;0;0;12;26; ;0
Buenos Aires;CHIVILCOY;Estatal;Urbano;11;59;357;387;461;532;585;654;661;654;749;758;878;858;875;820;754;665;54;13;1582;5;28;194;188;242;280;303;326;353;346;404;394;477;429;448;410;368;329;49;11;388;0;3;5;8;4;11;52;47;58;61;28;9;0;0; ; ; ; ; ; ; ;3;7;16;11;19;196;192;229;220;199;131;10;1;3;17;17;28;30;33;32;33;33;34;36;37;38;37;37;36;36;3;0;26;11; ;0
Buenos Aires;CHIVILCOY;Privado;Urbano; ; ;57;198;169;222;256;260;266;254;256;274;258;265;266;243;235;187; ; ;322; ; ;27;108;83;113;123;143;135;116;121;132;118;144;118;107;118;95; ; ;127;0;0;0;0;0;0;0;0;0;0;0;0; ; ; ; ; ; ; ; ;1; ; ; ; ; ;6;4;7;5;9; ; ;0;0;4;9;8;8;9;9;9;9;9;9;9;9;9;9;9;7;0;0;1;0; ;0
Buenos Aires;COLON;Estatal;Rural; ; ;5;8;17;7;8;8;15;17;17;18;18;20;29;15;16;22; ; ; ; ; ;1;3;8;3;2;5;5;6;11;7;11;12;12;4;9;11; ; ; ;0;0;1;0;0;2;1;0;0;1;0;0; ; ; ; ; ; ; ; ; ; ;1; ;1;3;2;4;2;6;3;6; ;0;0;0;1;0;0;0;0;0;0;0;0;2;1;1;1;1;1;0;0;3;8;3;0
Buenos Aires;COLON;Estatal;Urbano; ; ;166;181;188;192;215;229;228;228;248;256;242;291;261;275;221;207;41; ;462; ; ;88;98;99;106;124;117;118;113;121;135;123;150;138;149;97;99;26; ;76;0;3;2;7;3;4;4;18;20;15;5;7;0; ; ; ; ; ; ; ; ;3;9;9;5;6;26;53;60;91;56;44; ;0;0;10;10;9;9;11;11;11;11;11;11;11;11;12;11;10;11;2;0;9;0; ;0
Buenos Aires;COLON;Privado;Urbano; ; ; ;80;85;81;128;134;121;131;118;134;124;118;136;123;107;91; ; ; ; ; ; ;38;34;43;68;67;53;70;59;63;57;53;65;56;61;40; ; ; ;0;0;0;0;0;0;1;3;5;1;1;0; ; ; ; ; ; ; ; ; ; ; ; ; ; ;1;4;11;6;11;1; ;0;0;0;3;3;3;5;5;5;5;5;5;5;5;5;4;4;4;0;0;1;0; ;0
Buenos Aires;CORONEL DE MARINA L ROSALES;Estatal;Rural; ; ;31;79;59;87;52;59;49;55;60;49;82;72;72;60;51;38;29; ; ; ; ;18;34;17;37;27;31;27;29;31;21;36;34;36;33;27;20;16; ; ;0;4;2;2;0;0;2;1;0;0;2;0;0; ; ; ; ; ; ; ; ;4;3;4;2;3;11;7;14;14;13;6;10;0;0;1;0;0;3;2;2;2;2;2;2;4;4;4;4;4;3;3;0;15;12; ;0
Buenos Aires;CORONEL DE MARINA L ROSALES;Estatal;Urbano; ; ;105;362;453;539;579;704;669;746;748;728;722;700;779;805;801;669;108;11;1675; ; ;44;190;233;263;310;351;343;371;399;354;363;372;415;400;399;339;76;11;564;0;36;25;23;8;8;11;17;11;25;17;4;0;0; ; ; ; ; ; ; ;39;41;50;39;27;86;82;130;160;138;115;14;0;0;1;12;15;21;35;35;35;35;35;35;33;32;33;35;35;35;5;0;48;3; ;0
Buenos Aires;CORONEL DE MARINA L ROSALES;Privado;Urbano; ; ;14;48;79;93;124;127;133;148;151;132;228;217;210;191;200;182;58; ;285; ; ;8;18;37;47;64;61;70;61;67;65;107;108;107;78;89;84;29; ;81;0;0;0;2;1;0;0;0;0;0;0;0;0; ; ; ; ; ; ; ; ; ;1;2;3;1;2; ;4;6;7;13;2;0;0;0;2;3;4;5;5;5;5;5;5;7;7;7;5;5;5;3;0;3;0; ;0
Buenos Aires;CORONEL DORREGO;Estatal;Rural; ; ;24;27;24;34;47;58;44;40;51;63;33;38;31;23;21;36;8; ;16; ; ;18;13;14;18;20;33;27;27;23;36;17;17;19;11;11;17;4; ;1;0;2;2;1;3;5;0;1;6;4;0;3;0; ; ; ; ; ; ; ;1;2;2;5;4;9;8;4;11;9;5;13;4;0;0;2;1;1;2;2;2;2;3;2;3;2;2;3;3;3;3;1;0;6;14;2;0
Buenos Aires;CORONEL DORREGO;Estatal;Urbano;3;2;86;111;106;122;96;89;98;103;113;103;129;111;132;132;110;105;40;30;127;1;0;46;45;56;63;46;44;59;48;66;55;65;68;76;73;55;57;22;21;5;0;5;3;5;3;2;9;18;6;6;0;0;0;0; ; ; ; ; ;2; ;9;7;10;11;5;12;43;31;25;14;13;4;0;0;6;3;4;6;5;5;5;5;5;5;7;7;8;6;6;6;3;0;11;2; ;0
Buenos Aires;CORONEL DORREGO;Privado;Urbano; ;4;4;24;31;29;77;82;72;80;77;78;57;58;58;52;55;44; ; ; ; ;4;2;7;15;15;39;36;43;42;38;37;20;31;27;24;20;15; ; ; ;0;1;0;0;0;0;0;0;1;0;0;0; ; ; ; ; ; ; ; ; ;1;1; ; ; ; ; ;1; ;1;4; ;0;0;0;1;0;0;3;3;3;3;3;3;2;2;2;2;2;2;0;0;5;0; ;0
Buenos Aires;CORONEL PRINGLES;Estatal;Rural; ; ;12;17;14;20;24;35;26;31;29;25;13;19;13;17;15;19;14; ; ; ; ;8;12;8;10;11;20;11;14;11;16;3;7;7;4;8;12;6; ; ;0;2;2;1;1;1;0;0;0;1;1;0;0; ; ; ; ; ; ; ; ;2;3;2;1;2;5;2; ;5;3;6;1;0;0;1;1;0;2;1;1;1;1;2;1;1;1;1;1;1;1;1;0;4;12; ;0
Buenos Aires;CORONEL PRINGLES;Estatal;Urbano; ; ;161;199;205;267;273;305;314;319;337;297;256;281;265;254;194;151;74;11;378; ; ;86;103;94;139;125;155;154;146;159;135;138;161;127;137;94;81;42;5;44;0;21;10;5;13;9;7;12;11;16;8;2;0;0; ; ; ; ; ; ;1;21;12;13;22;12;52;49;62;55;44;20;2;0;0;7;6;5;10;13;13;13;14;14;14;11;11;11;13;12;11;3;0;25;3; ;0
Buenos Aires;CORONEL SUAREZ;Estatal;Rural; ; ;29;30;36;42;75;65;77;87;99;103;54;59;78;51;42;31; ; ; ; ; ;17;17;22;29;42;41;45;41;55;58;35;30;50;28;18;11; ; ; ;0;3;2;1;2;0;0;0;0;0;0;0; ; ; ; ; ; ; ; ; ;3;2;2;2; ;9;9;17;11;9;7; ;0;0;0;0;1;2;3;3;3;3;3;3;5;3;3;4;3;3;0;0;11;23;5;0
Buenos Aires;CORONEL SUAREZ;Estatal;Urbano;6;15;174;303;281;329;319;342;350;367;412;399;419;394;438;407;336;296;45;14;1039;4;8;96;153;140;194;183;185;184;189;221;198;229;207;231;186;145;153;31;11;236;0;3;4;3;5;9;5;3;10;5;7;0;0;0; ; ; ; ; ; ; ;3;12;12;15;18;27;38;76;68;44;45;13;1;1;17;18;7;13;22;22;20;21;21;22;24;22;22;24;23;22;4;0;39;2;3;0
Buenos Aires;CORONEL SUAREZ;Privado;Urbano; ; ;71;91;73;73;105;101;118;109;122;118;133;119;133;117;110;96; ; ; ; ; ;35;42;42;33;48;60;58;50;72;52;58;43;51;65;55;37; ; ; ;0;0;0;0;0;0;0;0;0;0;2;1; ; ; ; ; ; ; ; ; ; ; ;1; ;1;1;2;7;5;5;3; ;0;0;4;4;4;4;5;5;6;5;5;5;6;6;6;6;6;6;0;0;3;0; ;0
Buenos Aires;DAIREAUX;Estatal;Rural; ; ;45;46;51;31;54;52;57;75;61;58;51;53;70;45;60;54;11; ; ; ; ;27;33;31;20;26;27;33;36;30;26;24;29;36;26;31;23;8; ; ;0;0;4;2;3;0;0;0;2;0;0;0;0; ; ; ; ; ; ; ;1; ;4;4;3;1;6;2;8;3;3;1; ;0;0;1;4;3;1;3;3;3;2;3;3;4;4;4;4;4;5;1;0;9;16;2;0
Buenos Aires;DAIREAUX;Estatal;Urbano; ; ;26;101;142;138;151;187;163;187;153;161;143;178;170;169;190;164;48;15; ; ; ;13;53;78;79;88;89;82;108;81;78;79;80;83;85;87;71;30;13; ;0;1;2;4;3;6;3;9;7;3;1;0;0;0; ; ; ; ; ; ; ;1;2;4;3;6;5;28;42;19;25;24;1;0;0;2;4;5;6;10;9;10;9;9;8;10;10;10;11;10;10;2;0;10;0; ;0
Buenos Aires;DOLORES;Estatal;Rural; ; ;3;4;5;8;23;18;28;31;30;28;48;42;36;28;26;20;13; ; ; ; ;0;2;5;8;14;14;17;18;16;13;20;15;15;10;20;13;9; ; ;0;0;0;1;1;1;0;0;0;0;0;0;0; ; ; ; ; ; ; ; ; ;1;1;1;1;15;14;5;11; ;4; ;0;0;0;0;0;0;1;0;1;2;2;1;2;2;2;1;1;1;1;0;2;11; ;0
Buenos Aires;DOLORES;Estatal;Urbano;1;3;157;216;240;269;311;303;322;356;345;325;369;348;350;350;340;302;32;15;1052;0;1;90;125;119;134;144;164;169;183;192;170;212;183;187;170;175;140;28;11;344;0;3;4;1;7;4;2;9;5;15;6;0;0;0; ; ; ; ; ; ;20;10;28;21;30;21;28;60;65;71;53;44;2;0;0;9;8;7;9;13;13;13;14;13;13;13;13;13;16;16;16;2;0;10;0;3;0
Buenos Aires;Enmascarado;Estatal;Rural; ; ;9;121;205;233;108;127;124;148;128;142;74;77;76;70;60;53; ; ; ; ; ;2;68;106;120;58;54;67;79;66;69;42;41;40;32;33;29; ; ; ;0;3;2;2;3;3;5;3;10;4;4;1; ; ; ; ; ; ; ; ; ;3;3;6;8;8;10;14;19;11;12;11; ;0;0;0;2;2;3;6;7;6;5;5;6;5;5;5;5;5;5;0;0;19;4;1;0
Buenos Aires;Enmascarado;Estatal;Urbano;18;57;98;97;115;123;106;127;131;118;125;139;73;57;109;99;77;76; ; ;378;7;30;38;52;67;66;52;65;64;58;64;71;35;22;47;53;32;45; ; ;23;0;2;9;8;7;14;1;2;3;3;4;0; ; ; ; ; ; ; ; ; ;2;9;9;7;14;13;14;31;23;19;12; ;2;5;8;5;4;6;6;6;6;6;6;6;4;4;5;6;5;5;0;0;8;0;3;0
Buenos Aires;Enmascarado;Privado;Rural; ;5;56;132;179;185;323;340;363;339;345;382;844;831;825;799;727;640;189; ; ; ;3;26;71;86;88;171;179;174;164;179;200;473;446;451;417;376;341;119; ; ;0;2;1;2;1;0;9;11;4;8;4;0;1; ; ; ; ; ; ;1; ;3;4;9;4;6;35;48;56;58;61;39;13;0;0;0;5;8;11;17;16;17;16;16;17;35;35;33;35;35;35;12;0;21;4; ;0
Buenos Aires;Enmascarado;Privado;Urbano; ;9;141;865;1017;1075;1550;1530;1584;1659;1616;1643;2062;1971;1971;1793;1670;1604;92; ;626; ;9;58;421;491;541;745;802;731;829;769;785;958;926;883;872;781;772;45; ;106;0;4;2;2;1;2;3;2;2;3;5;0;1; ; ; ;6; ; ; ; ;4;4;5;2;5;16;29;71;64;73;60;4;0;0;3;33;41;43;62;61;64;65;61;61;74;75;73;72;69;65;3;0;24;2; ;0
Buenos Aires;ENSENADA;Estatal;Urbano;1;2;276;400;490;485;629;771;759;760;824;830;850;852;862;837;665;540;127;26;2053;0;2;156;182;246;241;311;394;383;411;417;422;463;440;418;416;344;267;82;20;632;0;54;58;56;46;24;42;31;53;46;31;10;0;0; ; ; ; ; ; ; ;55;83;82;62;56;191;173;236;223;163;133;12;0;0;18;24;32;28;31;31;35;32;32;31;42;38;34;35;35;32;8;0;17;2; ;0
Buenos Aires;ENSENADA;Privado;Urbano;7;18;9;76;91;96;149;153;154;155;158;159;166;166;167;162;144;132; ; ; ;2;9;4;37;48;49;69;66;76;88;78;72;72;74;77;75;68;62; ; ; ;0;0;0;2;1;0;0;0;0;0;0;0; ; ; ; ; ; ; ; ; ; ; ;2;1; ; ;4;23;11;8;6; ;1;0;0;4;4;4;5;5;5;5;5;5;5;5;5;5;5;5;0;0;2;0; ;0
Buenos Aires;ESCOBAR;Estatal;Urbano; ; ;48;1218;1868;2334;2678;2811;3217;3193;3357;3384;3787;3960;3913;3721;3358;2783;874;60;2245; ; ;23;604;968;1228;1356;1507;1661;1614;1717;1756;2039;2127;2108;2003;1818;1484;544;34;347;0;81;89;79;60;18;26;36;37;40;33;12;6;0; ; ; ;7; ; ;9;84;143;120;90;47;129;168;182;293;245;146;29;0;0;3;54;56;87;111;110;114;117;118;118;136;131;124;121;116;110;26;0;78;0; ;0
Buenos Aires;ESCOBAR;Privado;Urbano;9;104;348;1148;1469;1749;2218;2161;2165;2173;2189;2126;2070;1982;1944;1912;1719;1628;47; ;641;7;51;181;593;707;893;1137;1061;1061;1136;1105;1129;996;962;926;874;821;705;22; ;249;0;2;6;7;3;2;1;0;2;0;0;1;0; ;3; ; ;5; ;19;13;21;15;20;16;19;53;50;99;82;79;103; ;1;6;17;48;56;68;85;81;79;78;77;76;71;70;65;64;61;60;2;0;37;0; ;0
Buenos Aires;ESTEBAN ECHEVERRIA;Estatal;Urbano; ; ;219;1934;2877;3326;3762;4350;4523;4424;4697;4687;4525;4772;4877;4555;4017;3345;84; ;3314; ; ;117;949;1407;1668;1908;2260;2336;2293;2439;2440;2302;2396;2523;2265;1982;1623;63; ;529;0;200;200;177;140;126;20;33;47;17;5;6;0; ; ; ; ; ; ;2;4;245;364;413;360;324;116;173;292;156;127;115; ;0;0;12;69;89;117;157;154;155;157;156;159;169;161;157;146;143;135;2;0;75;2;2;0
Buenos Aires;ESTEBAN ECHEVERRIA;Privado;Urbano;15;107;263;1011;1147;1340;1611;1594;1625;1693;1667;1729;1507;1467;1436;1477;1326;1233;18; ;526;7;55;125;503;567;621;766;778;787;842;806;864;695;663;671;680;600;542;18; ;271;0;5;9;4;3;0;0;1;0;2;0;0;0; ; ; ; ; ; ; ; ;5;10;7;6;1;4;2;5;9;5;5;1;3;5;11;40;44;56;64;61;61;64;62;62;50;51;50;47;45;44;1;0;26;0; ;0
Buenos Aires;EXALTACION DE LA CRUZ;Estatal;Rural; ; ;32;82;58;93;122;134;145;145;139;115;130;101;141;140;124;92; ; ; ; ; ;20;41;26;43;51;66;90;70;66;60;78;51;69;67;69;39; ; ; ;0;1;3;1;1;1;1;2;4;1;0;0; ; ; ; ; ; ; ; ; ;2;4;1;3;3;1;2;4;2;6;2; ;0;0;0;2;0;3;4;3;4;4;4;5;6;5;5;4;4;4;0;0;11;13; ;0
Buenos Aires;EXALTACION DE LA CRUZ;Estatal;Urbano; ; ;77;266;297;318;366;338;380;413;368;430;292;281;344;308;286;234;35;15;133; ; ;36;147;162;157;178;166;202;203;193;217;152;147;184;161;142;126;21;10;45;0;5;5;7;6;5;6;10;11;17;8;0;0;0; ; ; ; ; ; ; ;5;8;7;7;6;16;21;38;35;40;28;3;0;0;0;5;10;9;15;15;14;14;14;15;13;13;13;11;11;11;3;0;24;0; ;0
Buenos Aires;EXALTACION DE LA CRUZ;Privado;Urbano; ; ;15;69;78;82;145;147;169;171;169;176;286;277;249;223;199;189; ; ; ; ; ;11;33;41;42;76;79;87;87;86;88;122;129;120;110;93;89; ; ; ;0;0;1;0;0;0;0;0;0;0;0;0; ; ; ; ; ; ; ; ; ; ;1; ; ; ; ;10;10;8;8;10; ;0;0;1;3;3;3;6;6;6;6;6;6;9;9;8;8;7;7;0;0;0;0; ;0
Buenos Aires;EZEIZA;Estatal;Urbano; ; ;95;1267;1930;2301;2531;2774;2896;2865;3097;3015;3266;3118;3118;2989;2783;2411;159; ;300; ; ;43;640;1014;1198;1322;1410;1464;1490;1590;1589;1738;1602;1584;1557;1417;1132;111; ;65;0;56;49;30;16;1;34;20;20;28;19;19;0; ; ; ; ;9;3;2;2;58;68;56;47;40;321;131;115;145;92;93; ;0;0;2;34;48;80;98;99;99;100;98;102;99;94;92;90;86;81;8;0;107;3;2;0
Buenos Aires;EZEIZA;Privado;Urbano;8;67;193;682;799;930;1082;1086;1106;1122;1166;1113;1051;1045;959;901;769;752;78; ;251;5;30;94;341;374;443;519;546;584;557;571;545;518;499;441;443;359;328;63; ;4;0;5;5;0;0;1;0;0;1;0;0;0;0; ; ; ; ; ; ; ; ;5;9;1;1;3;21;8;26;5;4;5; ;2;6;14;31;32;38;40;41;40;40;39;39;33;34;31;27;26;25;2;0;7;0; ;0
Buenos Aires;FLORENCIO VARELA;Estatal;Rural; ; ; ;21;88;116;197;241;227;237;220;240;254;230;235;204;185;125;37; ; ; ; ; ;11;39;54;115;115;113;134;114;128;132;93;133;97;84;58;17; ; ;0;19;10;12;10;4;4;7;4;5;4;3;0; ; ; ; ; ; ; ; ;36;41;36;38;47;42;60;52;58;59;22;5;0;0;0;0;0;2;7;7;7;7;7;7;8;7;6;6;5;5;2;0;6;0; ;0
Buenos Aires;FLORENCIO VARELA;Estatal;Urbano; ;3;129;2613;3926;4838;5326;6297;6457;6548;6907;6520;6691;6908;6766;6513;5502;4459;508;45;2474; ;2;60;1350;1970;2461;2734;3267;3406;3382;3598;3357;3455;3461;3519;3414;2755;2264;392;29;419;0;546;583;486;437;239;301;307;269;314;229;119;5;0; ; ; ; ;27; ;20;610;906;1022;1018;828;1315;1609;1673;1922;1486;1087;71;0;0;2;61;93;147;232;232;236;238;238;234;227;225;223;222;210;190;18;0;167;0; ;0
Buenos Aires;FLORENCIO VARELA;Privado;Urbano;11;27;270;1038;1297;1596;2254;2325;2335;2350;2303;2359;2153;2138;2085;2037;1853;1773;61; ;249;6;13;127;492;628;783;1092;1167;1105;1135;1137;1154;1007;973;969;975;867;808;43; ;10;0;22;20;18;16;13;4;3;5;8;6;4;0; ;2; ; ;6; ; ;2;24;24;29;35;20;127;176;151;175;170;145;4;2;2;11;31;36;52;84;85;85;83;83;83;67;63;64;61;60;60;2;0;62;0; ;0
Buenos Aires;FLORENTINO AMEGHINO;Estatal;Rural; ; ; ;13;17;10;23;21;21;13;27;22;71;72;71;59;47;42;12; ; ; ; ; ;6;11;4;12;12;12;7;17;9;40;48;45;31;29;26;7; ; ;0;0;0;0;1;0;2;0;1;1;0;0;0; ; ; ; ; ; ; ; ; ;1; ;1;4;25;12;7;7;5;6;1;0;0;0;2;2;1;2;1;1;2;2;2;4;4;4;4;4;4;2;0;0;4; ;0
Buenos Aires;FLORENTINO AMEGHINO;Estatal;Urbano; ; ;74;76;79;69;88;98;77;98;105;107;72;78;67;94;86;74; ; ;145; ; ;37;39;38;37;47;48;41;48;56;45;28;44;23;52;35;30; ; ;29;0;3;1;1;5;9;6;2;3;7;11;0; ; ; ; ; ; ; ; ; ;4;4;2;7;17;10;19;15;21;16;8; ;0;0;6;5;6;7;6;6;6;5;6;6;3;3;4;4;4;4;0;0;2;0; ;0
Buenos Aires;GENERAL ALVARADO;Estatal;Rural; ; ;15;31;25;33;75;73;73;105;95;86;11;24;39;28;30;23;5; ; ; ; ;5;17;10;15;35;43;35;68;58;45;8;15;21;16;21;16;5; ; ;0;1;3;5;4;2;1;1;2;2;1;0;0; ; ; ; ;3; ; ; ;1;7;11;4;3;3;5;18;11;5;8;4;0;0;1;0;0;0;4;4;4;4;4;5;2;1;1;2;2;2;1;0;6;3;3;0
Buenos Aires;GENERAL ALVARADO;Estatal;Urbano;13;28;99;244;329;381;296;361;349;405;367;351;394;422;508;439;363;256;74;15;1277;7;17;57;145;179;208;150;199;182;204;187;184;237;232;250;252;194;132;46;8;386;0;27;12;11;15;5;13;19;8;12;3;2;1;0; ; ; ; ; ; ; ;27;17;16;21;10;78;109;159;127;95;60;3;2;2;5;5;5;10;15;16;16;17;16;15;20;19;20;16;16;17;6;0;25;0; ;0
Buenos Aires;GENERAL ALVARADO;Privado;Urbano; ; ;18;175;188;216;268;264;266;265;262;264;315;315;315;294;284;258; ; ; ; ; ;10;82;93;116;131;136;121;136;124;133;139;149;148;131;119;103; ; ; ;0;0;0;1;0;0;1;0;1;0;0;1; ; ; ; ; ; ; ; ; ; ; ;1; ; ;6;2;15;13;21;18; ;0;0;1;6;5;7;9;9;9;9;9;9;11;11;11;10;10;10;0;0;4;0; ;0
Buenos Aires;GENERAL ALVEAR;Estatal;Rural; ; ;3;7;4;7;23;22;23;26;22;14;33;31;32;25;21;23;14; ; ; ; ;2;3;2;5;15;6;11;12;11;8;10;9;15;7;9;9;8; ; ;0;2;0;2;0;0;0;1;1;0;0;0;0; ; ; ; ; ; ; ; ;2;1;2; ;1; ;14;15;7;8; ;4;0;0;0;0;0;0;1;0;1;0;0;0;2;2;2;1;1;2;1;0;5;18;1;0
Buenos Aires;GENERAL ALVEAR;Estatal;Urbano;9;25;62;72;82;96;103;93;99;115;114;105;73;76;119;123;86;63;10;14;167;5;16;33;45;47;50;56;47;47;57;60;59;38;44;64;58;40;29;8;9;40;0;7;6;8;2;0;1;2;9;4;4;2;0;0; ; ; ; ; ; ; ;7;11;11;3;4;8;16;35;34;24;16;3;2;2;4;2;4;5;5;5;5;5;5;5;5;5;7;7;7;7;1;0;10;3; ;0
Buenos Aires;GENERAL ARENALES;Estatal;Rural; ; ;2;6;14;13;16;12;20;14;20;23;4;5;2;1;1;2; ; ; ; ; ;0;6;8;9;12;7;11;10;12;15;3;4;1;1;1;2; ; ; ;0;0;2;4;0;3;0;0;0;0;0;0; ; ; ; ; ; ; ; ; ; ;2;4; ;3; ; ;1; ; ; ; ;0;0;0;0;0;0;0;0;0;0;1;1;0;0;0;0;0;0;0;0;4;7;2;0
Buenos Aires;GENERAL ARENALES;Estatal;Urbano;7;14;91;131;117;125;155;131;154;158;142;164;112;115;99;107;109;99; ; ;36;4;8;46;73;66;63;70;64;87;88;78;81;56;65;51;53;56;41; ; ;2;0;0;1;4;4;5;0;0;0;0;1;0; ; ; ; ; ; ; ; ; ; ;1;4;4;5;6;11;14;17;11;10; ;1;1;5;4;5;7;7;6;7;8;6;8;7;7;7;7;7;7;0;0;6;3; ;0
Buenos Aires;GENERAL ARENALES;Privado;Urbano; ; ;28;45;51;64;39;50;47;59;52;42;90;90;103;88;90;66; ; ; ; ; ;15;27;26;34;24;26;15;29;27;19;38;35;50;43;37;30; ; ; ;0;0;0;1;0;0;0;0;1;0;0;0; ; ; ; ; ; ; ; ; ; ; ;1; ; ;1;1;2;2;3;3; ;0;0;0;1;1;2;2;2;2;2;2;2;3;3;3;3;3;3;0;0;5;0; ;0
Buenos Aires;GENERAL BELGRANO;Estatal;Rural; ; ;37;48;66;82;23;26;25;18;28;24;35;40;26;32;23;17;14; ;142; ; ;24;21;31;43;11;17;14;8;21;10;15;25;14;16;10;9;9; ;48;0;0;0;0;0;0;0;0;0;2;0;0;0; ; ; ; ; ; ; ; ; ;1; ; ; ;2;2;1;5;1;2;1;0;0;2;2;1;2;0;0;1;1;1;1;2;2;2;2;2;2;1;0;8;11; ;0
Buenos Aires;GENERAL BELGRANO;Estatal;Urbano;22;44;111;106;126;153;197;219;210;227;245;244;176;189;181;189;145;140;16;15;211;13;27;56;58;64;76;85;107;113;115;123;127;105;97;98;92;69;70;13;13;42;0;0;1;1;0;1;7;26;15;19;14;0;0;0; ; ; ; ; ; ; ; ;2;3;2;2;22;45;44;41;37;17;1;3;3;6;4;3;4;9;9;10;10;10;10;9;10;10;10;10;9;1;0;10;0; ;0
Buenos Aires;GENERAL GUIDO;Estatal;Rural; ; ;13;28;36;35;40;41;49;39;43;30;68;58;66;47;51;47;15; ; ; ; ;10;19;20;16;16;23;25;21;24;16;37;33;47;27;29;23;12; ; ;0;0;1;1;4;4;1;3;0;0;0;0;0; ; ; ; ; ; ; ; ; ;1;2;4;4;7;11;7;4;8;5;3;0;0;1;1;1;1;1;1;2;4;3;2;3;3;3;3;3;3;1;0;6;13; ;1
Buenos Aires;GENERAL JUAN MADARIAGA;Estatal;Rural; ; ; ;7;8;10;13;17;21;32;28;36;4;4;1;3;3;1; ; ; ; ; ; ;4;3;4;6;9;13;21;18;18;3;2;0;2;2;1; ; ; ;0;2;0;1;1;1;0;0;0;0;0;0; ; ; ; ; ; ; ; ; ;2; ;1;1;1; ; ; ; ;1; ; ;0;0;0;0;1;0;0;0;0;2;1;1;0;0;0;0;0;0;0;0;5;15;2;0
Buenos Aires;GENERAL JUAN MADARIAGA;Estatal;Urbano;5;24;124;199;220;244;200;257;242;267;255;301;338;353;419;430;350;251;42;29;1034;2;11;66;101;114;121;104;132;117;148;149;155;172;180;222;210;164;110;28;25;208;0;24;5;9;6;3;4;11;19;24;7;2;0;0; ; ; ; ; ; ; ;26;16;14;27;31;30;59;132;127;82;39;1;1;2;7;10;8;11;13;13;13;13;13;13;17;17;18;17;17;15;3;0;17;1; ;0
Buenos Aires;GENERAL JUAN MADARIAGA;Privado;Urbano; ; ; ; ; ; ;90;87;100;95;93;94;92;101;92;96;98;87; ; ; ; ; ; ; ; ; ;36;45;46;44;42;50;50;44;38;39;39;41; ; ; ;0;0;0;0;0;0;0;0;0;0;0;0; ; ; ; ; ; ; ; ; ; ; ; ; ; ; ; ; ;1; ;1; ;0;0;0;0;0;0;3;3;4;3;3;3;3;3;3;3;3;3;0;0;0;0; ;0
Buenos Aires;GENERAL LA MADRID;Estatal;Rural; ; ;11;19;23;20;28;22;28;30;32;26;36;40;38;34;34;28;12; ; ; ; ;5;14;9;12;13;11;12;12;17;16;20;21;16;18;22;13;7; ; ;0;1;2;0;0;0;0;1;1;1;0;0;0; ; ; ; ; ; ; ; ;1;4;2;2;3;5;5;8;9;5;3;2;0;0;0;0;0;0;1;1;1;2;1;1;4;2;2;3;2;2;1;0;7;14;4;0
Buenos Aires;GENERAL LA MADRID;Estatal;Urbano; ; ;53;99;104;127;141;123;124;138;151;153;155;156;144;148;128;103;8;12;169; ; ;26;53;48;68;71;67;74;67;80;73;81;78;74;72;74;48;6;8;7;0;2;2;4;0;1;2;5;1;0;0;0;0;0; ; ; ; ; ; ;1;2;2;8;1;1;7;20;31;24;18;13; ;0;0;3;5;3;4;8;8;8;7;7;7;9;9;9;10;10;9;2;0;11;4; ;0
Buenos Aires;GENERAL LAS HERAS;Estatal;Rural; ; ;19;37;40;58;60;94;76;87;90;82;18;30;27;18;23;32; ; ; ; ; ;10;22;24;41;31;51;41;45;44;43;9;23;12;11;9;17; ; ; ;0;3;0;5;4;3;2;1;0;2;2;0; ; ; ; ; ; ; ; ; ;3;1;6;4;4;4;8;3;6;8;4; ;0;0;0;0;1;2;4;5;4;3;3;3;2;2;2;2;2;2;0;0;13;13; ;0
Buenos Aires;GENERAL LAS HERAS;Estatal;Urbano; ; ;65;78;88;103;72;116;93;102;106;109;149;185;198;159;165;125;35;30;1934; ; ;31;40;44;51;36;58;48;54;54;56;87;119;110;92;87;59;21;22;634;0;1;5;0;0;0;6;12;12;18;23;0;0;0; ; ; ; ; ; ; ;1;5; ; ; ;21;37;63;46;56;28;2;0;0;3;3;5;4;5;5;5;5;5;5;9;8;8;9;7;7;2;0;9;0; ;0
Buenos Aires;GENERAL LAVALLE;Estatal;Rural; ; ;53;72;81;78;70;74;95;78;88;95;101;114;131;99;94;77; ; ; ; ; ;33;40;46;33;37;31;42;42;50;44;58;59;61;54;40;34; ; ; ;0;4;2;3;0;0;2;6;6;5;0;4; ; ; ; ; ; ; ; ; ;4;3;8; ; ;20;21;50;26;24;10; ;0;0;3;0;0;2;3;3;4;3;4;4;5;5;5;5;5;5;0;0;15;6; ;0
Buenos Aires;GENERAL PAZ;Estatal;Rural; ; ;18;25;22;29;42;83;59;66;85;64;44;50;52;28;29;30; ; ; ; ; ;10;7;12;12;25;41;24;36;51;33;18;20;23;13;14;14; ; ; ;0;0;1;2;3;0;0;2;5;5;5;3; ; ; ; ; ; ; ; ; ; ;2;3;9;1;3;6;24;10;7;7; ;0;0;0;0;0;2;2;2;2;2;2;2;2;2;2;2;3;3;0;0;9;24; ;0
Buenos Aires;GENERAL PAZ;Estatal;Urbano; ; ;47;65;101;108;90;93;111;110;109;124;140;161;149;157;147;87;10; ;129; ; ;32;29;47;54;47;56;66;53;56;62;78;85;77;79;66;40;5; ;12;0;2;2;2;1;4;3;6;7;6;14;3;0; ; ; ; ; ; ; ; ;2;4;2;1;4;15;30;31;69;44;13;1;0;0;1;1;3;4;6;6;6;6;6;6;6;8;7;7;6;6;1;0;12;1; ;0
Buenos Aires;GENERAL PINTO;Estatal;Rural; ;4;33;44;52;36;59;55;56;55;60;47;68;69;67;66;60;55;7; ; ; ;4;15;22;25;16;35;29;34;23;29;26;30;29;36;34;24;35;4; ; ;0;4;6;1;4;5;0;3;2;4;0;0;0; ; ; ; ; ; ; ; ;4;6;2;5;8;2;10;8;19;7;9; ;0;1;4;4;3;4;3;3;3;3;3;3;4;4;4;4;4;4;1;0;2;6; ;0
Buenos Aires;GENERAL PINTO;Estatal;Urbano; ; ;73;86;102;121;107;132;112;103;102;105;109;120;137;127;94;80;17;15;207; ; ;36;35;54;56;53;71;50;51;57;57;59;65;69;76;41;31;15;12;10;0;3;3;2;4;2;8;4;9;9;7;1;0;0; ; ; ; ; ; ; ;4;4;3;6;3;33;25;21;39;14;10;4;0;0;5;5;5;6;6;6;6;7;7;7;6;7;7;5;5;5;1;0;0;0; ;0
Buenos Aires;GENERAL PUEYRREDON;Estatal;Rural; ; ;57;264;302;344;312;364;396;385;466;376;265;261;277;223;200;178; ; ; ; ; ;29;123;153;179;179;196;207;208;239;206;149;152;147;122;101;89; ; ; ;0;29;24;29;23;14;8;10;7;1;2;1; ; ; ; ; ; ; ; ; ;32;36;49;60;41;73;69;97;62;50;40; ;0;0;2;3;2;7;15;14;17;16;20;17;12;12;10;10;9;10;0;0;36;5; ;0
Buenos Aires;GENERAL PUEYRREDON;Estatal;Urbano;23;29;450;2663;3338;3749;3896;4596;4862;5225;5432;5286;5991;6102;6263;6064;5171;4404;518;126;8084;13;16;236;1354;1717;1907;2023;2407;2428;2661;2832;2771;3159;3238;3362;3196;2709;2233;412;87;2175;0;281;230;244;196;99;221;272;219;236;183;53;0;0; ;1;1;24;10; ;9;311;414;577;535;437;1223;1410;1847;1962;1458;1138;73;3;2;8;75;93;135;219;224;229;228;232;226;275;261;252;252;243;231;25;0;207;0;1;0
Buenos Aires;GENERAL PUEYRREDON;Privado;Urbano;87;553;1358;2768;2864;3194;3845;3947;4236;4252;4225;4120;3979;3848;3825;3759;3631;3321;59; ;3472;52;304;717;1405;1468;1611;1956;1909;2116;2167;2035;2078;1867;1850;1793;1824;1698;1561;57; ;1003;0;14;24;7;12;5;2;3;10;10;5;4;0; ; ; ; ; ; ; ;1;14;31;21;24;14;177;192;243;264;286;283;4;8;28;63;129;122;138;150;151;153;151;147;145;136;133;131;127;125;123;2;0;86;0; ;0
Buenos Aires;GENERAL RODRIGUEZ;Estatal;Rural; ; ;21;28;29;35;73;81;71;79;90;87;93;97;97;95;64;45; ; ; ; ; ;5;14;14;22;43;33;36;46;47;43;52;45;46;47;26;19; ; ; ;0;3;2;5;2;1;5;6;7;2;2;2; ; ; ; ; ; ; ; ; ;3;2;6;2;3;18;34;37;39;33;20; ;0;0;1;1;1;1;5;5;4;5;5;4;4;4;4;3;2;2;0;0;4;0; ;0
Buenos Aires;GENERAL RODRIGUEZ;Estatal;Urbano; ; ;267;1341;1785;2080;2039;2271;2380;2383;2597;2444;2456;2657;2568;2237;1962;1555;148;15;903; ; ;117;647;909;1057;1021;1206;1237;1221;1328;1254;1287;1316;1358;1142;969;747;101;12;212;0;112;120;96;86;57;78;99;67;82;51;38;0;0; ; ; ; ; ; ;5;141;183;248;232;162;344;334;407;356;313;229; ;0;0;9;44;56;77;68;66;67;68;70;71;72;74;68;70;62;54;4;0;50;0; ;0
Buenos Aires;GENERAL RODRIGUEZ;Privado;Urbano; ; ;68;313;375;380;526;558;565;610;589;606;594;587;606;568;550;510; ; ; ; ; ;33;140;175;188;250;261;261;302;302;296;300;273;313;245;263;219; ; ; ;0;7;3;4;2;1;0;2;9;5;18;14; ; ; ; ; ; ; ; ; ;8;5;11;14;15;11;19;31;28;49;42; ;0;0;5;13;14;14;20;21;21;22;20;21;19;19;20;19;19;17;0;0;2;0; ;0
Buenos Aires;GENERAL SAN MARTIN;Estatal;Urbano;16;30;425;1479;1850;2444;2568;3073;3141;3358;3396;3336;3681;3912;3893;3589;3185;2492;477;58;4645;10;14;236;739;949;1274;1351;1610;1618;1702;1731;1755;2003;2078;2108;1905;1637;1315;346;47;1079;0;332;259;239;216;142;197;309;290;273;207;107;5;0; ; ; ;9;8;4;14;412;504;552;532;461;968;1198;1281;1362;1080;675;86;2;2;16;55;76;109;139;146;152;149;155;147;167;166;158;157;148;142;17;0;115;0; ;0
Buenos Aires;GENERAL SAN MARTIN;Privado;Urbano; ;98;507;1233;1418;1637;2151;2236;2339;2419;2450;2416;2511;2462;2585;2441;2410;2270;204; ;970; ;50;261;633;732;835;1086;1111;1156;1209;1206;1194;1190;1201;1179;1146;1074;1037;142; ;472;1;19;32;27;40;13;0;3;6;4;3;2;0; ; ; ; ; ; ;3;31;21;38;36;49;20;72;116;159;174;167;168;13;0;7;28;60;67;80;94;94;93;93;94;93;91;91;93;91;90;88;8;0;39;0; ;0
Buenos Aires;GENERAL VIAMONTE;Estatal;Rural; ; ;26;29;37;45;57;69;72;81;86;60;31;32;35;26;24;19;12; ; ; ; ;15;15;21;23;26;40;44;48;40;30;17;19;18;8;16;9;8; ; ;0;9;3;6;13;2;0;1;1;2;1;0;1; ; ; ; ; ; ; ; ;9;10;11;17;5;1;5;6;5;3;4;3;0;0;1;1;1;1;4;4;3;3;5;5;1;1;1;1;1;1;1;0;7;15;3;0
Buenos Aires;GENERAL VIAMONTE;Estatal;Urbano;7;12;52;111;111;158;136;157;148;173;166;168;182;183;220;169;168;144;24; ;296;4;6;18;53;62;79;71;75;77;78;85;101;98;86;123;79;90;82;17; ;73;0;7;7;7;7;8;9;8;5;7;1;0;1; ; ; ; ; ; ; ;6;12;8;17;14;16;27;26;51;44;36;15;3;1;1;6;6;5;8;6;6;7;7;7;7;10;10;9;9;10;9;3;0;7;1; ;0
Buenos Aires;GENERAL VILLEGAS;Estatal;Rural; ; ;82;82;115;111;111;114;122;138;117;126;112;99;106;105;85;81;10;10; ; ; ;39;47;64;67;44;63;70;73;58;72;64;52;52;53;41;45;9;7; ;0;4;2;2;1;2;5;3;4;6;2;2;0;0; ; ; ; ; ; ; ;4;7;8;8;7;11;23;24;26;21;21;5;0;0;0;0;3;3;5;5;5;5;5;6;6;4;6;6;4;4;1;0;24;25;7;0
Buenos Aires;GENERAL VILLEGAS;Estatal;Urbano; ; ;190;211;223;256;285;299;330;311;364;353;345;371;363;314;334;280;35; ;428; ; ;95;101;123;134;146;150;175;161;168;188;170;195;178;141;178;132;23; ;125;0;16;19;22;23;6;12;24;13;8;6;7;0; ; ; ; ; ; ; ; ;24;22;27;27;14;45;104;99;78;67;76;5;0;0;4;3;0;7;15;15;17;16;17;18;16;17;17;15;15;12;2;0;39;0;1;0
Buenos Aires;GUAMINI;Estatal;Rural; ; ;38;27;37;44;55;64;63;64;63;80;68;57;57;41;64;36;12; ; ; ; ;16;16;17;26;27;31;39;29;27;34;34;29;31;21;39;19;6; ; ;0;0;4;1;1;3;1;2;0;0;1;0;0; ; ; ; ; ; ; ; ; ;4;2;1;4;11;14;12;8;14;6;4;0;0;2;1;1;2;3;2;2;3;3;3;4;4;4;4;4;4;1;0;11;15; ;0
Buenos Aires;GUAMINI;Estatal;Urbano; ; ;65;61;87;103;88;117;109;97;109;112;105;110;109;106;115;98;18; ;149; ; ;34;33;46;49;47;58;50;48;45;62;60;51;61;50;53;54;11; ;4;0;3;4;0;2;0;1;5;5;2;0;0;1; ; ; ; ; ; ; ; ;3;4;1;5;2;1;16;16;19;11;8;2;0;0;6;2;3;5;6;7;6;6;6;5;6;6;8;7;7;7;2;0;10;0; ;0
Buenos Aires;HIPOLITO YRIGOYEN;Estatal;Rural; ; ;2;7;8;4;8;7;10;10;10;10;22;13;10;12;7;5;3; ; ; ; ;1;3;6;2;6;3;6;5;8;6;15;4;7;9;4;1;1; ; ;0;0;0;0;0;1;0;1;0;0;0;0;0; ; ; ; ; ; ; ; ; ; ; ; ;1;12;9;4;6;1;1; ;0;0;0;0;1;0;0;0;0;0;0;0;1;1;1;1;1;1;1;0;2;6;2;0
Buenos Aires;HIPOLITO YRIGOYEN;Estatal;Urbano; ; ;80;76;60;74;68;77;87;94;109;85;77;81;107;84;79;69;8;11; ; ; ;39;33;34;36;40;37;42;49;65;35;44;45;50;41;37;36;4;7; ;0;1;4;2;0;5;2;2;3;11;1;1;0;0; ; ; ; ; ; ; ;1;4;3; ;5;14;18;32;21;18;9; ;0;0;5;3;0;3;4;5;5;5;5;5;4;4;6;5;5;5;1;0;8;0; ;0
Buenos Aires;HURLINGHAM;Estatal;Urbano;8;98;381;906;1080;1213;1197;1509;1527;1678;1690;1696;1784;1730;1749;1854;1650;1371;226;57;739;6;52;213;461;533;623;649;785;760;817;854;879;998;911;930;978;904;687;148;40;213;0;72;82;78;82;50;78;39;31;115;87;14;0;0; ; ; ; ; ; ; ;76;114;126;125;121;334;311;375;536;507;343;34;1;7;17;44;64;67;74;76;76;80;80;78;85;81;79;88;78;72;10;0;36;0; ;0
Buenos Aires;HURLINGHAM;Privado;Urbano;2;48;165;383;479;569;835;846;880;908;895;926;982;955;909;886;788;800;97; ;356;2;31;80;208;233;286;409;436;456;455;435;460;477;446;416;430;371;357;82; ;44;0;3;0;3;3;1;0;0;0;2;1;1;0; ; ;5; ; ; ;6;8;13;7;11;9;10;9;58;33;35;32;39;4;0;4;13;23;25;28;35;37;37;36;37;38;37;36;34;32;31;30;3;0;9;0; ;0
Buenos Aires;ITUZAINGO;Estatal;Urbano;31;56;375;808;894;984;973;1114;1282;1335;1358;1427;1419;1507;1633;1513;1478;1290;180;8;942;17;26;202;398;456;526;482;588;643;693;660;767;725;805;900;813;749;666;122;6;422;0;30;44;23;10;11;34;59;57;50;44;27;0;0; ; ; ; ; ;6;6;39;72;73;71;91;170;306;326;326;285;277;2;4;4;6;24;32;45;57;57;60;63;59;61;59;63;62;66;63;62;4;0;68;0; ;0
Buenos Aires;ITUZAINGO;Privado;Urbano; ;35;248;523;600;661;921;975;1046;1078;1140;1072;1140;1137;1138;1137;1074;1040;50; ;435; ;22;122;265;299;330;459;479;536;548;535;516;567;549;529;547;503;484;43; ;152;0;8;8;1;2;1;1;1;2;7;3;0;0; ; ; ; ;13;14;26;1;10;15;11;5;1;18;31;34;74;65;36;2;0;2;11;17;22;29;43;43;44;45;41;43;40;40;41;40;38;37;2;0;35;0; ;0
Buenos Aires;JOSE C. PAZ;Estatal;Urbano;7;6;38;1316;2254;2754;3648;4292;4385;4490;4594;4449;4659;4759;4847;4542;3948;3351;284;58;1805;1;5;17;646;1159;1421;1881;2252;2300;2317;2338;2298;2434;2467;2549;2386;1969;1680;198;41;327;1;453;327;243;186;114;143;259;227;210;176;77;1;0; ; ; ; ; ;2;47;502;543;596;607;463;880;1041;1254;1327;1005;780;56;0;0;0;34;61;93;140;141;154;152;155;147;164;157;148;145;138;122;10;0;64;0; ;0
Buenos Aires;JOSE C. PAZ;Privado;Urbano; ;32;72;529;1093;1352;1648;1740;1713;1724;1764;1817;1560;1468;1399;1326;1307;1177; ; ;73; ;13;34;262;535;681;841;861;866;879;876;853;726;708;624;610;567;494; ; ;1;0;11;6;6;5;0;0;1;1;1;3;0; ; ; ; ; ; ; ; ; ;11;6;6;6;1;48;44;49;45;73;64; ;0;2;2;17;34;48;57;57;55;55;56;58;44;42;41;37;37;37;0;0;21;0; ;0
Buenos Aires;JUNIN;Estatal;Rural; ; ;29;40;51;52;63;117;96;106;118;96;30;37;46;31;28;32; ;12; ; ; ;17;16;19;22;31;59;50;58;60;42;16;24;21;11;15;13; ;10; ;0;11;7;8;5;8;0;1;1;0;0;1; ;0; ; ; ; ; ; ;3;15;17;17;21;16;8;11;8;9;6;6; ;0;0;1;0;1;2;5;5;5;5;5;5;4;2;2;2;2;4;0;0;9;17;4;0
Buenos Aires;JUNIN;Estatal;Urbano; ;4;180;589;649;808;802;925;960;1003;896;915;1118;1134;1182;1122;961;835;101;30;2965; ;2;90;325;343;400;427;451;505;496;480;465;593;609;617;619;484;409;74;30;810;0;66;31;22;25;21;42;48;32;51;31;19;0;0; ; ; ; ; ; ; ;68;75;90;85;77;200;275;271;274;191;150;15;0;0;7;20;24;30;41;42;42;42;39;41;47;49;49;50;50;50;8;0;43;0; ;0
Buenos Aires;JUNIN;Privado;Urbano; ; ;115;362;393;419;492;469;489;511;527;473;436;416;407;386;351;303; ; ;359; ; ;57;187;199;205;233;242;247;251;263;236;215;195;187;187;168;138; ; ;51;0;0;3;3;2;1;0;1;1;0;0;0; ; ; ; ; ; ; ;1; ; ;3;6;2;3;16;14;19;19;14;17; ;0;0;7;16;17;17;17;18;17;17;18;17;14;13;13;13;13;12;0;0;5;4; ;0
Buenos Aires;LA COSTA;Estatal;Urbano; ;3;251;747;920;1050;1072;1263;1328;1378;1372;1356;1547;1563;1706;1482;1226;977;147;15;1450; ;3;122;351;499;538;550;641;689;721;733;676;780;813;938;754;572;480;91;7;349;0;57;66;53;56;17;90;101;134;93;64;17;0;0; ;1; ; ; ;1; ;64;103;122;136;83;292;367;525;450;320;195;19;0;1;12;11;3;12;51;50;52;51;50;51;56;55;56;52;50;50;7;0;110;0;1;0
Buenos Aires;LA COSTA;Privado;Urbano; ; ;9;132;140;183;302;317;328;329;341;322;313;311;314;302;273;241; ; ; ; ; ;7;57;55;90;157;169;154;172;171;161;130;162;142;124;146;111; ; ; ;0;7;1;0;1;1;0;2;0;2;0;0; ; ; ; ; ; ; ; ; ;7;2;2;2;1;15;4;8;10;6;7; ;0;0;1;5;5;7;12;12;13;13;13;13;10;10;10;10;9;9;0;0;5;0; ;0
Buenos Aires;LA MATANZA;Estatal;Urbano;4;71;981;6894;9966;11532;14885;16363;17342;17877;18910;18679;19874;20620;20644;19192;17387;15451;1497;257;15106;3;36;491;3533;5129;5873;7753;8438;8998;9193;9792;9625;10313;10857;10841;10140;8887;7877;1175;177;3937;0;448;487;384;349;153;658;799;792;752;559;330;4;1; ;7; ;6;10;11;52;538;863;902;914;699;3235;3986;4699;4593;3963;3110;245;0;3;37;260;354;442;692;701;706;728;724;726;802;786;761;760;737;711;59;0;294;0; ;0
Buenos Aires;LA MATANZA;Privado;Urbano; ;52;1025;3972;5031;6052;7717;7955;8104;8173;8257;8221;7912;7751;7662;7340;6778;6509;213; ;3027; ;32;498;1977;2552;3018;3832;3933;4007;4037;4133;4100;3787;3618;3594;3408;3080;2964;173; ;626;0;55;47;63;37;27;21;30;39;19;10;3;0; ; ; ; ;13;18;49;4;57;70;98;65;55;315;294;421;389;366;340;6;0;5;56;160;210;277;304;307;307;300;299;296;260;258;249;238;230;228;8;0;131;0; ;0
Buenos Aires;LA PLATA;Estatal;Rural; ; ;7;24;58;93;106;113;128;115;133;115;314;329;305;311;257;229; ; ; ; ; ;6;13;26;31;53;60;61;63;78;51;157;184;166;163;116;114; ; ; ;0;3;4;1;2;0;1;1;1;1;0;0; ; ; ; ; ; ; ; ; ;5;7;12;21;10;69;75;88;97;60;45; ;0;0;0;0;0;3;4;4;4;4;4;4;9;9;9;10;10;9;0;0;6;0; ;0
Buenos Aires;LA PLATA;Estatal;Urbano;89;317;1195;3745;4759;5450;6206;7091;7172;7377;7821;7736;7965;7901;8151;7701;6799;5738;625;103;19807;52;174;619;1911;2431;2810;3162;3588;3663;3808;4051;4071;4299;4083;4246;4049;3478;2827;449;87;5541;1;378;357;339;284;228;277;420;388;437;325;133;5;0; ; ;1;2;1;2;12;435;509;626;537;452;1553;1756;2035;2023;1776;1316;84;13;25;58;160;165;214;268;269;278;279;282;274;334;319;311;329;312;297;43;0;217;0;5;0
Buenos Aires;LA PLATA;Privado;Urbano;70;226;567;3047;3473;3825;4605;4777;4939;4946;5133;5161;4629;4503;4483;4250;3950;3929;45; ;3688;32;108;278;1521;1693;1958;2316;2402;2502;2419;2562;2574;2295;2231;2195;2071;1814;1932;33; ;986;0;15;15;19;19;6;4;8;10;3;4;1;0; ;2;2;1;18; ;4;1;17;15;28;23;12;167;177;229;233;155;240;4;6;13;31;156;161;173;190;190;190;187;192;186;167;165;159;147;144;145;3;0;43;0; ;0
Buenos Aires;LANUS;Estatal;Urbano;29;74;586;1720;2292;2735;3153;3592;3916;3923;4207;4070;4598;4709;4920;4808;4236;3677;456;75;8646;14;42;299;929;1178;1466;1655;1818;2065;2080;2182;2107;2480;2528;2600;2593;2266;1893;360;55;3880;0;219;192;156;142;112;148;188;150;175;101;52;4;0; ; ; ; ;7; ;22;282;335;380;380;351;778;1028;1149;1104;954;663;99;4;6;20;70;92;130;175;176;177;180;186;179;183;184;180;194;185;179;24;0;130;0; ;0
Buenos Aires;LANUS;Privado;Urbano;34;173;594;1391;1692;2032;2308;2441;2509;2629;2596;2649;2505;2444;2491;2449;2364;2213;44; ;908;22;82;284;719;857;1063;1115;1197;1286;1317;1320;1292;1185;1081;1193;1131;1082;1038;24; ;252;0;30;28;21;17;19;0;3;3;3;2;0;0; ; ;2; ; ; ;1; ;31;32;25;18;22;49;66;86;69;68;107;1;3;10;31;72;79;92;96;98;97;99;101;103;87;86;88;85;83;82;2;0;44;0; ;0
Buenos Aires;LAPRIDA;Estatal;Rural; ; ;6;4;6;8;10;11;10;13;14;14;8;11;7;10;11;4; ; ; ; ; ;4;4;1;5;5;5;5;7;8;9;5;4;4;5;4;2; ; ; ;0;2;2;0;2;2;0;0;0;2;0;0; ; ; ; ; ; ; ; ; ;2;2; ;2;2; ;2;2;5;1;1; ;0;0;0;0;0;1;0;0;0;0;0;0;1;0;0;1;1;1;0;0;4;12;1;0
Buenos Aires;LAPRIDA;Estatal;Urbano; ; ;56;108;127;142;152;165;191;181;162;181;200;179;173;159;153;130;26;13;148; ; ;33;52;70;69;76;80;92;95;89;91;96;89;88;75;58;72;19;6;13;0;9;5;11;5;3;5;5;3;1;0;0;0;0; ; ; ; ; ; ; ;12;11;15;11;18;30;28;43;26;23;15;5;0;0;4;6;6;8;8;9;9;8;8;9;9;10;10;9;8;8;2;0;6;4; ;0
Buenos Aires;LAS FLORES;Estatal;Rural; ; ;1;16;13;19;21;25;25;24;30;27;64;92;62;41;31;18;17; ; ; ; ;0;7;10;9;11;16;14;11;16;15;41;61;36;26;14;9;8; ; ;0;0;2;1;2;0;4;6;9;3;1;0;0; ; ; ; ; ; ; ; ;1;2;1;4;1;6;17;26;8;9;1;1;0;0;0;0;3;1;1;0;1;1;1;0;4;4;3;2;2;2;2;0;7;27; ;0
Buenos Aires;LAS FLORES;Estatal;Urbano; ; ;85;199;228;222;225;257;271;242;265;251;295;301;292;272;254;195;30;15;356; ; ;40;109;115;127;124;133;138;114;130;135;162;167;159;146;110;97;26;9;38;0;13;8;8;3;9;32;20;20;27;12;8;0;0; ; ; ; ; ; ; ;13;8;8;3;9;71;61;61;56;42;17;1;0;0;4;9;9;10;12;12;12;12;12;12;14;13;11;11;11;11;2;0;7;3; ;0
Buenos Aires;LAS FLORES;Privado;Urbano; ; ; ;39;59;55;92;95;95;94;94;94;89;95;93;101;88;82; ; ; ; ; ; ;19;30;29;51;44;41;47;45;52;36;57;46;42;47;34; ; ; ;0;1;0;0;0;0;0;2;0;2;0;0; ; ; ; ; ; ; ; ; ;2; ; ; ; ; ;4; ;4;4;2; ;0;0;0;2;3;3;4;4;4;3;3;3;3;3;3;3;3;3;0;0;0;0; ;0
Buenos Aires;LEANDRO N. ALEM;Estatal;Rural; ; ;12;7;20;17;22;19;23;17;24;15;30;21;18;18;12;19; ; ; ; ; ;5;3;8;13;11;11;10;9;13;10;16;6;13;9;4;9; ; ; ;0;0;1;1;0;2;0;0;0;1;0;0; ; ; ; ; ; ; ; ; ; ;1;1; ;2;5;5;4;5;5;6; ;0;0;0;0;1;0;2;1;1;2;2;1;2;2;2;1;1;1;0;0;4;9;1;0
Buenos Aires;LEANDRO N. ALEM;Estatal;Urbano; ;4;144;180;210;214;249;233;219;247;233;239;211;200;219;212;207;163;16;27;146; ;3;85;87;109;118;128;116;110;131;122;136;127;110;117;103;103;78;14;20;23;0;0;1;0;0;1;2;2;5;2;2;0;5;0; ; ; ; ; ; ; ; ;2;3; ;5;7;19;28;48;30;18;6;0;1;9;8;10;10;12;11;11;13;12;10;10;11;11;11;11;11;2;0;8;4; ;0
Buenos Aires;LEZAMA;Estatal;Rural; ; ;1; ;4;2;6;7;9;4;8;10;22;26;7;6;1;3; ; ; ; ; ;0; ;3;1;3;3;6;3;2;5;14;16;1;4;0;1; ; ; ;0;0;0;0;0;0;0;0;0;1;0;0; ; ; ; ; ; ; ; ; ; ; ; ; ; ; ; ;1;4; ;1; ;0;0;0;0;0;0;0;0;0;0;0;0;1;1;0;0;0;0;0;0;2;8;2;0
Buenos Aires;LINCOLN;Estatal;Rural; ;8;66;107;119;122;119;125;137;128;160;154;63;79;77;54;63;54;6; ; ; ;2;37;56;58;68;60;69;70;77;83;68;37;40;43;31;29;25;3; ; ;0;1;0;0;0;0;0;3;6;0;4;1;0; ; ;1; ; ; ; ; ;1; ; ; ;3;1;5;16;5;11;4;2;0;1;2;3;3;4;10;6;8;8;9;10;5;5;5;6;6;6;1;0;20;23;1;0
Buenos Aires;LINCOLN;Estatal;Urbano; ; ;149;222;225;268;251;289;281;288;276;268;364;377;403;357;294;264;45;15;1122; ; ;69;113;98;146;120;161;136;147;120;150;201;199;209;194;141;132;30;9;272;0;7;7;9;8;6;10;11;38;11;3;1;2;0; ; ; ; ; ; ; ;7;7;9;8;6;28;73;95;74;49;40;4;0;0;7;11;8;13;15;15;16;17;15;15;18;18;18;17;15;15;4;0;14;1; ;0
Buenos Aires;LINCOLN;Privado;Urbano; ;12;30;199;183;199;240;236;234;234;250;249;237;224;227;266;183;175; ; ;177; ;9;12;104;85;88;118;102;115;113;129;126;101;99;107;107;86;91; ; ;113;0;0;1;1;0;0;2;1;1;1;0;0; ; ; ; ; ;2;1; ; ; ;1;2; ; ;10;9;6;16;4;5; ;0;1;2;7;7;7;8;8;8;8;8;8;8;8;8;8;7;7;0;0;0;0; ;0
Buenos Aires;LOBERIA;Estatal;Rural;6;4;27;32;30;41;38;53;53;53;52;45;99;99;81;76;74;62;25; ; ;2;1;11;12;14;22;21;33;30;23;31;27;53;58;43;41;31;35;16; ; ;0;0;1;3;1;1;6;3;0;0;2;0;0; ; ; ; ; ; ; ; ;1;1;5;2;1;13;10;9;11;10;9;4;0;0;0;0;0;0;3;2;2;2;2;4;6;5;5;5;5;6;2;0;13;23;2;0
Buenos Aires;LOBERIA;Estatal;Urbano;7;18;112;137;154;148;143;136;152;171;150;166;146;132;140;147;134;117;12;13;179;3;10;54;67;75;71;78;71;74;96;79;90;72;76;76;74;71;58;6;10;11;0;8;5;4;6;4;20;8;9;9;3;0;1;0; ; ; ; ; ; ;6;9;8;12;7;7;42;36;42;57;32;31;1;1;1;3;2;3;4;7;7;9;8;8;9;8;7;7;8;9;9;2;0;17;4;2;0
Buenos Aires;LOBOS;Estatal;Rural; ; ;18;33;39;52;76;71;69;69;76;82;101;101;117;96;76;79;30; ; ; ; ;12;23;17;22;42;41;44;42;42;38;54;55;59;53;43;29;16; ; ;0;0;3;4;1;0;2;3;3;3;3;2;0; ; ; ; ; ; ; ; ; ;3;5;2;1;8;13;18;15;9;4;3;0;0;0;0;0;2;2;1;2;1;1;3;7;6;5;5;3;4;2;0;11;34;3;0
Buenos Aires;LOBOS;Estatal;Urbano;15;49;231;316;351;395;355;388;423;368;402;435;424;480;505;428;378;285;52;14;1297;5;22;112;156;171;184;186;195;222;189;218;223;217;249;255;205;178;129;42;8;437;0;4;2;3;2;4;30;52;39;26;18;8;0;0; ; ; ; ; ; ; ;4;7;24;17;20;80;140;159;137;119;63;5;2;4;16;13;13;15;18;19;20;18;18;18;17;18;17;17;17;16;2;0;23;0; ;0
Buenos Aires;LOBOS;Privado;Urbano; ; ;52;78;81;82;177;190;189;181;186;187;167;169;175;175;173;151; ; ; ; ; ;32;33;41;36;93;93;88;79;94;83;84;88;87;85;74;62; ; ; ;0;1;0;1;0;0;0;0;0;0;0;0; ; ; ; ; ; ; ; ; ;1;1;1;1;2;1;19;19;15;13;12; ;0;0;3;3;3;3;7;6;6;6;6;6;8;7;6;5;5;5;0;0;0;0; ;0
Buenos Aires;LOMAS DE ZAMORA;Estatal;Urbano;8;44;512;2679;3695;4292;5708;6403;6763;6992;7196;7121;8021;8185;8525;8262;7367;6342;817;71;9239;2;25;266;1361;1922;2174;2866;3378;3518;3629;3738;3674;4328;4481;4610;4463;3997;3344;635;54;2222;0;216;183;158;118;96;337;396;450;470;322;155;4;0; ; ; ; ; ; ;20;284;430;549;523;479;1355;1510;2125;2278;1842;1380;102;3;5;34;125;145;185;286;285;293;285;284;287;319;315;314;314;303;289;34;0;119;0; ;0
Buenos Aires;LOMAS DE ZAMORA;Privado;Urbano;55;239;919;2303;2832;3371;4444;4546;4679;4770;4968;4788;4891;4800;4882;4570;4359;4092;191; ;3732;26;126;458;1134;1417;1719;2222;2263;2312;2429;2509;2386;2343;2313;2361;2213;2100;1959;165; ;1237;0;19;17;9;11;3;7;15;9;28;21;5;2; ; ; ; ; ;1;1; ;21;20;22;18;9;227;241;396;377;408;319;8;8;23;53;102;130;159;179;178;176;175;177;176;171;169;171;165;162;159;8;0;73;0; ;0
Buenos Aires;LUJAN;Estatal;Rural; ; ;29;114;141;151;272;319;310;306;310;292;232;201;219;180;179;137; ; ; ; ; ;14;63;68;72;129;156;171;149;154;152;138;100;119;90;89;57; ; ; ;0;16;6;3;5;1;4;8;8;9;10;0; ; ; ; ; ;2; ; ; ;27;30;25;20;21;80;45;69;48;35;20; ;0;0;2;4;6;5;14;13;13;13;13;13;11;10;9;8;7;7;0;0;12;6; ;0
Buenos Aires;LUJAN;Estatal;Urbano;8;49;336;602;747;781;902;983;1015;1036;1092;1113;1193;1237;1337;1313;1102;924;137; ;2326;3;29;173;313;404;402;463;479;518;562;557;580;659;613;665;695;550;449;86; ;643;0;70;67;49;50;28;35;55;83;73;31;25;0; ; ; ;7; ;8; ;4;73;113;95;125;82;212;259;364;396;347;166;22;1;4;9;22;32;34;45;46;45;48;48;50;48;49;51;47;45;46;4;0;52;1; ;0
Buenos Aires;LUJAN;Privado;Urbano; ;24;141;533;550;583;609;645;665;650;671;681;698;685;643;613;557;538;35; ;405; ;15;72;297;261;306;301;316;328;328;336;313;339;335;315;286;275;249;17; ;38;0;3;1;1;1;1;0;2;0;0;3;0;0; ; ; ; ; ; ;3;1;3;2;1;3;3;2;7;11;10;7;6;1;0;2;7;20;20;20;25;24;24;23;24;25;24;24;24;22;22;21;2;0;10;0; ;0
Buenos Aires;MAGDALENA;Estatal;Rural; ; ;29;39;42;60;83;126;118;126;141;128;88;97;91;51;69;50;15; ; ; ; ;14;15;23;32;46;60;61;62;79;72;41;47;51;34;32;33;9; ; ;0;5;5;6;3;3;0;2;4;1;1;0;0; ; ; ; ; ; ; ; ;5;6;10;9;8;3;8;21;19;23;14;2;0;0;2;1;0;2;5;5;5;5;6;5;5;4;4;5;5;5;1;0;11;18;5;0
Buenos Aires;MAGDALENA;Estatal;Urbano; ; ;71;159;198;215;210;216;222;227;239;236;344;358;361;352;287;256;77;15;524; ; ;37;87;100;95;120;120;113;125;137;126;187;189;194;195;138;142;42;15;168;0;19;14;15;19;12;3;6;3;10;5;0;0;0; ; ; ; ; ; ; ;19;23;23;27;20;27;63;60;90;66;28; ;0;0;2;3;7;10;10;9;10;10;10;10;15;14;13;14;13;13;7;0;19;0;1;0
Buenos Aires;MAIPU;Estatal;Rural; ; ;12;11;19;14;21;15;17;25;22;19;24;22;20;14;16;11; ; ; ; ; ;7;7;10;7;14;9;12;10;8;14;11;11;8;7;6;6; ; ; ;0;0;0;1;0;0;0;2;2;1;0;0; ; ; ; ; ; ; ; ; ; ;1;2;2;4;6;5;3;1;1;3; ;0;0;0;0;1;1;1;1;1;1;1;1;1;1;1;1;1;1;0;0;5;8;2;0
Buenos Aires;MAIPU;Estatal;Urbano; ;1;47;56;82;92;94;114;99;88;125;99;116;94;110;103;99;106; ; ;134; ;0;26;24;39;46;42;53;50;48;71;49;56;54;55;56;45;55; ; ;16;0;3;4;2;5;3;0;0;0;0;0;0; ; ; ; ; ; ; ; ; ;3;8;5;8;6;16;6;8;9;19;23; ;0;1;3;1;1;3;5;5;5;5;5;5;6;5;5;7;7;7;0;0;10;0; ;0
Buenos Aires;MALVINAS ARGENTINAS;Estatal;Urbano;13;28;259;1527;2078;2241;2444;2922;3159;3103;3423;3290;3767;3995;4143;3801;3254;2748;298;58;712;3;13;125;749;1032;1106;1303;1490;1596;1651;1789;1709;1954;2075;2213;2006;1684;1427;226;43;231;0;237;246;181;167;118;156;181;177;145;100;28;0;6; ; ; ; ; ;1;5;259;404;403;435;339;708;916;1227;1115;909;662;23;1;1;1;38;59;79;124;127;130;132;136;131;132;131;134;120;114;110;10;0;95;0;3;0
Buenos Aires;MALVINAS ARGENTINAS;Privado;Urbano; ;10;39;742;1231;1497;2082;2148;2184;2272;2344;2310;2392;2271;2193;2115;2027;1826; ; ; ; ;6;21;344;621;718;1027;1052;1056;1133;1157;1218;1134;1056;983;907;916;873; ; ; ;0;24;13;18;5;9;2;4;3;5;8;2; ; ; ; ; ; ; ;4;1;26;16;28;10;19;49;99;117;197;198;176; ;0;1;1;25;38;62;84;85;85;87;85;86;79;76;75;72;69;66;0;0;39;0; ;0
Buenos Aires;MAR CHIQUITA;Estatal;Rural; ; ;27;46;48;68;107;96;107;112;104;113;123;120;148;146;109;94;21; ; ; ; ;12;23;22;34;65;51;61;57;51;64;73;61;85;71;53;49;11; ; ;0;2;1;3;1;5;3;2;1;0;0;0;0; ; ; ; ; ; ; ; ;2;3;10;6;14;12;7;8;12;13;9;2;0;0;2;2;2;2;4;5;4;4;4;5;7;6;6;6;5;5;1;0;10;11; ;0
Buenos Aires;MAR CHIQUITA;Estatal;Urbano; ; ;120;203;239;276;304;296;344;334;346;326;298;346;346;340;244;190;20; ;795; ; ;50;102;114;141;158;152;186;181;154;158;151;196;185;179;131;84;14; ;123;0;13;17;16;10;4;7;15;15;19;3;0;0; ; ; ; ; ; ; ; ;16;21;23;23;23;47;75;81;94;60;28; ;0;0;6;8;9;8;12;12;12;12;12;12;14;14;15;12;11;11;1;0;17;9; ;0
Buenos Aires;MARCOS PAZ;Estatal;Rural; ; ;5;19;26;32;77;82;84;90;70;70; ; ; ; ; ; ; ; ; ; ; ;4;7;14;13;40;43;45;51;31;35; ; ; ; ; ; ; ; ; ;0;3;3;0;1;0; ; ; ; ; ; ; ; ; ; ; ; ; ; ;1;3;3;5;1;2; ; ; ; ; ; ; ;0;0;0;0;0;0;3;1;3;4;3;4;0;0;0;0;0;0;0;0;9;9; ;0
Buenos Aires;MARCOS PAZ;Estatal;Urbano;8;31;200;535;675;772;798;940;981;905;966;988;1084;1139;1097;974;879;768;172;30;58;4;15;90;299;394;414;412;448;502;457;494;481;586;580;572;493;443;373;111;22;41;0;68;60;53;50;26;43;62;42;39;26;4;0;0; ; ; ; ; ; ;1;98;122;118;81;97;200;281;288;274;206;149;17;1;3;8;14;18;24;33;36;35;33;38;33;40;39;37;36;33;31;6;0;40;0; ;0
Buenos Aires;MARCOS PAZ;Privado;Urbano; ;8;46;177;183;244;270;286;258;256;278;255;242;244;243;217;193;204; ; ; ; ;5;25;82;97;123;141;134;127;118;131;122;91;95;104;86;67;93; ; ; ;0;5;2;1;1;1;0;1;1;0;2;1; ; ; ; ; ; ; ; ; ;5;2;1;3;1;2;1;4;9;21;14; ;0;1;2;6;6;9;10;10;9;9;9;9;9;9;8;9;8;7;0;0;8;0; ;0
Buenos Aires;MERCEDES;Estatal;Rural; ; ;15;46;67;68;98;103;102;111;131;103;78;87;76;71;56;42;33;14; ; ; ;4;21;26;31;44;55;54;71;62;60;38;57;44;41;29;21;17;9; ;0;10;7;2;3;0;4;6;2;2;1;1;1;0; ; ; ; ; ; ; ;10;7;3;5;4;8;18;11;10;7;3;10;0;0;0;2;1;1;3;3;4;3;3;4;4;3;3;4;3;3;2;0;13;19;1;0
Buenos Aires;MERCEDES;Estatal;Urbano;11;86;262;396;379;447;541;589;639;658;628;587;703;643;774;755;540;427;40;16;1183;4;47;130;221;183;219;271;305;311;326;324;295;354;340;370;386;269;211;32;14;267;0;38;28;25;13;9;11;12;24;18;7;1;0;0; ; ; ; ; ; ; ;47;89;87;74;69;72;80;128;108;76;52;5;2;8;14;7;15;18;27;26;27;27;28;27;28;28;32;30;29;26;4;0;49;11; ;0
Buenos Aires;MERCEDES;Privado;Urbano;19;57;128;328;325;334;400;385;438;421;401;410;456;395;415;385;401;362; ; ;636;4;35;58;165;159;179;193;168;216;196;200;190;209;183;198;207;194;166; ; ;271;0;1;0;1;1;1;1;0;1;0;0;0; ; ; ; ; ; ; ; ;1;1; ;1;1;2;4;2;7;6;9;5; ;3;3;8;14;13;13;15;15;15;15;14;15;14;13;13;13;14;13;0;0;6;0; ;0
Buenos Aires;MERLO;Estatal;Urbano; ; ;202;2951;4446;5304;6263;7384;7706;7830;8212;7714;8228;8394;8662;7833;6759;6028;697;37;4324; ; ;92;1413;2242;2736;3259;3881;4051;4023;4135;4006;4353;4316;4414;3964;3447;2942;506;26;881;0;604;432;321;305;226;326;413;413;412;250;164;1;0; ; ; ; ; ;3;17;677;902;927;989;818;1603;1869;2317;2128;1613;1243;44;0;0;0;98;149;189;269;284;280;281;290;275;314;304;285;277;257;249;21;0;108;0; ;0
Buenos Aires;MERLO;Privado;Urbano;44;19;267;1287;1570;1874;2583;2582;2660;2614;2699;2693;2334;2190;2200;2125;2053;1868; ; ;1225;23;11;136;637;793;908;1279;1256;1311;1237;1341;1341;1078;1028;999;967;898;803; ; ;395;0;27;18;18;10;5;2;2;0;2;1;0; ; ;14; ; ;9; ;3;1;28;22;26;17;12;28;57;73;85;110;84; ;2;2;12;51;65;75;98;97;96;96;99;99;79;78;76;72;71;69;0;0;39;0; ;0
Buenos Aires;MONTE;Estatal;Rural; ; ;15;16;27;11;27;24;40;42;45;46;15;20;18;33;26;20; ; ; ; ; ;7;8;15;7;12;15;23;18;26;19;9;8;11;14;14;11; ; ; ;0;2;0;0;1;0;0;0;0;0;0;0; ; ; ; ; ; ; ; ; ;2; ; ;1; ;1;1;1;2;3;5; ;0;0;0;0;0;0;0;1;1;1;1;1;2;1;1;1;1;1;0;0;6;14;2;0
Buenos Aires;MONTE;Estatal;Urbano;6;12;86;150;145;218;177;231;225;211;235;252;274;281;328;294;237;188;25;14;505;4;7;39;74;76;102;90;126;126;109;117;120;146;139;179;138;112;79;22;12;114;0;0;2;0;0;0;10;18;14;12;5;0;0;0; ; ; ; ; ; ; ; ;2; ;3;2;30;46;77;78;65;41;1;1;1;5;6;4;11;10;9;10;11;10;11;12;12;13;12;12;10;2;0;15;1; ;0
Buenos Aires;MONTE;Privado;Urbano; ; ;9;76;103;105;108;134;126;134;138;117;142;142;148;166;115;111;15; ; ; ; ;5;44;48;55;57;73;55;61;62;54;71;64;67;67;44;57;7; ; ;0;0;0;1;0;0;1;4;0;1;0;0;1; ; ; ; ; ; ; ; ; ; ;1; ; ;2;4;3;3;9;5;1;0;0;0;4;5;5;5;5;5;5;5;5;5;5;5;5;5;5;1;0;1;0; ;0
Buenos Aires;MONTE HERMOSO;Estatal;Urbano;5;12;54;66;92;106;95;101;103;123;127;142;151;130;144;136;123;108;37;15;24;2;4;32;31;55;54;53;56;55;75;52;55;84;56;73;58;67;54;24;9;0;0;9;3;2;1;1;4;1;5;1;3;0;0;0; ; ; ; ; ; ; ;9;11;11;21;23;22;26;45;28;14;13;2;1;1;3;4;5;5;5;5;5;5;5;6;7;7;8;8;8;8;3;0;4;0; ;0
Buenos Aires;MORENO;Estatal;Urbano; ;2;132;3143;4450;5498;6745;8088;8242;8324;8609;8328;8304;8849;8729;8083;6900;5620;581;45;7234; ;0;67;1581;2297;2774;3504;4285;4271;4273;4508;4297;4235;4562;4529;4187;3474;2717;354;33;1430;0;813;754;559;509;312;282;415;388;363;261;77;3;0; ; ; ; ; ; ;26;933;1288;1330;1219;1009;1562;1906;2101;2114;1596;1166;100;0;0;3;89;120;183;265;275;281;282;278;277;296;285;284;270;253;232;19;0;147;0; ;0
Buenos Aires;MORENO;Privado;Urbano; ;4;138;1074;1636;1873;2812;2942;2889;2922;3036;2900;2575;2384;2440;2220;2218;2109;97; ;798; ;2;59;563;790;912;1392;1461;1446;1490;1477;1465;1236;1145;1139;1053;993;967;65; ;240;0;44;33;24;24;7;1;4;5;3;1;2;0; ; ; ; ; ; ; ;4;46;44;32;32;7;73;81;96;97;100;125;3;0;0;6;37;52;77;105;106;106;108;106;101;82;79;80;78;75;73;4;0;41;0; ;0
Buenos Aires;MORON;Estatal;Urbano;83;166;631;1146;1364;1601;1571;1872;1927;2046;2246;2191;2735;3002;3146;3291;2999;2496;456;30;3945;47;84;317;579;697;844;817;947;1000;1093;1209;1103;1521;1677;1774;1836;1673;1359;388;28;938;0;111;69;78;51;34;89;108;100;136;129;55;2;0; ; ; ; ; ;3;2;123;116;169;135;113;421;537;740;1003;834;579;39;11;11;26;42;70;85;100;100;107;105;109;106;138;140;137;151;148;140;20;0;90;1;2;0
Buenos Aires;MORON;Privado;Urbano; ;168;660;1377;1485;1730;2198;2281;2443;2543;2630;2628;2527;2499;2519;2414;2414;2363;113; ;2214; ;88;360;729;749;865;1173;1139;1221;1275;1329;1367;1210;1145;1173;1115;1094;1076;93; ;499;0;11;5;10;10;4;0;11;7;6;3;4;0; ; ; ; ;9; ; ;2;12;7;16;13;6;45;42;72;99;102;118; ;0;7;29;61;69;84;93;93;95;97;96;94;88;85;86;84;84;84;5;0;52;0; ;0
Buenos Aires;NAVARRO;Estatal;Rural; ; ;15;19;23;27;44;49;51;44;44;54;60;63;59;61;41;39;7; ; ; ; ;10;7;17;15;21;26;32;22;25;24;28;33;28;28;23;22;6; ; ;0;1;3;3;0;4;1;6;0;2;2;0;0; ; ; ; ;1;1; ;2;1;3;3;3;7;10;14;4;12;3;4; ;0;0;1;0;0;1;2;2;2;2;2;2;4;3;3;4;4;4;1;0;11;23;1;0
Buenos Aires;NAVARRO;Estatal;Urbano; ; ;62;130;187;190;115;133;155;162;172;159;232;201;221;202;167;155;54;13;70; ; ;33;67;93;93;57;73;81;85;84;81;134;129;133;112;100;75;33;9;18;0;23;12;12;2;1;27;21;23;13;23;11;0;0; ; ; ; ; ; ;4;26;20;19;13;21;54;33;50;30;49;30;3;0;0;3;7;7;6;6;6;7;8;8;7;7;7;7;7;7;8;3;0;8;2; ;0
Buenos Aires;NAVARRO;Privado;Urbano; ; ;16;27;21;49;113;85;114;108;117;118;61;68;90;70;83;83; ; ;60; ; ;3;4;12;20;46;43;57;53;54;62;30;14;34;26;37;35; ; ;0;0;0;1;0;0;0;0;0;1;0;0;0; ; ; ; ; ; ; ; ; ; ;1; ; ; ;1;2;3;3;3;7; ;0;0;1;2;1;2;4;4;4;4;4;4;4;4;3;3;3;3;0;0;0;0; ;0
Buenos Aires;NECOCHEA;Estatal;Rural; ; ;13;18;24;18;42;52;40;61;59;55;55;53;66;46;42;30;21; ; ; ; ;5;10;9;11;18;24;24;35;23;31;33;33;35;25;18;13;13; ; ;0;0;0;0;0;1;0;0;5;0;0;0;0; ; ; ; ; ; ; ; ;1;2;2;1;3;11;15;14;8;6;5;5;0;0;1;1;1;1;3;3;3;2;2;3;4;3;3;3;3;3;1;0;5;13;1;0
Buenos Aires;NECOCHEA;Estatal;Urbano;50;143;335;630;717;799;825;920;982;993;1026;1036;1083;1130;1249;1116;922;763;172;40;2079;20;85;182;320;370;419;425;486;508;511;532;489;569;629;646;557;455;373;119;32;461;0;47;40;47;43;14;38;50;97;40;33;16;4;0; ; ; ; ; ; ; ;59;67;87;90;66;191;234;413;320;248;162;22;8;8;15;22;17;26;49;51;51;52;51;53;56;57;57;54;47;46;10;0;51;2;2;0
Buenos Aires;NECOCHEA;Privado;Urbano; ;33;121;295;274;324;434;393;450;445;463;459;424;407;426;411;397;346; ; ;92; ;12;60;140;135;147;221;190;211;236;229;227;194;183;182;186;182;155; ; ;7;0;0;1;3;1;0;0;1;0;0;1;0; ; ; ; ; ; ; ; ; ; ;1;3;1; ;22;20;44;43;33;25; ;0;1;4;10;14;16;17;17;17;17;17;17;17;16;15;14;14;14;0;0;14;0; ;0
Buenos Aires;OLAVARRIA;Estatal;Rural; ; ;30;19;43;39;72;56;79;71;68;65;102;64;89;67;66;53;6; ; ; ; ;9;7;24;22;32;35;35;36;42;29;49;32;45;31;26;19;3; ; ;0;3;3;4;4;3;5;4;3;0;3;1;0; ; ; ; ; ; ; ;1;3;7;5;8;6;38;15;24;30;18;22; ;0;0;0;0;0;0;1;1;2;1;2;3;7;4;4;4;3;3;1;0;13;40;6;0
Buenos Aires;OLAVARRIA;Estatal;Urbano;12;9;208;682;816;905;982;1184;1229;1276;1302;1204;1228;1233;1343;1181;1080;954;106;46;2186;7;1;106;369;433;441;514;611;618;640;684;594;658;680;739;597;535;487;77;37;801;0;99;54;56;57;47;85;74;66;39;26;12;0;0; ; ; ; ; ; ;2;112;136;154;169;140;302;322;415;325;234;202;13;2;2;10;29;30;41;55;56;57;58;55;54;51;50;52;57;55;56;9;0;51;3; ;0
Buenos Aires;OLAVARRIA;Privado;Urbano;7;62;113;336;334;349;400;434;434;465;469;470;550;523;587;503;470;453; ; ;729;4;30;58;170;176;175;210;235;225;232;201;237;267;272;270;222;234;195; ; ;296;0;8;10;5;7;1;1;1;2;4;0;1; ; ; ; ; ; ; ;1;1;8;11;9;12;2;10;29;44;35;34;26; ;1;2;2;12;12;14;17;17;17;17;17;17;21;20;21;19;18;17;0;0;21;0; ;0
Buenos Aires;PATAGONES;Estatal;Rural; ;4;57;106;108;134;49;51;54;47;65;52;48;57;65;46;38;34; ; ; ; ;3;30;57;60;68;25;29;28;23;28;22;27;34;38;31;26;13; ; ; ;0;3;2;0;1;1;3;4;3;1;1;0; ; ; ; ; ; ; ; ; ;3;2; ;2;1;10;13;17;8;14;10; ;0;1;4;5;4;6;3;2;3;2;3;3;3;3;3;3;3;3;0;0;13;15; ;0
Buenos Aires;PATAGONES;Estatal;Urbano;6;20;138;210;227;221;311;342;370;361;443;392;444;503;495;456;404;302;43;15;1404;4;9;70;116;110;111;160;183;201;180;229;204;226;251;269;243;196;149;32;13;282;1;16;16;10;16;8;8;11;15;10;3;3;2;0; ; ; ; ; ; ;1;16;19;14;31;14;104;97;143;150;123;104;6;1;1;5;8;11;12;18;18;18;18;19;19;21;21;21;23;22;21;4;0;15;0; ;0
Buenos Aires;PATAGONES;Privado;Urbano; ; ; ;28;29;30;81;80;90;86;86;92;115;119;114;110;112;104; ; ; ; ; ; ;12;10;15;34;46;46;41;33;50;51;59;58;61;47;50; ; ; ;0;1;0;0;0;0;0;0;0;0;0;0; ; ; ; ; ; ; ; ; ;1; ; ; ;1; ;4;4;7;13;10; ;0;0;0;2;2;2;3;3;3;3;3;3;4;4;4;4;4;4;0;0;0;0; ;0
Buenos Aires;PEHUAJO;Estatal;Rural; ; ;34;56;75;67;96;103;84;87;102;88;120;128;99;117;73;79;21; ; ; ; ;18;26;43;30;60;51;50;36;55;41;60;69;59;53;36;41;15; ; ;0;2;3;2;1;0;4;3;4;5;1;0;0; ; ; ; ; ; ; ;1;2;3;2;1; ;11;21;19;26;11;10;4;0;0;0;1;0;2;5;5;4;3;4;5;7;6;6;6;6;6;2;0;18;23;6;0
Buenos Aires;PEHUAJO;Estatal;Urbano;1; ;146;289;390;410;425;446;476;493;482;461;489;517;535;519;486;390;29;15;2043;1; ;73;149;183;221;219;241;240;215;246;217;259;247;265;240;239;197;24;11;620;0;14;13;2;8;3;11;8;14;20;6;1;0;0; ; ; ; ; ;2;4;16;24;11;16;11;97;84;138;132;113;78; ;0;0;5;9;18;18;21;22;21;21;22;22;22;23;24;25;25;25;3;0;26;5; ;0
Buenos Aires;PEHUAJO;Privado;Urbano; ; ; ;77;82;82;88;90;88;92;90;92;91;88;90;86;85;82; ; ; ; ; ; ;37;42;40;38;44;41;35;44;42;49;52;37;48;39;40; ; ; ;0;0;0;0;0;0;0;0;0;0;0;0; ; ; ; ; ; ; ;1; ;1; ;1;1; ;1; ; ; ; ;1; ;0;0;0;3;3;3;3;3;3;3;3;3;3;3;3;4;4;4;0;0;0;0; ;0
Buenos Aires;PELLEGRINI;Estatal;Rural; ; ;4;4;10;6;8;9;8;21;14;12;30;32;23;19;22;12;6; ; ; ; ;3;4;6;4;3;4;4;10;7;4;19;10;15;13;12;5;3; ; ;0;0;0;1;1;3;0;0;0;0;0;0;0; ; ; ; ; ; ; ; ; ;1;6;1;3;10;4;3;4;3;1;1;0;0;0;0;0;1;0;0;0;0;0;0;1;1;1;1;1;1;1;0;3;8;2;0
Buenos Aires;PERGAMINO;Estatal;Rural; ; ;49;137;130;125;138;171;176;171;198;193;81;83;96;85;78;55; ; ; ; ; ;21;68;73;51;79;90;78;86;105;96;44;42;44;45;34;26; ; ; ;0;5;7;8;7;13;7;9;2;4;3;1; ; ; ; ; ;1; ; ; ;5;7;13;9;18;12;16;14;22;19;12; ;0;0;2;1;1;2;8;8;10;8;8;8;5;5;5;6;7;6;0;0;25;22;1;0
Buenos Aires;PERGAMINO;Estatal;Urbano;6;19;221;582;592;662;877;1055;1017;1072;1083;1010;1082;1233;1252;1016;853;703;121;29;2006;5;12;116;296;286;361;448;568;542;549;585;502;586;673;673;501;414;325;69;18;430;0;112;73;54;44;48;82;104;71;79;53;17;2;0; ; ; ; ; ; ; ;147;139;134;129;126;221;357;456;390;262;185;5;1;1;12;23;24;28;48;50;49;49;49;51;46;47;49;44;46;44;6;0;29;0; ;0
Buenos Aires;PERGAMINO;Privado;Rural; ; ; ; ; ; ; ; ; ; ; ; ;129;157;125;137;112;113;10; ; ; ; ; ; ; ; ; ; ; ; ; ; ;70;78;55;68;54;52;6; ; ; ; ; ; ; ; ;2;5;3;4;2;1;1; ; ; ; ; ; ; ; ; ; ; ; ; ;6;18;15;19;17;13;3;0;0;0;0;0;0;0;0;0;0;0;0;6;6;6;6;6;6;2;0;0;0; ;0
Buenos Aires;PERGAMINO;Privado;Urbano;11;95;277;430;431;461;466;458;446;454;465;431;472;439;434;435;410;333; ; ;87;5;48;138;229;234;225;216;229;201;217;219;220;248;207;192;199;185;134; ; ;12;0;3;2;5;4;4;0;1;2;0;0;0; ; ; ; ; ; ; ; ; ;3;2;6;4;4;5;6;16;14;22;17; ;2;6;11;17;17;21;15;14;14;14;14;14;14;14;13;14;14;13;0;0;14;0; ;0
Buenos Aires;PILA;Estatal;Rural; ; ;3;3;4;7;13;14;12;16;17;11; ; ; ; ; ; ; ; ; ; ; ;1;1;4;0;8;9;6;9;10;6; ; ; ; ; ; ; ; ; ;0;0;1;0;0;0; ; ; ; ; ; ; ; ; ; ; ; ; ; ; ; ;1; ; ; ; ; ; ; ; ; ; ;0;0;0;0;0;0;0;0;0;1;0;1;0;0;0;0;0;0;0;0;2;12; ;0
Buenos Aires;PILA;Estatal;Urbano; ; ;45;43;54;44;57;79;57;54;74;70;68;71;65;78;65;58; ; ;64; ; ;30;22;31;23;34;40;27;26;32;30;33;24;36;38;33;21; ; ;5;0;0;0;1;0;2;1;1;6;8;0;0; ; ; ; ; ; ; ; ; ; ;9;8;19;17;3;14;8;18;13;7; ;0;0;2;2;1;2;2;4;2;2;3;3;4;3;3;3;3;4;0;0;9;0;2;0
Buenos Aires;PILAR;Estatal;Urbano; ; ;250;1948;3445;3973;4183;4891;4945;4998;5192;4968;4969;5047;5447;5025;4478;3865;402;59;2514; ; ;135;981;1740;2000;2152;2554;2608;2604;2644;2625;2544;2497;2828;2533;2275;1951;273;39;581;0;436;378;323;256;215;58;46;63;72;31;34;0;0; ; ;3; ; ; ;3;473;515;456;454;405;224;240;274;278;205;152;7;0;0;1;0;0;0;164;166;165;167;167;167;161;153;154;149;143;136;16;0;383;0; ;0
Buenos Aires;PILAR;Privado;Urbano;12;249;744;1597;2056;2437;2971;3004;3001;3074;3063;3113;2916;2770;2756;2793;2545;2404; ; ;1954;4;128;399;800;1024;1220;1483;1465;1544;1530;1555;1543;1438;1373;1305;1310;1173;1139; ; ;496;0;10;11;11;11;7;0;1;2;3;0;0; ; ; ; ; ; ; ;3; ;11;12;14;16;10;21;42;40;79;48;68; ;3;24;58;80;89;102;125;123;120;121;118;116;109;105;106;106;100;99;0;0;39;0; ;0
Buenos Aires;PINAMAR;Estatal;Urbano; ; ;69;289;394;470;481;547;565;629;610;572;622;584;650;622;518;461;102;15;471; ; ;34;148;210;250;266;288;279;320;308;287;342;326;315;306;273;222;71;15;73;0;20;21;24;11;9;8;17;25;26;13;4;0;0; ; ; ; ; ; ;1;26;30;50;35;37;108;125;165;192;129;85;12;0;0;3;4;3;6;23;23;23;23;22;22;21;20;20;21;21;20;2;0;56;0; ;0
Buenos Aires;PINAMAR;Privado;Urbano; ;2;11;30;48;64;82;113;103;97;83;85;75;82;79;95;69;77; ; ; ; ;2;5;16;30;27;38;50;59;44;38;44;42;45;44;51;29;38; ; ; ;0;1;0;0;0;0;0;0;0;0;0;0; ; ; ; ; ; ; ; ; ;1; ; ; ; ; ; ; ;1;1; ; ;0;0;0;2;1;4;4;5;5;5;4;4;4;4;4;4;3;3;0;0;3;0; ;0
Buenos Aires;PRESIDENTE PERON;Estatal;Urbano; ; ;32;908;1295;1558;1420;1629;1671;1671;1766;1592;1686;1691;1616;1586;1313;1132;117;10;413; ; ;6;468;670;783;770;855;917;863;901;788;897;870;815;791;662;565;77;7;105;0;31;37;30;22;11;12;2;14;5;1;2;0;0; ; ; ; ; ; ;1;37;87;74;79;54;54;25;43;32;24;14;2;0;0;0;29;37;54;54;55;54;52;55;54;47;46;46;41;39;37;5;0;39;0; ;0
Buenos Aires;PRESIDENTE PERON;Privado;Urbano; ; ; ;201;249;255;463;515;518;522;490;503;480;437;446;390;355;327; ; ;177; ; ; ;97;124;130;240;246;233;265;231;244;221;193;204;178;153;145; ; ;35;0;2;4;7;0;0;0;0;0;0;0;0; ; ; ; ; ; ; ;1; ;3;4;7;1;1;6;7;7;8;5;6; ;0;0;0;9;10;10;16;16;17;17;16;16;14;14;13;12;10;10;0;0;1;0; ;0
Buenos Aires;PUAN;Estatal;Rural; ; ;34;31;44;56;53;53;52;43;55;55;51;42;38;44;42;48;7; ; ; ; ;19;15;18;29;32;29;24;23;37;23;25;24;15;24;18;28;4; ; ;0;2;1;0;2;0;0;0;0;0;0;0;0; ; ; ; ; ; ; ; ;3;1; ;2; ;5;4;2;8;6;9; ;0;0;2;0;0;2;1;1;2;3;2;2;4;4;4;4;4;4;1;0;12;16;1;0
Buenos Aires;PUAN;Estatal;Urbano; ;3;69;66;74;100;55;49;61;69;88;68;47;51;67;64;47;54;19; ;142; ;2;34;29;31;47;33;29;38;30;49;44;27;34;34;34;27;21;12; ;22;0;2;3;4;9;4;0;0;0;0;0;0;0; ; ; ; ; ; ; ; ;2;4;5;9;4;4;9;11;8;10;12; ;0;1;5;0;0;3;4;4;4;4;4;4;4;4;4;4;4;4;2;0;11;0; ;0
Buenos Aires;PUAN;Privado;Urbano; ; ;31;32;23;34;85;72;82;82;62;82;114;107;83;102;94;75;21; ;17; ; ;9;7;18;17;37;38;35;40;23;35;48;59;38;50;49;39;15; ;0;0;0;2;2;0;0;0;0;0;0;0;1;0; ; ; ; ; ; ; ; ; ;2;2; ; ;4;5;3;9;7;6;2;0;0;2;2;2;2;3;3;3;3;3;3;5;5;5;5;5;5;1;0;0;0; ;0
Buenos Aires;PUNTA INDIO;Estatal;Rural; ; ;25;25;30;35;42;49;59;64;64;59;102;86;125;79;73;49;16; ; ; ; ;13;13;17;19;24;25;35;38;27;39;60;52;78;42;42;29;8; ; ;0;1;0;0;0;0;1;1;3;3;2;0;0; ; ; ; ; ; ; ; ;1; ;2; ;1;23;24;31;28;13;15; ;0;0;3;1;1;1;2;2;2;3;2;2;5;5;6;5;5;5;2;0;6;17; ;0
Buenos Aires;PUNTA INDIO;Estatal;Urbano;8;13;63;85;99;107;117;128;138;117;141;144;103;85;88;101;105;80; ; ;315;4;4;23;41;50;52;58;62;71;58;70;79;52;34;34;40;39;48; ; ;57;0;0;0;0;0;0;9;6;8;2;3;0; ; ; ; ; ; ; ; ; ; ; ; ; ; ;14;18;18;24;25;15; ;1;1;3;2;2;6;5;5;5;5;5;5;4;4;4;5;5;5;0;0;8;0; ;0
Buenos Aires;QUILMES;Estatal;Urbano;11;38;1010;3058;4060;4776;5173;6071;6076;6124;6531;6200;7421;7387;7376;7572;6241;5283;908;74;7166;6;26;548;1555;2072;2492;2685;3153;3178;3237;3405;3152;4112;4040;3965;4094;3347;2723;663;55;1591;4;396;419;390;379;230;261;380;451;496;339;189;1;0; ; ; ; ; ;2;25;442;661;808;727;623;1886;1700;2128;2747;2075;1549;163;2;2;36;56;74;140;245;245;243;248;252;253;277;267;265;278;263;249;38;0;313;0;1;0
Buenos Aires;QUILMES;Privado;Urbano;31;225;660;1893;2316;2658;3344;3397;3578;3542;3561;3643;3557;3350;3588;3461;3243;3028; ; ;2205;17;107;325;948;1195;1305;1620;1666;1809;1761;1769;1827;1621;1510;1613;1542;1463;1368; ; ;606;0;31;27;23;12;6;6;7;8;14;8;5; ; ; ; ; ;4; ;1; ;31;27;31;19;9;56;80;157;194;208;220; ;4;15;35;83;96;116;129;130;130;130;129;128;121;121;119;116;115;114;0;0;72;0; ;0
Buenos Aires;RAMALLO;Estatal;Rural; ; ;11;53;52;55;69;72;77;75;73;55;60;63;70;60;64;36; ; ; ; ; ;4;30;22;25;30;36;42;47;41;22;31;30;40;34;31;19; ; ; ;0;0;0;0;0;0;3;4;3;5;1;0; ; ; ; ; ; ; ; ; ; ; ; ; ; ;5;14;18;19;16;7; ;0;0;1;2;0;0;3;2;3;3;2;3;3;3;3;3;3;3;0;0;6;15; ;0
Buenos Aires;RAMALLO;Estatal;Urbano;6;12;210;387;457;448;542;506;511;527;569;553;583;596;633;601;516;452;128;16;531;4;5;99;214;226;224;239;258;254;283;292;273;297;330;343;289;243;225;91;16;83;0;3;4;3;2;1;14;42;54;50;21;14;0;0; ; ; ; ; ; ; ;3;5;3;2;1;30;101;165;155;84;55;6;1;1;4;6;5;12;24;24;24;25;25;23;25;24;26;25;25;23;4;0;52;2; ;0
Buenos Aires;RAUCH;Estatal;Rural; ; ;13;16;16;9;21;24;28;31;33;30;38;31;36;42;34;28;20; ; ; ; ;8;10;9;5;10;10;11;19;20;15;23;20;27;22;23;11;11; ; ;0;0;0;1;1;0;2;1;1;1;0;0;0; ; ; ; ; ; ; ; ; ; ;2;2;1;4;4;4;4;1;1;2;0;0;1;1;1;0;2;1;2;2;3;2;2;2;2;2;2;2;1;0;8;13; ;0
Buenos Aires;RAUCH;Estatal;Urbano; ; ;16;132;117;135;136;149;136;164;173;186;46;45;65;67;63;59;5; ;284; ; ;11;82;59;79;80;83;71;90;90;93;32;22;40;42;38;34;5; ;53;0;0;0;0;1;0;9;0;9;18;3;1;0; ; ; ; ; ; ; ; ; ; ;1;5;3;18;20;28;31;22;18;1;0;0;0;4;4;5;9;8;8;8;8;8;3;3;3;3;3;3;1;0;12;0; ;0
Buenos Aires;RIVADAVIA;Estatal;Rural; ; ;35;62;62;73;73;85;83;80;100;77;81;67;79;81;67;58;17; ; ; ; ;16;26;31;39;43;30;48;32;51;39;39;35;43;44;31;33;11; ; ;0;0;3;3;3;1;1;0;4;2;1;0;0; ; ; ; ; ; ; ;1; ;3;4;6;2;5;7;14;12;13;10;2;0;0;1;1;2;2;4;3;4;4;4;4;6;6;5;5;6;6;1;0;16;14; ;0
Buenos Aires;RIVADAVIA;Estatal;Urbano; ; ;45;128;164;169;116;147;168;132;164;141;151;148;193;136;124;103;10;15;155; ; ;22;67;79;80;69;73;79;75;74;68;82;86;100;67;48;56;10;8;4;0;11;8;9;7;9;11;10;12;11;8;0;0;0; ; ; ; ; ; ; ;11;12;12;10;16;30;35;57;51;31;34;2;0;0;0;1;5;7;6;8;7;6;7;6;9;8;8;7;7;7;2;0;15;0; ;0
Buenos Aires;RIVADAVIA;Privado;Urbano; ; ; ;26;22;24;76;83;88;83;89;88;80;88;85;69;69;75; ; ; ; ; ; ;9;11;9;36;38;47;43;55;45;42;33;39;31;31;35; ; ; ;0;0;0;1;1;0;0;0;0;0;1;0; ; ; ; ; ; ; ; ; ; ; ;1;1; ; ; ; ;4;3;1; ;0;0;0;1;1;1;3;3;3;3;3;3;3;3;3;3;3;3;0;0;0;0; ;0
Buenos Aires;ROJAS;Estatal;Rural; ; ;16;21;19;26;36;37;37;29;48;44;40;52;39;51;43;49;16; ; ; ; ;9;10;7;9;18;22;22;16;24;19;24;31;26;18;20;24;4; ; ;0;1;0;0;0;0;0;1;0;0;0;0;0; ; ; ; ; ; ; ; ;1; ;1; ; ;3;3;9;2;3;5;3;0;0;1;0;1;2;2;2;3;3;2;2;3;3;3;3;3;3;1;0;5;12; ;0
Buenos Aires;ROJAS;Estatal;Urbano;37;79;158;159;156;173;235;252;244;266;247;262;291;317;300;306;280;212;43; ;456;15;42;77;84;81;98;104;139;118;151;120;135;152;169;147;158;150;91;30; ;123;0;2;2;16;11;1;4;9;5;9;4;0;0; ; ; ; ; ; ; ; ;2;2;20;11;6;18;42;49;55;52;27;5;6;7;9;8;8;9;12;12;12;12;12;12;13;13;13;13;13;13;3;0;7;0; ;0
Buenos Aires;ROQUE PEREZ;Estatal;Rural; ; ;15;8;8;9;29;27;36;32;30;29;43;25;41;35;28;19; ; ; ; ; ;7;3;3;5;19;15;17;20;17;13;26;12;25;18;13;12; ; ; ;0;1;3;3;3;1;3;2;4;3;4;1; ; ; ; ; ; ; ; ; ;1;3;4;3;1;3;7;10;12;11;4; ;0;0;1;0;0;0;0;0;1;0;0;1;3;3;3;3;3;3;0;0;5;24; ;0
Buenos Aires;ROQUE PEREZ;Estatal;Urbano; ; ;95;133;145;176;167;186;179;184;169;209;193;210;197;185;170;172;27;11;120; ; ;45;67;68;82;88;86;84;89;89;102;94;119;97;107;69;85;18;9;5;0;7;4;1;2;2;7;7;5;13;5;3;0;0; ; ; ; ; ;1; ;7;11;6;8;5;11;14;23;29;17;20; ;0;0;4;5;0;1;9;9;9;10;9;10;9;9;8;9;9;9;1;0;24;0; ;0
Buenos Aires;SAAVEDRA;Estatal;Rural; ; ;14;19;25;18;36;26;42;34;34;37;47;55;55;36;43;30;9; ; ; ; ;7;11;12;11;20;13;23;22;22;17;20;28;31;21;22;12;5; ; ;0;0;0;2;1;1;1;3;0;0;0;0;0; ; ; ; ; ; ; ;3; ;1;4;2;2;9;15;13;8;7;9;4;0;0;2;0;0;1;1;1;3;2;1;3;3;3;3;3;3;3;1;0;9;12;2;0
Buenos Aires;SAAVEDRA;Estatal;Urbano; ; ;91;130;131;163;153;165;164;171;169;160;165;152;161;160;108;87;37;15; ; ; ;49;59;61;85;82;86;93;97;96;82;88;89;86;102;61;44;32;14; ;0;4;9;12;5;0;1;1;1;1;0;0;0;0; ; ; ; ; ;1; ;13;14;17;14;7;20;27;37;32;32;23;3;0;0;6;7;5;7;8;8;8;8;8;8;8;8;8;8;8;7;3;0;9;0; ;0
Buenos Aires;SAAVEDRA;Privado;Urbano;15;9;47;55;55;67;77;67;81;111;86;85;83;96;93;80;98;103; ; ;76;8;2;22;33;27;32;42;39;40;61;38;44;27;30;29;33;35;38; ; ;26;0;0;0;0;0;0;0;0;0;1;0;0; ; ; ; ; ; ; ;1; ; ; ; ; ; ;4;6;7;2;10;4; ;2;1;3;3;3;4;4;4;4;4;4;4;4;4;4;4;4;4;0;0;0;0; ;0
Buenos Aires;SALADILLO;Estatal;Rural; ; ;34;35;66;61;125;147;143;127;143;137;83;86;89;81;58;64;24; ; ; ; ;19;20;42;27;59;82;70;65;71;68;36;40;50;37;29;35;14; ; ;0;1;1;2;1;1;3;5;8;2;5;0;0; ; ; ; ; ; ; ; ;1;4;2;1;1;4;9;17;7;7;5;1;0;0;1;1;2;1;4;4;4;5;4;4;4;4;4;4;4;4;2;0;10;32; ;0
Buenos Aires;SALADILLO;Estatal;Urbano;35;93;171;289;289;303;263;281;318;305;314;330;371;376;384;376;299;256;115; ;1155;20;46;97;164;156;155;145;137;160;160;166;161;190;192;193;186;135;128;64; ;285;0;1;5;3;2;0;31;35;26;15;8;3;0; ; ; ;2; ; ; ; ;1;5;3;2;2;94;103;114;77;68;36;34;6;11;11;10;10;12;14;14;14;14;14;14;17;17;16;16;16;15;6;0;22;0; ;0
Buenos Aires;SALADILLO;Privado;Urbano; ; ;18;65;75;80;59;60;57;65;61;64;149;150;142;117;125;118;42; ; ; ; ;9;35;32;31;25;33;24;27;27;29;71;72;64;58;69;54;26; ; ;0;1;0;0;0;0;0;0;0;0;0;0;0; ; ; ; ; ; ; ; ;1; ; ; ; ;1; ; ; ;3;1; ;0;0;1;3;3;3;2;2;2;2;2;2;5;5;5;5;5;5;2;0;0;0; ;0
Buenos Aires;SALLIQUELO;Estatal;Urbano; ; ;34;79;79;83;96;123;113;132;123;114;116;125;134;134;127;99;30;13;100; ; ;15;40;37;36;51;71;65;76;67;57;58;74;74;78;58;43;20;10;3;0;3;3;0;0;0;1;5;12;7;0;1;0;0; ; ; ; ; ; ; ;3;3;4;4;7;14;23;40;36;32;37; ;0;0;1;2;5;5;6;6;5;6;6;6;6;6;5;7;8;7;2;0;8;0;1;0
Buenos Aires;SALTO;Estatal;Rural; ; ;43;37;55;55;56;49;62;59;61;74;96;99;97;85;87;67;22; ; ; ; ;24;15;25;29;34;23;36;32;31;41;58;58;50;50;48;41;14; ; ;0;0;1;0;0;0;0;1;3;2;3;0;0; ; ; ; ; ; ; ;1; ;1; ; ; ;2;13;11;8;24;9;2;0;0;2;1;2;2;3;3;3;3;3;3;4;4;4;4;3;3;1;0;5;9;2;0
Buenos Aires;SALTO;Estatal;Urbano;5;13;148;286;282;377;399;428;462;446;460;440;454;438;535;530;393;323;78;15;452;4;6;82;152;138;194;192;221;247;215;239;214;223;213;294;281;199;133;50;10;78;0;10;7;3;4;2;30;20;71;22;8;6;0;0; ; ; ; ;1; ; ;12;10;11;12;8;49;38;121;85;86;51;16;1;1;7;7;13;15;18;18;18;18;18;18;17;17;19;18;16;16;4;0;19;0; ;0
Buenos Aires;SALTO;Privado;Urbano; ; ; ;97;115;115;87;90;91;92;104;89;119;99;117;95;123;101; ; ; ; ; ; ;57;64;41;42;43;40;47;52;47;60;46;61;44;49;43; ; ; ;0;0;0;0;0;0;0;0;0;1;0;0; ; ; ; ; ; ; ; ; ; ; ;1; ;1; ;2;3;3; ;4; ;0;0;0;4;4;5;3;3;3;3;3;3;4;3;4;3;4;3;0;0;1;0; ;0
Buenos Aires;SAN ANDRES DE GILES;Estatal;Rural; ;8;45;68;77;91;99;108;114;93;120;101;79;75;100;111;83;100; ; ; ; ;7;24;42;33;40;48;58;64;50;60;47;47;41;57;60;45;52; ; ; ;0;5;6;3;0;0;3;2;9;4;5;6; ; ; ; ; ; ; ; ; ;5;6;3;1; ;17;11;20;30;18;35; ;0;1;2;3;6;4;5;5;5;5;5;5;7;5;5;6;6;7;0;0;12;17;5;0
Buenos Aires;SAN ANDRES DE GILES;Estatal;Urbano;10;18;140;189;162;207;177;190;235;218;221;230;238;262;301;273;222;184;54;13;314;4;13;71;101;74;114;92;99;118;112;116;116;123;135;149;140;113;93;38;13;40;0;11;7;5;6;7;2;3;5;1;4;2;0;0; ; ; ; ; ; ; ;12;11;17;11;13;14;19;28;20;18;12;2;4;2;7;6;6;7;9;9;9;9;9;9;11;12;12;12;12;12;4;0;21;7; ;0
Buenos Aires;SAN ANDRES DE GILES;Privado;Urbano; ; ;32;51;40;58;108;109;114;121;112;98;126;103;120;119;110;118; ; ;65; ; ;13;26;17;30;57;53;58;67;55;45;62;54;51;55;53;45; ; ;31;0;0;0;0;0;0;0;0;0;0;0;0; ; ; ; ; ; ; ; ; ; ; ; ; ; ; ; ;1; ; ; ; ;0;0;2;2;2;3;4;4;4;4;4;4;4;4;4;4;4;4;0;0;0;0; ;0
Buenos Aires;SAN ANTONIO DE ARECO;Estatal;Rural;5;11;26;29;24;29;50;46;59;56;54;46;32;21;31;28;20;17;7; ; ;0;5;9;21;11;15;28;23;28;27;27;20;20;12;16;12;9;9;4; ; ;0;0;1;0;0;0;5;0;0;2;2;1;2; ; ; ; ; ; ; ; ; ;1; ; ;1;8;3;7;6;6;6;2;1;1;1;3;0;1;2;2;2;2;2;2;2;2;2;2;2;2;1;0;5;7; ;0
Buenos Aires;SAN ANTONIO DE ARECO;Estatal;Urbano;34;100;193;146;193;187;165;208;216;199;234;230;250;266;266;285;259;220;40; ;650;16;54;93;80;100;105;83;117;109;91;103;105;126;143;156;154;128;97;30; ;100;0;14;15;14;15;11;6;10;12;13;7;6;0; ; ; ; ; ; ; ; ;14;15;14;15;11;31;32;43;67;54;30;4;8;9;10;5;8;10;9;10;10;10;10;11;11;11;12;13;12;12;2;0;11;0; ;0
Buenos Aires;SAN ANTONIO DE ARECO;Privado;Urbano; ; ; ;103;114;124;136;146;152;141;149;143;142;143;122;126;109;111; ; ;157; ; ; ;47;61;64;78;63;74;72;74;72;69;65;56;63;47;45; ; ;65;0;0;0;0;0;0;0;1;0;3;0;0; ; ; ; ; ; ; ;1; ; ; ; ; ; ; ;1; ;5; ;2; ;0;0;0;5;5;5;6;6;6;6;6;6;5;5;5;5;4;4;0;0;0;0; ;0
Buenos Aires;SAN CAYETANO;Estatal;Rural; ;1;1; ;1;1;5;5;3;4;7;7;11;11;14;15;12;14;8; ; ; ;1;1; ;1;1;4;2;3;2;5;3;2;6;10;7;8;3;2; ; ;0;0;0;0;0;0;0;0;0;1;2;0;0; ; ; ; ; ; ; ; ; ; ; ; ; ;1;1;2;1;2;3; ;0;0;0;0;0;0;0;1;0;0;0;0;1;1;1;1;1;1;1;0;1;6; ;0
Buenos Aires;SAN CAYETANO;Estatal;Urbano; ; ;67;77;95;96;98;99;92;105;123;113;60;68;78;72;69;47; ; ;186; ; ;34;40;46;47;52;54;36;51;64;59;37;33;40;44;39;24; ; ;22;0;1;1;2;0;0;0;0;0;0;0;0; ; ; ; ; ; ; ; ; ;1;1;2; ; ;2;1;1; ; ; ; ;0;0;4;5;4;4;5;5;5;5;5;5;4;4;4;3;3;3;0;0;2;0; ;0
Buenos Aires;SAN FERNANDO;Estatal;Rural; ;2;22;34;40;52;55;57;59;64;76;62;63;88;76;72;63;53;25; ; ; ;1;9;18;21;26;28;30;30;35;40;30;29;50;37;36;32;27;7; ; ;0;1;3;1;4;0;0;1;0;0;0;0;0; ; ; ; ; ; ; ; ;1;3;3;8;1;7;11;19;18;17;13;4;0;0;0;0;1;2;3;3;4;3;4;4;6;6;6;5;5;5;2;0;10;16;2;0
Buenos Aires;SAN FERNANDO;Estatal;Urbano;4;5;281;544;835;908;1069;1180;1331;1403;1463;1468;1629;1693;1726;1660;1475;1234;155;21;858;3;1;144;275;425;470;541;594;676;722;761;744;873;894;918;866;702;636;105;11;164;0;14;18;12;15;5;68;77;88;94;57;10;10;0; ; ; ; ;3; ; ;25;45;67;78;70;270;337;410;455;390;280;24;0;0;6;14;36;47;66;66;68;68;68;67;68;69;68;68;68;66;7;0;72;0; ;0
Buenos Aires;SAN FERNANDO;Privado;Urbano;3;62;335;870;1042;1118;1210;1249;1313;1342;1354;1358;1124;1080;1101;1035;1002;903;45; ;632;2;39;178;451;525;552;601;628;655;682;700;717;563;521;486;491;494;424;37; ;126;0;10;8;12;4;3;0;1;2;19;12;10;0; ; ; ; ; ; ;3;1;11;9;13;15;12;17;28;45;63;76;60; ;1;5;23;47;50;54;53;53;52;51;51;50;38;38;38;36;36;35;2;0;9;0; ;0
Buenos Aires;SAN ISIDRO;Estatal;Urbano; ; ;329;714;846;985;1022;1258;1305;1404;1506;1485;1669;1816;1923;1931;1737;1500;112;45;1607; ; ;190;361;438;514;520;631;651;749;776;738;887;966;1012;1008;888;758;93;34;460;0;49;39;41;35;20;103;100;125;109;67;52;0;0; ; ; ; ; ;5;5;55;60;81;64;55;310;451;656;658;598;446;25;0;0;17;37;38;55;66;70;72;73;77;72;87;92;94;96;93;89;8;0;46;1; ;0
Buenos Aires;SAN ISIDRO;Privado;Urbano;44;364;1024;1677;1921;2067;2351;2400;2466;2584;2639;2702;2810;2911;2840;2841;2794;2647;122;13;1427;26;185;544;867;969;1094;1127;1146;1246;1307;1345;1363;1403;1467;1416;1469;1352;1298;115;9;394;0;9;10;12;6;3;3;6;7;12;2;4;0;0; ; ; ;2;2;19;19;25;33;35;22;17;66;94;103;142;121;114;1;4;29;74;91;95;101;107;110;110;112;110;107;109;109;108;107;106;107;4;0;34;0; ;0
Buenos Aires;SAN MIGUEL;Estatal;Urbano;12;30;151;1325;1987;2229;2320;2721;2941;2901;3226;3035;3576;3663;3783;3668;3324;2766;381; ;5632;3;14;82;656;1053;1147;1186;1432;1555;1544;1641;1501;1914;1988;2042;2017;1762;1414;322; ;1057;1;125;103;90;74;36;139;137;185;153;97;55;2; ; ; ; ; ; ;3;6;165;223;262;196;143;716;820;1016;1160;946;688;39;2;2;2;48;86;96;118;119;116;119;124;119;136;133;132;140;127;121;10;0;47;0; ;0
Buenos Aires;SAN MIGUEL;Privado;Urbano; ;15;223;751;1185;1509;2506;2576;2728;2812;2855;2857;2841;2725;2703;2678;2524;2470; ; ;1446; ;6;108;384;618;771;1262;1233;1380;1415;1420;1444;1293;1246;1258;1262;1154;1158; ; ;535;0;10;17;9;9;4;1;4;2;1;3;6; ; ; ; ; ; ; ;8;5;11;22;19;11;9;172;179;179;184;201;179; ;0;1;15;32;47;62;97;95;98;101;96;96;90;86;85;88;86;84;0;0;26;0; ;0
Buenos Aires;SAN NICOLAS;Estatal;Rural; ; ; ;10;8;9;12;12;6;10;14;14; ; ; ; ; ; ; ; ; ; ; ; ;3;3;2;6;5;3;5;10;8; ; ; ; ; ; ; ; ; ;0;0;0;0;0;0; ; ; ; ; ; ; ; ; ; ; ; ; ; ; ; ; ; ; ; ; ; ; ; ; ; ; ;0;0;0;0;0;0;0;0;0;0;0;0;0;0;0;0;0;0;0;0;2;7; ;1
Buenos Aires;SAN NICOLAS;Estatal;Urbano; ; ;292;890;1194;1227;1278;1482;1547;1524;1663;1605;1828;1715;1804;1783;1537;1258;363; ;2516; ; ;139;466;623;629;656;776;761;832;858;798;993;942;982;922;811;628;256; ;687;0;33;26;22;20;7;106;75;96;92;53;18;0; ; ; ; ; ; ; ;3;39;40;39;48;28;377;390;538;589;488;317;50;0;0;11;28;43;48;65;68;70;72;73;73;76;74;72;73;66;61;14;0;58;2; ;0
Buenos Aires;SAN NICOLAS;Privado;Urbano;19;86;311;697;652;743;844;792;868;853;895;892;885;905;912;818;855;754;101; ;1076;8;45;169;341;323;378;440;404;456;402;419;445;403;430;425;384;411;346;75; ;366;0;4;4;1;2;0;0;2;5;2;6;5;0; ;3; ; ; ; ; ;1;4;5;3;3; ;8;15;32;41;59;29; ;2;5;12;28;30;31;32;32;32;32;31;31;32;32;32;30;30;29;3;0;18;0; ;0
Buenos Aires;SAN PEDRO;Estatal;Rural; ; ;84;123;136;155;185;210;228;233;210;245;98;97;67;67;78;50; ; ; ; ; ;44;60;68;72;93;113;118;130;111;121;47;52;32;31;45;23; ; ; ;0;0;6;2;2;0;0;4;4;8;4;14; ; ; ; ; ; ; ; ; ; ;6;7;5;6;11;28;14;28;23;26; ;0;0;2;4;5;7;8;8;10;9;9;9;4;4;4;5;4;4;0;0;16;32;1;0
Buenos Aires;SAN PEDRO;Estatal;Urbano; ; ;149;528;636;719;689;821;822;809;849;843;1029;1042;1055;991;798;697;93; ;1090; ; ;81;277;304;369;334;423;403;427;429;430;528;524;543;482;378;327;65; ;256;0;32;23;12;28;10;46;58;79;46;21;35;0; ; ; ; ; ; ; ; ;34;27;32;40;21;138;227;236;258;181;129;3;0;0;1;22;25;28;35;36;36;37;35;35;44;40;40;37;36;33;5;0;24;0;1;0
Buenos Aires;SAN PEDRO;Privado;Urbano; ; ; ;110;123;111;152;171;174;173;176;174;192;178;178;180;163;141;8; ;302; ; ; ;57;57;62;68;93;87;86;82;86;99;74;83;88;75;71;3; ;86;0;0;0;0;0;0;0;0;0;0;0;0;0; ; ; ; ; ; ; ; ; ;1; ; ; ;13;1;6;8;9;2; ;0;0;0;5;5;5;6;6;6;6;6;6;6;6;6;6;6;6;1;0;0;0; ;0
Buenos Aires;SAN VICENTE;Estatal;Rural;1;2;1;61;84;85;95;103;112;115;138;101;111;95;100;103;82;52; ; ; ;0;2;0;27;43;47;49;50;65;68;73;57;47;47;50;51;38;18; ; ; ;0;0;0;0;1;0;6;4;1;5;5;2; ; ;1;1; ; ; ; ; ; ; ; ;3; ;11;7;6;10;7;20; ;0;0;0;2;2;2;4;4;3;4;4;3;2;2;2;3;3;2;0;0;7;7;1;0
Buenos Aires;SAN VICENTE;Estatal;Urbano; ; ;40;813;1135;1328;1385;1532;1588;1672;1721;1659;1862;1778;1738;1553;1304;1132;190;14;1999; ; ;18;427;564;681;698;779;807;872;905;832;968;1012;826;762;607;513;123;7;488;0;19;41;44;52;54;33;22;24;30;10;6;2;0; ; ; ; ;3;1; ;26;59;98;87;85;221;113;170;106;57;47;3;0;0;0;29;39;46;57;58;57;58;56;54;54;49;45;45;45;44;7;0;41;0; ;0
Buenos Aires;SAN VICENTE;Privado;Urbano; ; ;47;178;192;258;349;343;325;337;284;257;206;197;201;178;145;148;57; ;119; ; ;20;92;100;130;174;169;181;162;144;124;109;109;110;90;80;91;44; ;56;0;2;0;0;0;0;0;0;0;0;0;0;0; ; ; ; ; ; ;1; ;2; ; ; ; ; ; ; ; ; ; ; ;0;0;1;6;6;9;14;14;13;13;11;10;8;7;7;6;5;5;2;0;10;0; ;0
Buenos Aires;SUIPACHA;Estatal;Rural; ; ;27;28;27;31;18;21;24;19;20;20;6;13;13;7;14;14; ; ; ; ; ;13;15;20;17;9;8;11;13;11;11;3;7;2;1;6;6; ; ; ;0;5;2;3;2;3;0;0;0;0;0;0; ; ; ; ; ; ; ; ; ;5;2;3;2;3;1; ;2;1;3;2; ;0;0;3;1;1;2;1;1;1;1;1;1;1;1;1;1;1;1;0;0;5;8; ;0
Buenos Aires;SUIPACHA;Estatal;Urbano; ; ;69;86;70;75;89;88;97;99;88;98;105;108;103;95;100;64;14; ; ; ; ;26;44;38;40;49;44;56;49;49;48;53;63;57;44;54;32;12; ; ;0;5;4;1;0;0;3;3;1;1;1;1;0; ; ; ; ; ; ; ;4;13;8;10;8;9;4;7;6;7;4;5; ;0;0;4;5;6;6;5;5;5;5;5;5;5;5;5;4;4;4;1;0;5;0; ;0
Buenos Aires;SUIPACHA;Privado;Urbano; ; ;36;27;30;30;62;65;66;67;69;71;70;70;69;67;75;63; ; ; ; ; ;18;14;15;15;32;31;35;28;39;35;35;37;35;19;27;25; ; ; ;0;0;1;1;0;1;0;0;0;0;0;0; ; ; ; ; ; ; ; ; ; ;1;3; ;2; ; ; ; ;6;1; ;0;0;2;1;1;1;2;2;2;2;2;2;2;2;2;2;2;2;0;0;0;0; ;0
Buenos Aires;TANDIL;Estatal;Rural; ; ;48;61;79;95;127;136;134;160;156;131;155;161;158;150;100;125;67;14;138; ; ;24;28;45;45;64;68;73;90;80;73;77;92;82;71;50;58;40;11;54;0;5;8;5;5;9;0;2;2;1;0;0;0;0; ; ; ; ; ; ; ;5;9;9;7;13;22;30;28;27;23;14;11;0;0;1;0;1;1;5;5;7;8;5;5;11;11;10;9;9;9;5;0;26;29; ;0
Buenos Aires;TANDIL;Estatal;Urbano;26;54;300;651;696;748;850;1037;1157;1188;1243;1170;1322;1355;1368;1375;1228;1100;232;26;2503;9;20;157;333;375;382;454;554;589;617;610;583;718;729;706;722;621;546;164;16;544;0;65;78;77;80;42;21;27;35;31;13;2;0;0; ; ; ; ;4; ; ;72;135;144;170;106;164;201;286;312;288;186;23;6;7;9;12;9;11;53;54;55;56;53;54;62;59;59;66;64;62;12;0;114;0; ;0
Buenos Aires;TANDIL;Privado;Urbano;43;110;266;607;607;671;726;716;776;740;757;722;670;634;602;604;579;541; ; ;463;26;60;137;327;295;344;370;349;396;360;380;351;328;322;285;278;280;259; ; ;204;0;3;0;0;1;1;0;0;0;0;1;0; ; ; ; ; ; ; ; ; ;3;2;3;2;1;5;5;10;16;7;7; ;4;5;13;28;27;29;28;28;28;28;27;26;21;22;21;21;20;20;0;0;12;0; ;0
Buenos Aires;TAPALQUE;Estatal;Rural; ; ;8;11;13;15;35;28;30;39;33;32;5;4;7;5;7;4; ; ; ; ; ;3;4;5;7;18;14;20;24;16;20;2;2;3;2;5;0; ; ; ;0;3;1;0;0;1;0;0;0;0;0;0; ; ; ; ; ; ; ; ; ;3;2;3;2;1;1; ;1;1;2; ; ;0;0;0;1;0;0;1;1;2;1;2;1;0;0;0;0;0;0;0;0;10;19;4;0
Buenos Aires;TAPALQUE;Estatal;Urbano;6;15;60;90;92;117;123;124;135;130;133;114;132;147;149;144;131;96; ; ;231;4;9;32;46;39;61;65;68;73;55;72;55;78;73;76;78;64;47; ; ;58;0;2;4;8;1;4;0;1;0;0;0;0; ; ; ; ; ; ; ; ; ;2;4;8;1;4;28;18;40;48;23;6; ;1;1;3;5;5;6;6;6;6;6;6;6;6;7;7;7;7;7;0;0;6;1; ;0
Buenos Aires;TIGRE;Estatal;Rural; ; ; ;48;35;41;57;63;65;75;81;86;55;65;80;65;46;52; ; ; ; ; ; ;31;15;23;34;40;33;41;42;42;28;33;39;38;26;22; ; ; ;0;6;4;1;2;0;4;4;3;2;1;0; ; ; ; ; ; ; ; ; ;6;9;8;9;4;12;11;24;17;13;14; ;0;0;0;3;0;2;3;4;4;5;5;4;5;3;3;4;4;5;0;0;5;4;4;0
Buenos Aires;TIGRE;Estatal;Urbano; ; ;377;1894;2299;2624;3148;3331;3665;4040;4259;4244;4800;4882;4899;4687;4056;3485;532;46;1283; ; ;193;982;1181;1377;1661;1777;1912;2105;2158;2220;2529;2549;2633;2495;2151;1771;409;33;440;0;99;124;88;113;111;200;206;219;208;191;73;6;0; ; ; ; ; ;2;11;114;209;285;350;316;911;1016;1292;1444;1059;804;52;0;0;15;86;95;122;170;171;182;180;180;177;191;188;188;184;176;163;18;0;99;0; ;0
Buenos Aires;TIGRE;Privado;Urbano;26;184;686;2215;2485;2704;2875;2907;2952;2927;3056;3063;2993;2905;3001;2799;2655;2563;58; ;588;17;99;345;1118;1265;1365;1401;1452;1467;1446;1556;1542;1436;1415;1386;1359;1278;1213;46; ;15;0;9;7;3;3;5;3;9;9;3;9;2;0; ; ; ; ;10; ;7;1;9;12;7;6;7;177;120;180;151;183;148;2;1;11;44;102;103;121;121;121;118;117;117;116;113;110;110;105;100;97;2;0;53;4; ;0
Buenos Aires;TORDILLO;Estatal;Rural; ; ;20;23;34;45;62;41;47;51;24;47;38;28;35;33;32;23; ; ; ; ; ;11;12;14;21;29;20;28;27;16;24;20;12;15;15;19;8; ; ; ;0;1;1;0;0;0;0;2;0;2;0;0; ; ; ; ;4; ; ; ; ;1;2; ; ; ;2;2;15;9;9;3; ;0;0;1;0;0;0;2;1;2;2;1;1;2;2;2;2;2;2;0;0;8;6; ;0
Buenos Aires;TORNQUIST;Estatal;Rural; ; ;33;30;40;39;40;47;44;53;53;50;61;44;55;53;30;40;7; ; ; ; ;16;16;19;21;19;30;23;28;34;22;35;17;33;26;15;19;3; ; ;0;1;1;0;3;1;1;1;6;5;0;1;0; ; ; ; ; ; ; ; ;2;4;1;4;1;5;4;18;19;4;10;3;0;0;5;2;2;3;2;3;2;3;3;2;4;4;4;4;4;4;1;0;6;13;1;0
Buenos Aires;TORNQUIST;Estatal;Urbano; ; ;71;72;92;120;86;129;126;125;129;127;140;163;105;137;102;98;12;14;148; ; ;38;37;52;55;43;68;61;69;76;70;69;79;56;67;58;40;7;9;16;0;6;12;10;10;7;8;13;11;10;3;0;0;0; ; ; ; ; ; ; ;6;13;14;17;12;34;41;31;44;28;23;4;0;0;5;2;3;6;6;7;7;7;7;7;7;7;7;8;8;8;2;0;12;1; ;0
Buenos Aires;TRENQUE LAUQUEN;Estatal;Rural; ; ;29;37;61;47;60;69;64;81;72;69;9;17;13;11;13;9;6; ; ; ; ;17;26;34;23;34;40;38;45;42;40;6;11;8;9;12;4;4; ; ;0;5;3;1;2;4;0;1;1;1;3;0;0; ; ; ; ; ; ; ; ;5;3;3;3;5;3;6;3;3;4;2; ;0;0;0;1;1;3;1;1;1;1;1;1;1;1;1;1;1;1;1;0;20;38;2;0
Buenos Aires;TRENQUE LAUQUEN;Estatal;Urbano; ; ;110;309;332;379;446;433;493;490;491;472;510;570;558;496;463;419;46;15;1046; ; ;62;162;179;190;222;215;272;252;259;227;271;294;283;253;232;187;35;11;172;0;23;29;28;29;27;16;20;29;11;9;5;0;0; ; ; ; ; ; ; ;24;37;39;37;36;68;126;107;106;109;102;2;0;0;6;18;19;19;23;23;24;24;23;23;25;26;25;26;26;25;4;0;9;2; ;0
Buenos Aires;TRENQUE LAUQUEN;Privado;Urbano; ; ;45;216;229;224;226;234;223;227;230;224;198;206;212;189;189;168; ; ; ; ; ;20;113;115;113;106;108;114;113;107;115;102;95;108;87;96;86; ; ; ;0;1;0;0;0;0;0;0;0;0;0;0; ; ; ; ; ; ; ; ; ;1; ; ; ; ;4;1;4;6;3;6; ;0;0;3;8;8;8;9;9;8;8;8;8;7;7;7;7;7;7;0;0;4;0; ;0
Buenos Aires;TRES ARROYOS;Estatal;Rural; ; ;32;39;47;50;69;74;67;85;85;72;63;67;54;48;42;25;7; ; ; ; ;15;21;22;25;37;35;29;54;50;43;25;36;33;22;21;14;6; ; ;0;3;9;10;3;4;1;0;0;1;0;0;0; ; ; ; ; ; ; ; ;3;10;11;4;5;14;22;17;14;15;6;3;0;0;1;0;1;1;3;4;4;5;4;4;5;4;4;4;4;4;2;0;13;16;1;0
Buenos Aires;TRES ARROYOS;Estatal;Urbano; ; ;223;372;366;406;467;549;515;556;570;600;690;619;622;606;495;467;77;28;1660; ; ;109;195;185;219;247;281;251;301;311;290;371;323;334;305;246;243;57;20;345;0;20;20;21;16;9;23;38;28;24;25;12;0;0; ; ; ; ; ;2; ;22;37;34;24;12;123;95;117;170;99;92;9;0;0;8;10;12;14;27;27;28;28;29;29;32;30;29;29;29;29;5;0;46;6; ;0
Buenos Aires;TRES ARROYOS;Privado;Urbano; ;26;129;197;223;240;280;282;240;279;273;294;194;188;196;159;170;167; ; ; ; ;16;65;105;116;119;141;147;122;140;126;143;87;76;81;85;69;76; ; ; ;0;2;0;1;0;0;0;0;0;0;0;0; ; ; ; ; ; ; ; ; ;2; ;1; ; ; ;1;1; ; ;2; ;0;2;7;8;10;10;10;11;11;11;11;11;7;7;7;6;6;6;0;0;1;0; ;0
Buenos Aires;TRES DE FEBRERO;Estatal;Urbano;39;86;852;1379;1505;1750;1458;1758;1861;1942;1985;1963;2189;2292;2449;2305;2042;1767;295;43;1931;24;37;444;729;773;892;784;918;976;1022;1040;1034;1175;1196;1272;1253;1090;905;221;27;354;0;154;125;91;65;29;99;128;164;134;130;61;2;0; ; ; ; ; ;2;4;169;206;257;225;191;455;588;786;774;673;508;87;5;6;42;53;65;91;95;98;100;100;101;102;105;107;109;113;109;104;14;0;136;0; ;0
Buenos Aires;TRES DE FEBRERO;Privado;Urbano; ;81;356;942;1113;1354;1960;1980;2158;2159;2254;2219;2071;2051;2020;2036;1880;1779;248; ;1711; ;37;185;475;588;673;972;1006;1062;1040;1130;1086;969;949;892;948;912;791;138; ;753;0;16;23;17;15;4;1;6;6;3;0;2;0; ; ; ; ; ; ;4;1;16;27;24;25;12;69;64;95;109;84;78;11;0;4;21;55;57;72;85;84;85;82;83;82;78;74;74;67;67;64;8;0;33;0; ;0
Buenos Aires;TRES LOMAS;Estatal;Rural; ; ;2;3;7;3;6;7;11;7;21;14;26;28;19;10;13;13;13; ; ; ; ;2;2;4;1;4;5;9;2;11;9;16;14;9;5;9;7;10; ; ;0;0;0;0;1;0;0;4;2;1;1;0;2; ; ; ; ; ; ; ; ; ; ; ;3;1;2;4;4;2;3;3;2;0;0;0;0;1;0;0;0;0;0;0;0;2;2;2;1;1;1;1;0;1;7; ;0
Buenos Aires;TRES LOMAS;Estatal;Urbano;10;24;65;81;84;95;93;107;103;110;114;141;104;106;123;153;129;101;37;15;83;6;14;36;39;42;48;55;57;54;57;71;67;49;54;67;81;62;51;23;12;11;0;3;0;0;0;0;2;5;7;12;9;0;0;0; ; ; ; ; ; ; ;3;1;2;5;3;8;22;18;24;23;11; ;1;2;3;3;4;5;6;5;5;5;5;5;4;4;6;6;6;6;3;0;9;0;1;0
Buenos Aires;VICENTE LOPEZ;Estatal;Urbano;123;301;621;615;657;713;658;793;868;890;890;937;1064;1236;1220;1204;1165;978;144;15;2831;68;159;324;307;329;379;353;448;457;455;461;483;580;689;665;661;624;542;113;10;804;0;19;15;11;12;11;25;52;32;33;19;0;0;0;3;2; ; ; ;7;1;23;28;48;35;30;130;244;316;297;318;253;40;18;20;36;32;33;40;44;47;49;48;45;47;55;58;57;61;60;57;9;0;59;0; ;0
Buenos Aires;VICENTE LOPEZ;Privado;Urbano;56;306;750;1091;1311;1529;1910;1995;2150;2200;2295;2324;2256;2281;2437;2400;2297;2252;90; ;965;27;155;396;548;687;770;996;1050;1057;1105;1161;1149;1095;1087;1209;1209;1125;1157;73; ;265;0;7;3;3;5;0;3;1;6;3;2;4;0; ; ; ; ;3;9;12;13;32;47;27;50;58;70;60;69;112;116;85;3;6;27;52;56;62;76;88;87;93;92;94;93;94;93;94;96;90;91;4;0;45;0; ;0
Buenos Aires;VILLA GESELL;Estatal;Urbano; ;8;106;280;335;395;282;393;372;403;424;449;418;419;461;441;374;317;26;15;730; ;5;58;154;163;202;159;208;198;198;226;229;242;230;250;238;191;157;21;14;268;0;33;20;15;22;10;17;20;24;29;20;5;0;0; ; ; ; ; ; ; ;35;32;44;40;28;94;120;102;130;110;72;2;0;1;5;7;7;9;17;17;16;17;17;18;18;18;16;18;18;17;1;0;28;0; ;0
Buenos Aires;VILLA GESELL;Privado;Urbano; ; ;16;92;79;117;235;231;257;272;232;270;313;286;279;263;242;250;35; ;19; ; ;6;39;38;55;112;101;119;137;115;138;164;135;147;124;118;123;24; ;0;0;0;0;2;1;1;0;0;0;1;0;0;0; ; ; ; ; ; ; ; ; ; ;2;1;2;1; ;5;9;3;6; ;0;0;1;6;6;7;9;9;10;10;9;9;10;9;9;9;9;9;1;0;1;0; ;0
Buenos Aires;VILLARINO;Estatal;Rural; ; ;12;33;37;36;69;61;71;63;89;75;57;70;60;51;47;48; ; ; ; ; ;8;19;20;18;32;31;40;33;52;39;31;36;30;22;23;18; ; ; ;0;5;3;2;5;2;0;2;4;5;2;1; ; ; ; ; ; ; ; ;4;7;6;6;12;3;4;11;16;12;9;6; ;0;0;0;0;1;3;4;3;3;5;4;6;5;4;4;5;5;5;0;0;13;16;1;0
Buenos Aires;VILLARINO;Estatal;Urbano; ; ;83;247;336;375;376;398;380;407;440;408;499;451;438;407;368;371;21;15;279; ; ;48;120;172;191;188;209;190;199;225;217;253;236;200;207;193;169;9;12;6;0;30;16;22;19;15;17;21;12;21;9;0;0;0; ; ; ; ; ; ; ;33;41;48;41;35;136;85;91;111;109;103;4;0;0;3;9;10;14;19;18;19;20;21;18;25;20;21;25;24;21;2;0;21;2;2;0
Buenos Aires;ZARATE;Estatal;Rural; ; ; ;32;33;26;122;125;155;150;166;172;168;164;192;169;137;113;31; ; ; ; ; ;19;18;11;70;58;83;82;85;84;87;92;98;83;69;57;16; ; ;0;1;2;1;1;0;3;3;3;3;0;0;0; ; ; ; ; ; ; ; ;1;3;1;1; ;20;27;28;34;25;12;2;0;0;0;0;0;0;6;5;8;7;6;8;8;8;8;6;6;5;1;0;7;9;1;0
Buenos Aires;ZARATE;Estatal;Urbano;6;12;377;783;954;1079;1240;1326;1428;1526;1607;1580;1798;1899;1995;1844;1557;1415;524;54;1949;3;5;201;404;475;548;660;667;740;777;841;814;970;990;1084;962;829;741;335;36;504;0;10;19;27;19;6;42;41;53;20;10;8;0;0; ; ; ; ; ; ;1;11;24;37;22;34;115;165;190;235;164;123;60;1;1;9;11;17;33;64;62;62;66;65;65;74;73;69;70;70;68;24;0;85;0; ;0
Buenos Aires;ZARATE;Privado;Urbano;9;65;201;471;524;515;531;545;517;565;600;546;514;493;470;503;442;407;28; ;368;7;32;103;216;263;248;279;255;272;288;289;266;230;218;186;224;180;187;24; ;73;0;1;0;3;0;0;0;0;0;1;0;0;0; ; ; ; ; ; ; ; ;1; ;3; ; ;2;1;3;11;5;1; ;0;3;9;21;23;24;20;20;20;20;21;19;18;19;18;19;16;17;1;0;15;0; ;0
Catamarca;AMBATO;Estatal;Rural; ; ; ;18;38;54;51;60;78;74;68;53;51;59;63;60;49;42; ; ; ; ; ; ;10;19;22;18;29;45;33;32;25;22;31;30;30;23;29; ; ; ;1;1;1;4;2;2;1;3;8;8;5;1; ; ; ; ; ; ; ; ;1;2;2;8;6;6;9;16;18;9;14;7; ;0;0;0;2;0;2;1;1;3;2;1;2;4;4;4;4;4;4;0;0;12;30;2;0
Catamarca;ANCASTI;Estatal;Rural; ; ; ;10;23;20;35;47;31;44;39;41;42;39;32;30;34;33; ; ; ; ; ; ;7;12;8;20;28;14;17;25;21;24;15;15;18;17;21; ; ; ;0;1;1;1;0;0;2;2;3;3;1;0; ; ; ; ; ; ; ; ;1;1;4;5;3;4;6;5;7;5;2;3; ;0;0;0;0;0;0;4;2;1;1;0;5;4;3;3;4;4;5;0;0;7;35;4;0
Catamarca;ANDALGALA;Estatal;Rural; ; ; ;31;39;38;96;67;97;80;102;109;82;93;90;89;77;62; ; ; ; ; ; ;15;16;22;50;34;43;39;50;57;37;60;49;39;39;38; ; ; ;0;1;4;1;4;5;3;11;14;5;4;0; ; ; ; ; ; ; ; ;2;1;6;13;9;7;10;28;33;25;17;16; ;0;0;0;4;5;5;8;5;8;9;9;11;8;7;7;6;6;8;0;0;4;15;4;0
Catamarca;ANDALGALA;Estatal;Urbano; ; ; ;97;104;117;144;140;135;160;174;133;195;196;192;173;166;131;45; ;907; ; ; ;47;54;60;66;65;71;81;75;65;101;105;108;82;83;61;24; ;247;0;0;2;0;3;1;19;21;37;23;10;7;1; ; ; ; ; ; ; ; ;1;9;4;13;8;52;60;65;48;45;36;18;0;0;0;9;8;11;13;12;11;14;14;12;13;14;14;13;13;12;4;0;3;1; ;0
Catamarca;ANTOFAGASTA DE LA SIERRA;Estatal;Rural; ; ; ;6;9;27;17;26;24;23;36;32;32;39;25;34;22;22; ; ; ; ; ; ;4;5;13;6;14;11;9;18;20;17;17;12;19;12;14; ; ; ;0;2;0;0;2;0;2;3;1;0;1;2; ; ; ; ; ; ; ; ; ;2; ;1;2;4;6;7;7;5;3;7; ;0;0;0;1;1;1;2;2;2;2;2;2;2;2;2;2;2;2;0;0;2;3; ;0
Catamarca;BELEN;Estatal;Rural; ; ; ;66;171;174;220;184;188;204;224;209;195;192;193;165;181;178; ; ;72; ; ; ;31;93;85;110;99;92;98;112;99;93;98;103;87;101;67; ; ;58;1;1;5;1;6;1;6;10;10;3;13;4; ; ; ; ; ; ; ; ;6;2;9;5;12;8;21;33;42;22;35;25; ;0;0;0;1;5;10;21;12;14;17;13;17;23;21;22;18;18;18;0;0;33;66;3;0
Catamarca;BELEN;Estatal;Urbano; ; ; ;42;135;186;245;271;242;239;270;261;263;254;269;258;268;293;41; ;879; ; ; ;15;64;91;125;131;123;127;121;128;123;128;130;148;137;143;25; ;383;0;1;2;3;1;2;11;16;15;17;13;10;0; ; ; ; ; ; ; ; ;1;2;3;4;2;20;57;82;56;41;39;1;0;0;0;3;8;11;14;13;13;14;16;15;14;13;11;14;14;14;3;0;1;0; ;0
Catamarca;CAPAYAN;Estatal;Rural; ; ; ;67;116;111;145;138;158;132;175;158;143;176;156;130;127;101;11; ; ; ; ; ;45;63;58;78;68;76;64;96;82;77;109;88;79;63;41;7; ; ;0;2;14;6;8;6;8;14;12;7;4;3;2; ; ; ; ; ; ; ;1;2;18;9;16;10;25;45;33;26;38;22;4;0;0;0;4;4;6;9;10;9;8;8;7;13;12;11;9;9;9;1;0;12;33; ;0
Catamarca;CAPAYAN;Estatal;Urbano; ; ; ;36;79;113;138;103;128;113;130;124;95;105;112;77;90;79; ; ;385; ; ; ;21;38;50;77;40;56;58;66;73;48;47;62;40;36;33; ; ;89;0;0;3;3;0;0;18;16;13;4;6;4; ; ; ; ; ; ; ; ; ; ;3;4;3;9;32;22;42;14;37;26; ;0;0;0;2;4;5;9;8;8;9;10;10;6;6;5;5;4;4;0;0;4;0; ;0
Catamarca;CAPITAL;Estatal;Urbano;26;45;87;605;1300;1316;1729;1800;1988;1949;2083;2047;2015;2184;2032;1798;1544;1409;82; ;3651;10;24;52;296;667;684;895;933;1036;988;1056;1069;1037;1131;1038;925;783;722;58; ;1408;8;66;57;56;36;24;237;380;306;165;83;9;2; ;3;11;1; ; ; ;60;110;164;197;172;165;556;841;807;638;475;356;13;3;3;5;44;73;82;101;99;108;107;109;108;116;110;103;94;90;87;6;0;18;0; ;0
Catamarca;CAPITAL;Privado;Urbano; ; ; ;637;951;1061;1189;1248;1249;1228;1279;1179;1212;1194;1152;1114;1040;952; ; ;2138; ; ; ;322;450;508;585;600;615;596;628;558;548;520;528;483;460;423; ; ;755;0;0;1;0;1;1;9;13;21;15;4;2; ; ; ; ; ; ; ; ;15; ;1;16;2;3;31;114;101;75;84;86; ;0;0;0;36;52;54;46;47;46;46;46;44;46;46;44;40;37;36;0;0;0;0; ;0
Catamarca;EL ALTO;Estatal;Rural; ; ; ;45;66;71;89;79;84;86;92;91;98;114;93;78;93;82; ; ; ; ; ; ;21;35;35;47;38;42;45;53;43;55;68;40;39;44;41; ; ; ;0;2;1;6;2;4;9;10;7;6;5;0; ; ; ; ; ; ; ; ; ;6;4;11;9;9;30;29;34;17;21;16; ;0;0;0;3;3;4;5;5;4;4;4;5;7;6;5;7;7;8;0;0;11;31;4;0
Catamarca;Enmascarado;Privado;Urbano; ; ; ;172;309;338;378;358;344;346;361;349;449;443;475;451;449;465; ; ;111; ; ; ;80;160;168;183;176;156;172;173;167;181;197;212;221;168;194; ; ;22;0;0;0;1;1;0;2;9;8;12;6;2; ; ; ; ; ; ; ; ; ; ; ;1;1; ;18;14;61;27;27;14; ;0;0;0;11;17;18;18;17;16;16;16;15;18;17;16;18;18;18;0;0;1;0; ;0
Catamarca;FRAY MAMERTO ESQUIU;Estatal;Rural; ; ; ;55;68;56;17;26;12;14;20;13;60;90;61;43;42;37;25; ; ; ; ; ;31;39;31;6;16;6;7;10;5;38;47;27;24;27;20;15; ; ;0;2;1;2;0;3;1;10;1;2;6;0;0; ; ; ; ; ; ; ;1;2;1;2;6;5;7;14;3;8;10;1; ;0;0;0;4;2;2;1;1;1;0;1;1;5;4;4;3;3;3;2;0;6;7; ;0
Catamarca;FRAY MAMERTO ESQUIU;Estatal;Urbano; ; ; ;11;77;76;158;191;164;189;185;173;117;135;109;119;109;107; ; ;335; ; ; ;6;43;45;79;93;83;95;89;87;61;66;63;56;60;55; ; ;79;2;5;1;3;2;1;11;11;8;4;12;3; ; ; ; ; ; ; ; ;2;6;4;10;9;4;23;36;28;27;43;18; ;0;0;0;0;4;6;9;10;8;9;9;8;9;9;9;6;6;6;0;0;2;3; ;0
Catamarca;LA PAZ;Estatal;Rural; ; ; ;62;181;197;168;144;143;152;156;140;153;122;156;139;131;123; ; ;10; ; ; ;36;85;106;87;69;73;84;82;86;82;65;86;68;64;62; ; ;6;0;1;5;0;1;1;4;3;6;8;3;1; ; ; ; ; ; ; ; ;3;5;12;10;13;16;32;39;41;33;23;19; ;0;0;0;4;9;10;16;8;13;11;9;9;12;11;11;13;13;12;0;0;17;41;5;0
Catamarca;LA PAZ;Estatal;Urbano; ; ; ;65;153;155;264;257;281;294;313;279;183;191;179;138;151;117;63; ;717; ; ; ;31;76;80;126;122;157;160;160;138;104;112;102;78;80;61;39; ;212;0;1;7;4;2;2;3;13;14;10;9;0;0; ; ; ; ; ; ; ; ;2;15;13;7;10;42;30;29;17;26;11;8;0;0;0;3;9;9;16;14;15;16;16;13;9;9;7;8;8;8;3;0;2;0; ;0
Catamarca;PACLIN;Estatal;Rural; ; ; ;22;44;55;55;64;55;66;69;63;78;72;74;82;72;56;11; ;115; ; ; ;12;23;25;22;27;24;31;34;35;48;37;40;49;39;37;9; ;26;0;0;2;1;0;0;0;0;2;2;5;1;0; ; ; ; ; ; ; ; ; ;2;3; ;3;7;9;6;8;13;4; ;0;0;0;1;2;2;4;4;3;4;5;5;6;6;6;6;7;7;2;0;9;20; ;0
Catamarca;POMAN;Estatal;Rural; ; ; ;39;58;43;70;98;86;92;76;88;61;84;61;69;84;54; ; ; ; ; ; ;22;23;22;31;56;40;48;38;44;31;54;38;34;42;17; ; ; ;0;4;3;0;1;1;2;5;3;4;12;1; ; ; ; ; ; ; ; ; ;5;11;5;9;6;12;18;14;31;20;8; ;0;0;0;5;6;7;9;10;8;11;11;11;9;9;9;7;7;7;0;0;2;12; ;0
Catamarca;POMAN;Estatal;Urbano; ; ;18;62;66;63;77;85;93;81;90;96;71;76;99;82;91;59;16; ;666; ; ;10;27;35;33;44;44;53;40;48;45;33;37;52;49;48;34;9; ;291;0;3;3;6;2;10;4;6;8;6;0;0;0; ; ; ; ; ; ; ;4;4;8;9;2;13;8;10;21;12;11;9;4;0;0;2;6;6;6;6;6;7;6;7;7;8;8;7;8;7;7;1;0;1;0; ;0
Catamarca;SANTA MARIA;Estatal;Rural; ; ; ;62;69;91;101;90;99;83;110;95;94;149;155;43;35;39; ; ; ; ; ; ;28;33;49;54;44;51;39;63;47;51;84;78;27;21;19; ; ; ;0;0;1;1;6;1;9;26;24;4;2;2; ; ; ; ; ; ; ; ;1;1;2;4;8;9;23;59;58;14;6;10; ;0;0;0;4;6;6;7;6;6;5;5;8;14;14;15;7;7;9;0;0;11;26;9;0
Catamarca;SANTA MARIA;Estatal;Urbano; ; ; ;153;149;194;260;266;262;286;310;260;273;303;266;351;336;316;71; ;967; ; ; ;70;77;94;144;138;138;153;148;133;144;154;137;183;152;145;44; ;278;0;0;1;2;4;2;6;17;15;30;28;7;0; ; ; ; ; ; ; ;1; ;1;5;7;8;16;31;39;78;106;59;11;0;0;0;11;12;12;18;18;18;19;19;18;16;15;15;21;21;20;5;0;1;0;1;0
Catamarca;SANTA ROSA;Estatal;Rural; ; ; ;86;118;181;128;97;110;106;124;114;214;269;259;106;97;102;4; ;85; ; ; ;45;63;81;64;46;70;61;61;60;122;134;122;50;50;49;1; ;29;0;0;1;7;1;6;18;37;28;6;2;0;0; ; ; ; ; ; ; ; ;1;2;10;5;9;47;69;70;28;12;14; ;0;0;0;5;7;12;10;6;7;9;5;9;10;12;10;6;6;6;1;0;10;21; ;0
Catamarca;SANTA ROSA;Estatal;Urbano; ; ; ;1;32;43;102;85;90;100;106;93;11;14;22;103;86;105; ; ;185; ; ; ;0;16;19;46;50;47;52;53;48;6;7;12;50;30;56; ; ;42;1;2;5;1;0;1;0;0;6;14;7;0; ; ; ; ; ; ; ; ;1;4;9;2;2;11;1;1;7;34;22;16; ;0;0;0;0;2;2;5;5;5;6;6;6;1;1;1;4;4;4;0;0;1;0; ;0
Catamarca;TINOGASTA;Estatal;Rural; ; ; ;76;114;154;119;94;97;103;114;125;94;85;108;81;74;96; ; ; ; ; ; ;42;60;89;58;47;50;49;61;64;48;39;50;38;43;53; ; ; ;0;0;2;3;8;3;3;5;3;1;2;1; ; ; ; ; ; ; ; ;3; ;2;5;8;4;21;19;19;32;19;32; ;0;0;0;4;5;11;15;9;11;11;11;13;9;10;11;8;8;11;0;0;20;24;6;0
Catamarca;TINOGASTA;Estatal;Urbano; ; ; ;75;128;135;249;246;245;243;269;258;299;302;313;318;240;206;47; ;1404; ; ; ;39;64;64;114;121;129;127;139;126;164;150;165;166;123;100;20; ;536;0;2;2;5;6;6;9;4;4;17;7;5;0; ; ; ; ; ; ; ;2;2;4;9;10;7;81;92;83;107;73;57;14;0;0;0;4;6;11;17;18;16;18;18;16;21;23;23;20;19;18;4;0;5;0; ;0
Catamarca;VALLE VIEJO;Estatal;Rural; ; ; ;29;35;49;19;22;23;18;22;12;125;137;124;20;14;10; ; ; ; ; ; ;15;23;23;9;16;11;10;12;8;61;78;62;11;6;5; ; ; ;0;1;1;2;1;0;5;9;10;2;0;0; ; ; ; ; ; ; ; ; ;1;4;4;2; ;14;30;27;5;5; ; ;0;0;0;0;1;3;1;2;1;1;1;1;8;7;7;1;1;1;0;0;7;7;2;0
Catamarca;VALLE VIEJO;Estatal;Urbano; ; ; ;169;223;243;360;370;383;415;424;395;157;193;174;295;292;283; ; ;1081; ; ; ;87;116;129;190;202;175;224;228;206;81;103;97;118;130;129; ; ;181;1;4;12;17;6;6;11;34;25;22;17;19; ; ; ; ; ; ; ; ;12;23;27;39;38;13;29;60;66;76;81;92; ;0;0;0;9;9;13;19;19;20;21;20;20;10;10;10;15;15;15;0;0;9;0; ;0
Chaco;1§ DE MAYO;Estatal;Rural; ; ; ;65;75;79;100;108;111;120;124;113;86;95;109;89;81;60; ; ; ; ; ; ;27;36;44;49;51;60;51;73;59;48;43;48;52;48;25; ; ; ;0;0;0;0;0;0;0;8;15;14;8;0; ; ; ; ; ; ; ; ; ; ; ; ; ; ; ;25;19;23;18;11; ;0;0;0;4;2;4;4;4;5;5;5;5;6;6;5;5;5;5;0;0;6;16; ;0
Chaco;1§ DE MAYO;Estatal;Urbano; ; ;9;35;127;131;138;155;152;139;149;151;120;173;158;93;82;80; ; ;96; ; ;3;20;65;71;70;84;72;77;67;75;55;100;67;42;36;35; ; ;27;0;0;2;0;0;0;3;36;37;10;3;0; ; ; ; ; ; ; ; ;2;3;2;8; ;5;3;55;40;26;9;2; ;0;0;0;1;6;5;6;6;6;5;5;6;4;8;6;6;6;6;0;0;5;0; ;0
Chaco;12 DE OCTUBRE;Estatal;Rural; ; ; ;32;72;127;93;85;92;79;92;103;79;71;38;28;40;34; ; ; ; ; ; ;18;39;72;42;46;48;40;47;58;38;27;17;13;21;15; ; ; ;0;0;4;0;1;0;2;11;3;3;1;1; ; ; ; ; ; ; ; ;1; ;5;2;3;4;4;38;16;11;20;10; ;0;0;0;2;4;6;5;5;6;5;5;6;6;4;3;3;3;3;0;0;10;27; ;0
Chaco;12 DE OCTUBRE;Estatal;Urbano; ;1;14;120;294;309;330;316;320;294;349;324;304;469;400;306;220;176;62; ;727; ;1;5;56;136;158;173;164;172;143;170;168;165;218;204;157;106;80;34; ;177;0;0;5;0;6;0;4;79;86;36;14;2;3; ; ; ; ;13; ; ;10;6;9;15;16;18;9;153;154;118;76;49;9;0;0;0;5;14;13;17;16;16;14;16;15;14;23;18;15;14;14;2;0;6;0; ;0
Chaco;12 DE OCTUBRE;Privado;Urbano; ; ; ;34;57;58;73;59;53;71;45;42;42;96;88;94;79;83; ; ; ; ; ; ;17;29;24;30;29;33;34;27;22;22;30;39;46;38;39; ; ; ;0;0;0;0;0;0;0;2;7;9;2;0; ; ; ; ; ; ; ; ; ; ; ; ; ; ; ;5;16;15;6;3; ;0;0;0;2;3;3;4;3;3;3;2;2;2;3;4;4;4;3;0;0;1;0; ;0
Chaco;2 DE ABRIL;Estatal;Rural; ; ; ;8;12;22;13;21;19;14;15;17;13;14;20;10;10;6; ; ; ; ; ; ;4;2;11;7;15;5;8;11;10;6;8;8;3;5;0; ; ; ;0;0;1;0;0;0;0;0;5;2;4;0; ; ; ; ; ; ; ; ; ; ;1; ; ; ;1;11;12;2;5;3; ;0;0;0;1;0;2;1;0;0;1;1;3;2;1;1;1;1;1;0;0;4;10; ;0
Chaco;2 DE ABRIL;Estatal;Urbano; ; ; ;31;95;129;100;92;91;116;101;94;87;82;77;77;63;46;9; ;171; ; ; ;14;54;66;50;49;41;53;52;45;46;46;35;37;28;22;7; ;34;0;0;0;0;1;0;2;10;14;5;4;0;0; ; ; ; ; ; ; ; ; ; ;1;1;1;2;19;23;17;8;4; ;0;0;0;2;6;6;5;5;5;6;5;5;5;5;4;4;4;4;1;0;0;1; ;0
Chaco;25 DE MAYO;Estatal;Rural; ; ; ;38;138;148;228;237;251;223;243;232;235;106;97;51;64;60; ; ; ; ; ; ;19;61;89;117;131;127;114;122;119;128;52;41;22;34;32; ; ; ;0;0;13;0;12;0;5;25;30;12;6;5; ; ; ; ; ; ; ; ;19;21;19;17;29;21;39;41;42;20;25;32; ;0;0;0;2;8;8;10;10;11;8;8;8;8;4;3;3;3;3;0;0;8;34; ;0
Chaco;25 DE MAYO;Estatal;Urbano; ; ;10;171;444;477;477;460;472;460;518;526;488;728;548;397;312;224;15; ;782; ; ;5;75;242;239;244;217;255;218;263;263;248;367;267;194;138;106;11; ;239;0;0;41;0;26;0;5;195;94;40;47;9;2; ; ; ; ; ; ; ;34;27;82;49;56;55;35;298;220;124;116;43;7;0;0;1;10;20;20;21;21;21;20;20;21;21;24;22;15;14;13;2;0;0;1; ;0
Chaco;9 DE JULIO;Estatal;Rural; ; ; ;35;69;73;82;89;90;87;83;86;98; ; ; ; ; ; ; ; ; ; ; ;16;35;40;38;52;44;42;47;43;56; ; ; ; ; ; ; ; ;0;0;2;0;3;0;11; ; ; ; ; ; ; ; ; ; ; ; ; ;4; ;2;1;3;6;13; ; ; ; ; ; ;0;0;0;3;4;3;5;4;4;4;5;5;6;0;0;0;0;0;0;0;14;37; ;0
Chaco;9 DE JULIO;Estatal;Urbano; ; ; ;140;422;514;507;536;489;520;573;565;482;600;560;392;327;274;36; ;1304; ; ; ;57;218;262;266;261;249;257;275;287;234;304;285;169;164;117;28; ;401;0;0;3;0;8;0;6;57;59;29;12;13;0; ; ; ; ; ; ; ;6;4;19;11;46;20;13;160;231;157;89;71;2;0;0;0;7;19;22;22;24;21;23;23;24;21;26;23;19;17;17;2;0;6;0; ;0
Chaco;ALMIRANTE BROWN;Estatal;Rural; ; ; ;41;69;66;99;101;98;74;98;104;82;43;41;27;8;20; ; ; ; ; ; ;22;29;35;44;49;48;37;49;60;49;20;18;11;1;9; ; ; ;0;0;6;0;4;0;5;7;2;4;1;1; ; ; ; ; ; ; ; ;2;4;6;6;5;8;5;14;15;13;3;8; ;0;0;0;4;4;2;3;3;3;1;2;2;3;2;1;1;1;1;0;0;14;56;2;0
Chaco;ALMIRANTE BROWN;Estatal;Urbano; ;4;10;157;525;733;756;790;730;712;779;701;681;570;558;514;463;343;55; ;1472; ;2;4;82;260;389;372;392;370;345;371;365;360;295;301;241;211;159;34; ;443;0;0;23;0;25;0;21;40;48;42;23;17;2; ; ; ; ; ; ; ;15;33;53;58;67;47;56;123;115;162;97;32;8;0;1;1;10;29;38;38;39;39;36;38;38;38;32;28;22;21;18;3;0;2;1; ;0
Chaco;ALMIRANTE BROWN;Privado;Urbano; ; ; ; ;72;60;70;57;75;63;72;63;61;277;284;246;198;179;11; ; ; ; ; ; ;44;38;38;24;37;32;38;28;26;126;119;109;69;67;5; ; ;0;0;3;0;7;0;2;2;12;11;9;1;0; ; ; ; ; ; ; ;3;2;9;6;13;7;8;15;34;28;13;6;1;0;0;0;0;3;3;3;3;3;3;3;3;3;9;9;9;9;9;1;0;0;0; ;0
Chaco;BERMEJO;Estatal;Rural; ; ;9;94;116;181;161;151;179;172;158;176;150;200;173;143;137;93;20; ;82; ; ;6;52;61;98;86;73;78;78;80;86;84;114;109;67;79;59;9; ;25;0;0;7;0;3;0;4;19;15;15;12;0;0; ; ; ; ; ; ; ;1;4;11;16;7;4;13;25;28;24;19;11; ;0;0;0;6;6;7;9;8;8;7;9;7;6;9;9;8;8;6;1;0;13;32; ;0
Chaco;BERMEJO;Estatal;Urbano; ; ; ;134;239;323;353;363;364;355;423;346;344;402;341;290;251;189; ; ;966; ; ; ;74;120;175;167;199;195;181;219;189;158;186;169;140;111;84; ; ;268;0;0;8;0;6;0;6;48;39;29;17;0; ; ; ; ; ; ; ; ; ;9;10;18;10;6;10;104;97;104;64;28; ;0;0;0;10;13;17;18;17;16;17;20;16;16;18;17;13;13;13;0;0;1;4;2;0
Chaco;BERMEJO;Privado;Rural; ; ; ; ;10;10;11;4;14;9;9;10;24;49;34;26;29;19; ; ;26; ; ; ; ;5;7;4;3;10;6;7;8;20;34;22;20;21;13; ; ;19;0;0;2;0;0;0;0;2;2;2;1;0; ; ; ; ; ; ; ; ; ;1;4;2;1;3;13;12;10;11;15;5; ;0;0;0;0;1;1;0;1;1;1;1;1;1;2;2;2;2;2;0;0;0;2; ;0
Chaco;CHACABUCO;Estatal;Rural; ; ; ;32;43;40;70;81;59;65;60;70;55;23;10;11;10;4; ; ; ; ; ; ;20;18;23;39;44;34;37;30;32;34;9;7;8;4;3; ; ; ;0;0;2;0;2;0;3;5;1;1;0;0; ; ; ; ; ; ; ; ;2;4;2;3;2;1;3;10;1;3; ; ; ;0;0;0;1;1;1;2;2;2;2;3;2;2;1;1;1;1;1;0;0;12;30; ;0
Chaco;CHACABUCO;Estatal;Urbano; ; ; ;218;467;456;526;525;500;514;573;526;475;692;638;539;416;274;77; ;684; ; ; ;111;234;217;284;265;264;258;287;267;240;335;304;251;188;114;48; ;141;0;0;18;0;18;0;11;51;87;76;36;19;1; ; ; ; ; ; ;9;32;45;30;58;37;35;47;180;209;217;156;92;3;0;0;0;16;25;23;25;26;24;24;28;24;24;31;26;22;19;18;3;0;3;1; ;0
Chaco;COMANDANTE FERNANDEZ;Estatal;Rural; ; ; ;21;45;37;100;94;113;98;117;102;101; ; ; ; ; ; ; ; ; ; ; ;11;31;16;58;43;53;48;59;52;55; ; ; ; ; ; ; ; ;0;0;11;0;13;0;4; ; ; ; ; ; ; ; ; ; ;2; ; ;4;7;14;20;25;21;26; ; ; ; ; ; ;0;0;0;0;2;1;5;4;7;4;4;5;5;0;0;0;0;0;0;0;12;36; ;0
Chaco;COMANDANTE FERNANDEZ;Estatal;Urbano;2;4;19;339;1134;1346;1444;1478;1544;1479;1555;1583;1466;1837;1453;1190;1002;719;98; ;1820;1;2;9;165;573;665;750;739;768;745;795;802;713;977;735;555;470;329;61; ;484;0;0;83;0;54;0;23;333;312;217;155;24;0; ; ; ; ; ; ; ;37;42;125;96;117;105;210;708;624;472;427;203;6;0;0;2;21;57;62;71;73;71;73;72;73;69;78;66;54;49;45;7;0;9;6; ;0
Chaco;COMANDANTE FERNANDEZ;Privado;Urbano; ;23;38;149;317;350;465;496;508;451;476;469;480;775;688;607;538;474;29; ;2969; ;12;17;80;154;181;212;238;252;239;230;236;237;367;344;297;229;231;29; ;738;0;0;7;0;8;0;13;13;30;16;14;9;0; ; ; ;2; ; ; ;19;20;25;21;25;28;23;39;36;17;26;28;13;0;2;3;10;17;17;21;21;21;20;20;20;21;27;26;25;24;23;3;0;0;0; ;0
Chaco;Enmascarado;Privado;Rural; ; ; ;13;15;21;29;28;26;28;22;23;28;90;57;49;45;38; ; ;121; ; ; ;6;4;8;19;14;14;13;10;13;10;52;28;32;19;29; ; ;53;0;0;0;0;0;0;0;5;5;1;2;2; ; ; ; ; ; ; ; ; ; ; ; ; ; ; ;22;12;7;9;2; ;0;0;0;1;1;2;2;2;1;2;1;1;2;5;4;3;3;3;0;0;0;0; ;0
Chaco;Enmascarado;Privado;Urbano;4;26;32;198;294;290;331;322;326;289;281;250;249;469;441;393;438;384; ; ;2617;3;11;14;74;147;163;165;158;150;153;132;111;126;227;200;180;223;166; ; ;885;0;0;8;0;5;0;0;10;27;15;10;5; ; ; ; ; ;2;2; ;13;1;8;1;5;5;3;56;75;83;63;32; ;1;2;2;11;14;13;16;14;15;14;12;10;10;19;20;19;21;18;0;0;4;0; ;0
Chaco;FRAY JUSTO SANTA MARIA DE ORO;Estatal;Rural; ; ; ;23;30;24;23;28;22;33;43;25;31;39;40;37;33;29; ; ;131; ; ; ;11;16;8;10;16;12;11;19;17;20;19;18;12;14;12; ; ;42;0;0;0;0;0;0;0;5;3;4;0;0; ; ; ; ; ; ; ; ; ; ; ; ; ;1;1;7;10;14;5;3; ;0;0;0;2;1;2;2;1;1;2;2;1;2;4;4;3;3;3;0;0;4;16; ;0
Chaco;FRAY JUSTO SANTA MARIA DE ORO;Estatal;Urbano; ; ; ;79;123;126;125;147;119;138;147;159;125;145;143;100;67;49;16; ;697; ; ; ;39;60;65;66;76;50;58;80;79;68;98;80;63;26;20;12; ;200;0;0;6;0;0;0;2;32;32;10;9;1;0; ; ; ; ; ; ; ; ;1;6;5;2;7;11;53;40;51;31;15;3;0;0;0;6;6;7;6;8;7;7;8;8;7;8;8;6;6;6;2;0;4;2; ;0
Chaco;FRAY JUSTO SANTA MARIA DE ORO;Privado;Urbano; ; ; ;16;29;38;54;50;47;32;31;28;25;71;46;49;54;48; ; ; ; ; ; ;10;17;20;25;25;18;16;18;12;14;37;23;22;16;19; ; ; ;0;0;2;0;0;0;0;0;2;5;0;0; ; ; ; ; ; ; ; ; ; ;2; ; ; ; ; ;2;8;1;2; ;0;0;0;2;2;2;3;3;3;2;2;1;1;3;3;3;3;3;0;0;0;0; ;0
Chaco;GENERAL BELGRANO;Estatal;Rural; ; ; ;3; ;2;11;12;9;11;12;9;12; ; ; ; ; ; ; ; ; ; ; ;2; ;1;10;8;7;5;5;8;7; ; ; ; ; ; ; ; ;0;0;0;0;0;0;0; ; ; ; ; ; ; ; ; ; ; ; ; ;2; ; ; ; ;2; ; ; ; ; ; ; ;0;0;0;0;0;0;1;0;2;2;1;0;0;0;0;0;0;0;0;0;1;9; ;0
Chaco;GENERAL BELGRANO;Estatal;Urbano; ; ; ;111;258;318;309;341;346;272;327;294;284;311;283;183;146;113;20; ;274; ; ; ;55;124;150;172;162;181;135;156;153;138;147;132;82;73;44;14; ;58;0;0;20;0;8;0;4;34;53;32;23;4;0; ; ; ; ; ; ; ;6; ;46;19;34;20;27;120;123;71;74;16; ;0;0;0;5;11;13;13;14;14;12;13;13;13;13;11;9;7;7;1;0;3;0; ;0
Chaco;GENERAL DONOVAN;Estatal;Rural; ; ; ;34;21;18;41;48;51;50;51;45;40;30;24;17;18;11; ; ; ; ; ; ;16;9;5;22;27;23;27;25;23;22;16;11;9;12;8; ; ; ;0;0;0;0;0;0;0;5;12;4;1;1; ; ; ; ; ; ; ; ;1;1; ; ; ;3; ;6;10;4;3;2; ;0;0;0;2;1;1;1;1;2;1;2;1;1;1;1;1;1;1;0;0;3;11; ;0
Chaco;GENERAL DONOVAN;Estatal;Urbano; ; ; ;130;165;202;231;248;242;224;239;247;223;267;222;202;173;144;32; ;708; ; ; ;65;90;104;111;136;117;115;120;121;120;143;115;105;83;74;16; ;229;0;0;1;0;1;0;2;22;15;30;11;6;0; ; ; ; ; ; ; ;5;1;1;5;3;9;4;35;53;38;33;8; ;0;0;0;7;7;11;13;14;14;12;13;11;13;11;10;10;9;8;1;0;9;0; ;0
Chaco;GENERAL GUEMES;Estatal;Rural; ; ; ;187;644;827;1150;1180;1164;1228;1237;1051;982;773;586;449;383;297; ; ;736; ; ; ;89;327;406;578;602;577;641;589;544;505;372;257;207;184;130; ; ;224;0;0;74;0;88;0;43;116;115;93;63;20; ; ; ; ; ; ; ;1;155;174;256;292;323;250;232;334;242;186;140;111; ;0;0;0;10;26;40;50;51;49;48;51;41;42;30;27;24;23;23;0;0;55;231;1;0
Chaco;GENERAL GUEMES;Estatal;Urbano;1;2;1;144;695;842;947;918;1016;934;1030;823;832;1391;933;639;559;370;76; ;2331;0;1;1;69;352;458;472;478;516;460;512;432;406;700;457;320;256;174;49; ;754;0;0;135;0;78;0;41;206;118;86;49;22;0; ; ; ; ; ; ; ;96;138;228;188;252;210;187;711;441;283;268;140;5;0;0;0;6;32;40;47;42;49;43;42;37;33;52;42;38;34;33;3;0;11;22;1;0
Chaco;GENERAL GUEMES;Privado;Rural; ; ; ;11;7;25;23;25;43;27;29;31;32;176;167;91;65;53; ; ;32; ; ; ;6;3;8;11;10;24;11;19;20;18;108;89;50;36;33; ; ;19;0;0;18;0;11;0;5;6;5;3;2;2; ; ; ; ; ; ; ; ;3;11;26;11;19;14;26;78;84;44;21;24; ;0;0;0;0;0;1;2;2;2;2;2;2;2;7;6;5;4;4;0;0;1;0; ;0
Chaco;GENERAL GUEMES;Privado;Urbano; ; ; ;145;148;190;179;185;195;205;212;180;175;264;234;213;201;168; ; ;1440; ; ; ;73;68;89;86;78;90;84;104;84;87;117;115;108;82;71; ; ;723;0;0;1;0;0;0;2;17;12;11;15;2; ; ; ; ; ; ;5; ; ; ;1;2;3;4;2;58;43;44;45;30; ;0;0;0;9;9;8;8;8;8;8;8;7;7;10;10;10;10;10;0;0;0;0; ;0
Chaco;INDEPENDENCIA;Estatal;Rural; ; ; ;3;57;42;66;71;72;69;74;70;77;54;33;43;19;13; ; ; ; ; ; ;1;32;23;28;41;35;34;42;38;38;33;16;25;12;7; ; ; ;0;0;3;0;2;0;0;4;1;3;1;0; ; ; ; ; ; ; ; ; ;2;5; ;2; ;1;7;3;4;8;3; ;0;0;0;0;1;2;3;2;4;3;3;3;4;2;2;1;1;1;0;0;5;27; ;0
Chaco;INDEPENDENCIA;Estatal;Urbano; ; ; ;49;398;444;497;527;450;468;476;470;404;572;428;332;222;219; ; ;366; ; ; ;26;194;213;247;241;247;244;237;235;215;262;198;153;90;85; ; ;109;0;0;33;0;27;0;18;145;72;52;20;2; ; ; ; ; ; ; ; ;23;32;65;70;82;62;42;184;117;95;66;47; ;0;0;0;3;17;20;23;25;21;23;22;21;20;24;18;12;11;10;0;0;8;0; ;0
Chaco;LIBERTAD;Estatal;Rural; ; ; ;35;33;27;42;38;53;45;50;45;52;29;33;25;25;10; ; ; ; ; ; ;18;14;19;28;24;26;19;27;25;26;13;13;12;13;8; ; ; ;0;0;3;0;1;0;4;4;1;4;2;2; ; ; ; ; ; ; ; ; ;1;7; ;3;1;7;10;6;8;4;3; ;0;0;0;1;1;1;2;2;2;2;2;2;2;2;2;2;2;2;0;0;5;7; ;0
Chaco;LIBERTAD;Estatal;Urbano; ;6;17;95;165;188;197;220;190;227;221;191;189;235;243;156;145;143;61; ;303; ;5;10;52;79;93;102;98;97;138;104;105;91;133;122;91;81;66;33; ;82;0;0;2;0;5;0;0;13;14;15;2;6;0; ; ; ; ; ; ; ;2;6;2;2;5;2; ;13;36;32;16;7;3;0;1;1;4;6;9;9;9;8;10;9;8;7;12;11;10;10;9;2;0;6;2; ;0
Chaco;LIBERTADOR GENERAL SAN MARTIN;Estatal;Rural; ; ; ;193;362;446;661;601;614;613;669;601;539;275;174;152;133;93;11; ;237; ; ; ;101;185;226;348;303;293;308;361;320;290;139;85;72;65;37;9; ;46;0;0;66;0;54;0;51;34;21;17;12;3;0; ; ; ; ; ;8; ;104;64;139;131;201;174;153;114;62;41;32;17;4;0;0;0;8;19;20;29;27;26;26;31;26;23;12;11;9;8;8;1;0;26;98; ;0
Chaco;LIBERTADOR GENERAL SAN MARTIN;Estatal;Urbano; ; ; ;210;631;675;764;744;732;696;748;696;681;1245;1086;804;561;469;44; ;2544; ; ; ;99;322;345;395;363;379;344;390;354;369;636;504;414;261;212;29; ;669;0;0;42;0;26;0;21;233;236;163;90;16;0; ; ; ; ;3; ; ;27;28;68;73;69;62;85;481;476;328;233;147;3;0;0;0;11;30;35;35;33;32;31;34;33;29;49;40;35;32;31;2;0;7;4; ;0
Chaco;LIBERTADOR GENERAL SAN MARTIN;Privado;Urbano; ; ;35;56;93;83;81;77;86;84;89;84;91;174;137;130;103;83; ; ;71; ; ;18;33;57;43;37;33;41;40;40;41;47;91;54;68;54;40; ; ;18;0;0;0;0;0;0;0;7;10;2;5;0; ; ; ; ; ; ;8; ; ; ; ; ; ; ; ;28;24;26;25;12; ;0;0;2;4;5;4;4;3;3;3;4;3;4;8;8;6;6;6;0;0;3;0; ;0
Chaco;MAIPU;Estatal;Rural; ; ; ;30;80;87;104;133;117;125;138;108;105;33;16;19;6;7; ; ;5; ; ; ;17;42;44;53;66;57;72;75;46;51;18;7;9;4;2; ; ;3;0;0;5;0;0;0;1;3;3;4;0;0; ; ; ; ; ; ; ; ;13;17;21;24;23;18;16;14;4;6;3;1; ;0;0;0;1;4;3;6;5;5;7;7;6;7;1;1;1;0;0;0;0;16;49;3;0
Chaco;MAIPU;Estatal;Urbano; ; ; ; ;216;259;436;386;417;414;435;361;328;478;412;242;174;137;45; ;803; ; ; ; ;107;137;229;198;213;216;220;173;154;243;218;118;87;63;29; ;256;0;0;30;0;14;0;5;60;80;60;29;4;0; ; ; ; ; ;31;29;17;31;61;50;40;52;14;183;147;106;49;32;3;0;0;0;0;10;13;22;21;20;21;21;18;16;26;19;15;12;12;2;0;1;6;1;0
Chaco;MAYOR LUIS J FONTANA;Estatal;Rural; ; ; ;63;149;145;117;95;108;115;92;92;111;29;29;26;23;24; ; ;98; ; ; ;31;74;74;72;52;64;58;44;51;63;18;18;15;10;8; ; ;14;0;0;6;0;11;0;13;2;3;0;0;0; ; ; ; ; ; ; ; ;5;5;7;24;28;29;21;19;18;11;7;6; ;0;0;0;2;7;7;4;3;3;3;3;5;6;1;1;1;1;1;0;0;15;33; ;0
Chaco;MAYOR LUIS J FONTANA;Estatal;Urbano;1;10;42;218;652;677;837;814;818;785;932;835;834;1241;969;650;501;412;67; ;2157;0;5;20;99;357;362;402;406;421;383;465;450;409;605;472;297;231;184;44; ;363;0;0;40;0;49;0;28;260;253;138;89;13;0; ; ; ; ;6; ; ;12;30;53;56;75;84;71;501;432;298;180;116;17;0;1;3;12;30;30;40;38;39;37;41;38;42;43;40;32;30;30;4;0;9;3; ;0
Chaco;MAYOR LUIS J FONTANA;Privado;Urbano; ; ; ;129;245;253;365;333;361;328;343;342;356;362;334;286;245;243;26; ;818; ; ; ;61;119;139;166;182;178;168;168;165;174;171;170;125;126;105;12; ;279;0;0;1;0;2;0;5;16;17;12;6;2;0; ; ; ; ; ; ; ; ; ;1;1;3;2;10;18;39;20;23;14; ;0;0;0;7;12;11;16;17;16;14;14;14;14;14;14;13;11;11;1;0;3;0; ;0
Chaco;O HIGGINS;Estatal;Rural; ; ; ;49;54;58;54;37;45;52;61;49;68; ; ; ; ; ; ; ; ; ; ; ;21;24;33;29;21;22;22;29;25;40; ; ; ; ; ; ; ; ;0;0;4;0;8;0;8; ; ; ; ; ; ; ; ; ; ; ; ; ;2; ;4;7;11;5;18; ; ; ; ; ; ;0;0;0;4;3;3;1;1;1;1;5;2;2;0;0;0;0;0;0;0;13;30; ;0
Chaco;O HIGGINS;Estatal;Urbano; ; ; ;79;332;322;375;327;329;302;411;353;351;465;452;282;223;162;27; ;1370; ; ; ;47;171;167;187;158;169;148;220;170;173;246;223;118;95;59;8; ;385;0;0;17;0;17;0;4;68;94;66;11;3;0; ; ; ; ; ; ; ;3;3;22;5;27;14;13;157;154;105;73;41; ;0;0;0;5;17;15;20;18;18;16;20;19;18;23;19;15;14;13;1;0;1;1; ;0
Chaco;O HIGGINS;Privado;Urbano; ; ; ; ;33;25;37;24;38;35;38;37;33;71;78;78;55;40; ; ;162; ; ; ; ;17;12;20;13;21;16;20;24;15;36;46;46;34;26; ; ;82;0;0;0;0;0;0;0;1;3;4;0;2; ; ; ; ; ; ; ; ; ; ; ; ; ; ; ;1;3;5; ;2; ;0;0;0;0;1;1;2;2;2;2;2;2;2;4;4;4;3;2;0;0;0;0; ;0
Chaco;PRESIDENCIA DE LA PLAZA;Estatal;Rural; ; ; ;7;8;8;53;59;42;60;55;56;56; ; ; ; ; ; ; ; ; ; ; ;3;8;6;25;28;22;29;27;23;35; ; ; ; ; ; ; ; ;0;0;0;0;2;0;2; ; ; ; ; ; ; ; ; ; ; ; ; ;2;3; ;4;4;1;6; ; ; ; ; ; ;0;0;0;0;0;0;2;2;1;2;1;2;2;0;0;0;0;0;0;0;4;19; ;0
Chaco;PRESIDENCIA DE LA PLAZA;Estatal;Urbano; ; ; ;89;202;266;246;244;234;238;258;220;220;266;277;215;167;128;35; ;400; ; ; ;44;107;143;145;135;123;113;120;114;115;151;135;103;69;59;17; ;122;0;0;4;0;3;0;0;33;58;39;15;2;0; ; ; ; ; ; ; ;3;2;5;9;9;1;7;68;107;101;34;39; ;0;0;0;4;9;12;11;11;11;11;11;9;10;12;10;9;8;7;2;0;4;2; ;0
Chaco;QUITILIPI;Estatal;Rural; ; ; ;61;111;107;177;169;158;160;199;165;154;62;52;48;57;43; ; ;3; ; ; ;27;57;64;97;86;76;84;111;76;78;32;28;28;25;15; ; ;2;0;0;11;0;5;0;5;0;8;5;0;0; ; ; ; ; ; ; ; ;27;15;16;7;17;17;12;8;15;8;8;4; ;0;0;0;1;2;2;12;6;7;6;5;6;5;5;4;4;4;4;0;0;22;59; ;0
Chaco;QUITILIPI;Estatal;Urbano; ; ;36;73;409;463;552;519;512;516;512;490;421;655;564;438;372;296;32; ;981; ; ;20;36;191;238;295;268;281;259;277;234;223;367;282;215;151;131;17; ;312;0;0;38;0;18;0;12;98;108;74;34;23;2; ; ; ; ; ; ; ;47;62;112;78;64;66;53;202;204;146;73;59;3;0;0;3;4;20;24;27;25;26;27;26;26;23;29;25;23;20;20;3;0;3;3; ;0
Chaco;SAN FERNANDO;Estatal;Rural; ; ;32;88;138;187;101;73;93;101;108;107;96;64;90;77;48;59; ; ;479; ; ;19;43;52;85;50;39;50;55;55;56;44;26;51;37;26;33; ; ;93;0;0;0;0;0;0;2;4;14;7;2;0; ; ; ; ; ; ; ; ;1; ; ;2;1; ;5;11;22;17; ;5; ;0;0;2;5;6;8;5;2;2;3;2;6;6;5;4;4;4;4;0;0;7;20; ;0
Chaco;SAN FERNANDO;Estatal;Urbano;14;88;416;2078;4077;4778;5900;5993;6163;6253;6942;6309;6203;6895;6485;5384;4695;4035;620; ;12037;6;45;209;993;2054;2399;2928;3079;3115;3135;3518;3151;3117;3546;3212;2648;2329;1929;370; ;4094;0;0;152;0;140;0;53;647;637;454;353;212;0; ; ; ; ;3; ; ;107;88;247;224;299;265;234;1432;1525;1262;1001;694;78;2;6;33;143;213;235;274;269;268;275;285;273;272;299;259;219;200;191;25;0;52;17; ;0
Chaco;SAN FERNANDO;Privado;Urbano;103;279;436;849;1301;1615;1561;1529;1611;1621;1679;1585;1567;1952;1906;1686;1442;1280;3; ;11521;46;143;235;440;679;780;756;773;767;819;825;747;783;957;888;734;719;611;2; ;3240;0;0;17;0;23;0;13;139;140;71;21;26;3; ;11; ;2; ;21; ;58;23;26;24;37;27;18;431;315;246;193;134;1;9;24;31;56;85;96;69;67;68;69;67;63;64;75;75;70;61;56;1;0;26;1; ;0
Chaco;SAN LORENZO;Estatal;Rural; ; ; ;45;58;62;98;106;122;98;110;99;86;48;19;16;21;10; ; ; ; ; ; ;29;31;29;50;50;70;49;60;47;43;30;4;6;10;3; ; ; ;0;0;4;0;3;0;7;6;3;1;1;0; ; ; ; ; ; ; ; ;3;1;13;8;9;4;10;17;4;7;4;3; ;0;0;0;1;2;2;4;4;4;3;2;3;2;2;2;2;2;2;0;0;9;38; ;0
Chaco;SAN LORENZO;Estatal;Urbano; ; ; ;69;198;274;274;238;262;242;275;215;217;361;265;205;143;110;17; ;524; ; ; ;34;110;132;151;113;132;123;152;103;123;195;125;96;64;43;11; ;169;0;0;3;0;17;0;7;77;76;41;13;0;0; ; ; ; ; ; ; ; ;12;8;17;38;24;21;133;97;63;39; ; ;0;0;0;2;7;11;13;12;13;12;13;11;11;14;12;8;8;8;2;0;6;0; ;0
Chaco;SARGENTO CABRAL;Estatal;Rural; ; ; ;36;57;74;99;109;91;130;122;119;97;44;39;27;24;19; ; ; ; ; ; ;14;32;34;54;53;43;72;58;62;55;25;20;10;11;11; ; ; ;0;0;1;0;0;0;1;5;6;3;2;0; ; ; ; ; ; ; ; ;3;2;1;8; ; ;5;7;8;3;3;1; ;0;0;0;2;3;3;2;2;2;4;2;2;3;3;2;2;2;2;0;0;6;42; ;0
Chaco;SARGENTO CABRAL;Estatal;Urbano; ; ; ;155;262;269;263;264;250;282;287;257;260;275;280;213;240;198; ; ;1576; ; ; ;79;136;136;128;128;114;145;138;118;125;113;130;102;105;87; ; ;468;0;0;0;0;1;0;3;15;24;7;3;2; ; ; ; ; ;5;7; ; ; ; ; ;1; ;4;34;47;20;18;9; ;0;0;0;9;13;13;13;12;12;13;13;12;12;16;15;12;12;12;0;0;2;2; ;0
Chaco;TAPENAGA;Estatal;Rural; ; ; ;34;59;60;70;60;62;70;79;51;70;86;64;52;42;36; ; ;479; ; ; ;18;25;28;36;33;37;33;43;26;42;34;38;19;22;19; ; ;71;0;0;2;0;0;0;0;17;11;6;8;1; ; ; ; ; ; ; ; ;1;5;3;1;5;2;4;29;15;15;10;8; ;0;0;0;2;3;3;3;3;3;4;4;3;3;5;4;3;3;3;0;0;4;10; ;0
Chubut;BIEDMA;Estatal;Urbano;2;4;10;789;975;1200;1292;1287;1344;1591;1542;1573;1829;1746;1732;1618;1276;1133;200; ;697;1;3;3;391;492;592;630;668;710;789;769;805;1000;890;872;831;589;536;124; ;143;2;3;10;6;4;3;168;204;212;141;104;48;12; ; ; ; ; ; ; ;3;3;10;6;4;3;397;482;615;571;345;295;52;0;0;1;42;19;36;57;59;59;69;66;66;70;69;71;63;54;52;11;0;78;0; ;0
Chubut;BIEDMA;Privado;Urbano;11;28;94;114;145;138;140;151;199;194;191;202;247;225;258;219;188;174; ; ;458;8;16;44;67;79;72;70;77;93;103;91;93;127;110;145;110;97;71; ; ;81;0;0;0;0;0;0;0;0;0;0;1;1; ; ;6; ; ; ; ; ;20;26;32;28;42;33;3;2;30;15;5;10; ;1;1;4;4;4;4;9;9;9;9;10;8;9;8;9;8;7;7;0;0;14;0;2;0
Chubut;CUSHAMEN;Estatal;Rural;14;26;33;147;238;247;328;311;372;391;363;425;354;364;354;351;297;299;87; ;488;10;17;14;61;131;119;174;152;179;193;196;226;195;196;176;172;136;152;55; ;140;1;3;6;3;5;3;14;16;20;10;8;11;0; ;1;2; ; ; ; ;16;3;6;3;5;3;73;79;102;95;68;42;3;4;6;4;8;11;10;19;17;20;20;21;24;18;18;19;15;16;15;4;0;26;12;4;0
Chubut;Enmascarado;Estatal;Rural; ; ;7;63;75;77;97;104;118;111;120;125;64;65;46;46;35;29;12; ; ; ; ;6;33;44;38;45;68;58;61;56;72;37;37;20;29;15;10;5; ; ;0;0;1;2;4;1;7;15;12;10;2;0;0; ; ; ; ; ;8; ; ; ;1;2;4;1;18;21;25;20;10;8;2;0;0;1;3;3;5;5;5;6;5;6;7;4;4;4;3;3;3;1;0;6;4; ;0
Chubut;Enmascarado;Estatal;Urbano;4;31;108;69;103;90;74;84;76;91;62;78;201;106;114;139;107;94; ;21;187;0;16;57;35;55;40;27;41;28;39;23;36;97;50;61;65;49;51; ;9;21;0;1;0;6;1;6;45;10;10;23;8;6; ;17; ; ; ; ; ; ; ;1; ;6;1;6;60;26;14;49;34;20; ;0;2;10;5;3;2;4;5;4;4;3;3;8;6;6;5;6;5;0;0;10;2; ;0
Chubut;Enmascarado;Privado;Rural; ; ; ; ;4;10;18;14;15;11;17;17;25;24;20;17;20;27;20; ; ; ; ; ; ;2;0;7;9;9;7;10;10;8;9;9;8;7;12;10; ; ;0;0;0;0;0;0;1;4;0;3;3;0;0; ; ; ; ; ;2;5;9;6;7;4;6;11;1;4;3;3;5;3;2;0;0;0;0;1;1;1;1;1;1;1;1;1;1;1;1;1;1;1;0;0;0; ;0
Chubut;Enmascarado;Privado;Urbano; ; ; ;11;11;13;20;15;19;22;18;22;73;69;63;73;45;45; ; ; ; ; ; ;6;5;8;6;8;9;11;9;17;45;39;31;37;20;25; ; ; ;0;0;0;0;0;0;3;0;1;2;0;0; ; ; ; ; ; ; ; ; ; ; ; ; ; ;3;2;1;6;3;8; ;0;0;0;1;1;1;1;1;1;1;1;1;3;3;3;3;3;2;0;0;0;0; ;0
Chubut;ESCALANTE;Estatal;Urbano;9;32;125;961;1687;1917;2164;2452;2507;2752;2749;2704;3116;3080;3092;3014;2660;2432;472; ;2373;4;11;63;492;843;1000;1102;1250;1323;1412;1384;1359;1580;1626;1528;1497;1292;1170;276; ;830;2;45;48;66;51;37;125;165;167;140;110;10;2; ; ; ; ;2; ; ;35;91;91;122;115;106;303;654;692;821;650;504;35;2;4;10;62;69;77;118;129;129;136;133;131;120;116;117;112;108;103;20;0;76;1; ;0
Chubut;ESCALANTE;Privado;Urbano;27;101;295;477;657;761;844;858;869;910;916;909;769;763;759;745;688;638;134; ;813;14;50;167;240;349;360;411;423;434;454;476;473;422;424;389;412;332;320;105; ;153;0;4;3;2;5;2;10;4;9;11;13;3;0; ; ;15;12;11;2;7;3;7;4;7;8;11;27;37;48;39;47;40;10;3;11;23;35;42;50;36;35;36;37;36;36;28;28;27;28;28;27;4;0;18;0; ;0
Chubut;FUTALEUFU;Estatal;Rural; ; ;1;34;60;61;59;83;60;72;80;70;123;125;108;85;67;72;34; ; ; ; ;0;18;34;35;33;44;30;38;35;35;66;58;56;42;38;33;23; ; ;1;1;2;0;2;1;11;16;11;4;3;0;0; ; ; ; ; ; ; ;1;1;2; ;2;1;22;42;48;35;23;21;6;0;0;1;2;3;4;4;4;4;4;4;4;5;5;5;3;3;3;1;0;6;13;13;0
Chubut;FUTALEUFU;Estatal;Urbano;35;145;217;313;372;458;471;536;618;594;593;675;802;781;683;639;556;470;84; ;1265;21;78;108;156;192;218;237;283;302;276;302;329;419;434;346;341;257;204;50; ;301;1;5;9;4;7;3;99;114;97;67;26;7;1; ; ; ; ; ; ; ;2;7;12;4;7;5;191;263;230;247;178;133;14;4;17;20;23;20;24;27;30;33;31;30;37;35;35;32;28;28;27;5;0;25;2;2;0
Chubut;FUTALEUFU;Privado;Urbano;1;12;22;34;57;66;122;113;114;110;105;107;131;119;108;116;108;100; ; ; ;1;8;10;15;26;32;56;59;56;52;51;48;66;59;46;54;45;43; ; ; ;0;0;1;2;0;0;0;1;1;4;2;3; ; ; ; ; ; ; ; ; ; ;1;2; ; ;2;3;12;4;5;11; ;0;0;0;1;3;3;6;5;5;5;5;5;5;5;4;4;4;4;0;0;5;0; ;0
Chubut;GAIMAN;Estatal;Rural; ; ; ;12;26;56;67;79;79;65;88;67;146;153;127;121;111;98;78; ; ; ; ; ;4;19;22;30;45;42;41;42;30;78;91;58;56;55;47;41; ; ;0;0;0;0;0;0;8;18;16;5;16;10;21; ; ; ; ; ; ; ; ; ; ; ; ; ;15;25;29;17;22;19;25;0;0;0;0;0;2;4;5;5;4;5;4;7;7;7;5;5;4;3;0;4;1;2;0
Chubut;GAIMAN;Estatal;Urbano; ; ; ;58;79;97;84;91;98;123;102;115;98;94;133;109;98;56;21; ; ; ; ; ;32;39;57;40;45;57;65;48;52;54;54;73;46;50;27;10; ; ;0;0;0;0;0;0;4;6;31;24;23;14;0; ; ; ; ; ; ; ; ; ; ; ; ; ;19;25;62;50;54;28;3;0;0;0;3;3;4;5;7;7;9;8;8;5;4;6;5;5;3;1;0;6;0; ;0
Chubut;GAIMAN;Privado;Urbano; ; ;11;18;33;34;21;17;17;14;19;18;128;129;123;127;115;111; ; ; ; ; ;6;10;15;19;10;8;7;4;6;7;58;53;59;51;49;51; ; ; ;0;0;0;0;0;0;2;3;3;6;3;0; ; ; ; ; ; ; ; ; ; ; ; ; ; ;4;3;11;11;11;9; ;0;0;1;2;2;2;1;1;1;1;1;1;5;5;5;3;3;5;0;0;1;1; ;0
Chubut;GASTRE;Estatal;Rural; ; ; ;6;7;11;16;14;20;18;15;27;12;17;11;17;14;10; ; ; ; ; ; ;0;5;3;8;9;12;11;8;20;7;10;6;10;8;6; ; ; ;1;2;1;1;0;1;1;1;0;0;0;0; ; ; ; ; ; ; ; ;1;2;1;1; ;1;1;3;2;1; ;1; ;0;0;0;0;1;1;2;1;3;1;3;3;2;2;2;2;1;2;0;0;2;3;2;0
Chubut;LANGUIÑEO;Estatal;Rural; ; ;9;29;20;28;39;41;50;44;35;39;28;40;37;38;24;34; ; ; ; ; ;7;12;14;12;25;20;25;25;18;18;16;25;12;24;10;15; ; ; ;0;0;0;3;0;1;4;6;3;3;2;0; ; ; ; ; ; ; ; ; ; ; ;3; ;1;10;11;13;10;7;8; ;0;0;1;1;1;1;1;1;3;2;2;2;1;1;1;1;1;1;0;0;3;6;8;1
Chubut;PASO DE INDIOS;Estatal;Rural; ; ; ;11;25;12;20;25;30;30;25;21;26;22;34;30;21;14; ; ; ; ; ; ;4;9;9;8;14;14;17;8;10;16;12;13;14;16;7; ; ; ;0;0;3;0;1;0;3;1;3;1;2;0; ; ; ; ; ; ; ; ; ; ;3; ;1; ;3;3;13;8;6;5; ;0;0;0;1;3;2;2;3;3;3;1;2;1;1;2;1;1;1;0;0;1;1;3;0
Chubut;RAWSON;Estatal;Rural; ; ; ;7;41;35;64;67;62;62;67;67; ; ; ; ; ; ; ; ; ; ; ; ;2;16;19;32;34;38;34;30;37; ; ; ; ; ; ; ; ; ;0;1;1;1;0;1; ; ; ; ; ; ; ; ; ; ; ; ; ; ; ;1;1;1; ;1; ; ; ; ; ; ; ;0;0;0;0;1;2;4;4;4;4;4;4;0;0;0;0;0;0;0;0;3;0; ;0
Chubut;RAWSON;Estatal;Urbano;59;156;315;863;1383;1455;1583;1682;1829;1796;2011;1907;2238;2198;2176;1973;1821;1475;153; ;2547;33;85;160;436;723;729;814;830;917;943;993;980;1177;1066;1079;1020;900;723;90; ;679;1;12;15;16;7;6;223;281;268;182;116;43;4; ;10; ;18;12;31; ;10;22;33;18;11;9;480;645;797;733;708;500;41;8;14;25;56;65;67;81;89;89;97;97;95;94;96;94;87;81;75;9;0;69;0; ;0
Chubut;RAWSON;Privado;Urbano;18;50;101;206;257;280;307;332;346;316;336;327;321;315;308;313;317;268; ; ;1045;10;24;56;111;134;136;152;161;163;165;154;174;149;152;140;151;147;123; ; ;316;0;0;0;0;0;0;0;3;4;0;3;0; ; ; ; ; ; ; ; ; ; ; ;1; ; ;14;18;14;23;10;14; ;6;6;9;14;12;13;15;15;16;16;14;13;9;8;8;9;8;8;0;0;12;0;2;0
Chubut;RIO SENGUER;Estatal;Rural; ; ; ;15;31;42;75;82;67;81;77;84;39;43;43;40;26;30;20; ; ; ; ; ;10;19;14;35;37;35;38;39;42;18;21;29;15;11;16;10; ; ;1;2;4;2;3;1;1;2;6;3;0;1;0; ; ; ; ; ; ; ;1;2;6;2;4;3;1;18;16;19;1;3; ;0;0;0;1;2;2;6;5;5;7;6;5;2;2;2;2;2;2;1;0;5;6;6;0
Chubut;SARMIENTO;Estatal;Rural; ; ; ;4;14;17;36;26;31;26;24;29;3;4; ;2;2;1; ; ; ; ; ; ;2;9;9;20;8;14;13;15;12;1;2; ;0;0;1; ; ; ;0;2;0;0;1;0;0;0; ;0;0;0; ; ; ; ; ; ; ; ; ;2; ; ;1; ; ; ; ; ; ; ; ;0;0;0;1;1;1;2;2;2;2;2;2;1;1;0;1;1;1;0;0;2;2; ;0
Chubut;SARMIENTO;Estatal;Urbano;14;19;40;83;151;176;188;210;205;208;229;204;239;241;283;182;155;137;40; ;142;5;7;21;43;76;93;104;105;118;111;115;85;130;124;145;87;85;65;25; ;30;1;8;9;6;3;1;26;32;46;20;6;0;0; ;6; ; ; ; ; ;9;11;16;10;7;1;95;75;150;63;37;41;6;2;2;4;6;7;9;10;10;10;11;10;10;10;9;9;8;6;6;2;0;4;0; ;0
Chubut;TEHUELCHES;Estatal;Rural; ; ;7;52;68;64;65;88;112;101;109;97;129;125;120;87;73;54;32; ;47; ; ;4;34;35;25;40;49;53;59;56;51;62;73;59;45;27;23;16; ;8;0;1;0;0;2;3;7;20;21;12;7;1;0; ; ; ; ; ; ; ;10;1; ; ;2;3;31;40;49;34;28;11;7;0;0;1;3;4;4;5;5;7;6;6;5;7;6;6;5;4;3;1;0;3;2; ;0
Chubut;TELSEN;Estatal;Rural; ; ; ;3;20;16;14;20;15;24;12;17;31;26;25;18;16;17; ; ; ; ; ; ;1;10;11;8;12;10;15;5;6;18;16;12;10;7;6; ; ; ;0;0;0;0;0;0;4;7;3;2;1;0; ; ; ; ; ; ; ; ; ; ; ; ; ; ;5;10;9;5;2;5; ;0;0;0;0;1;2;2;2;2;2;2;2;2;2;2;2;2;2;0;0;2;2;3;0
Ciudad de Buenos Aires;Comuna 1;Estatal;Urbano;78;234;447;710;1000;1089;1136;1184;1292;1323;1386;1323;1331;2060;2330;2107;1931;1678;596;187;7061;44;127;233;359;486;539;619;594;679;684;703;684;700;1068;1264;1132;1013;878;390;116;2486;0;10;19;27;31;26;24;52;268;185;135;34;1;18; ; ; ; ; ;3;71;73;71;110;152;138;136;313;662;559;472;388;141;22;34;28;37;44;50;63;61;62;61;62;59;60;100;98;93;88;85;28;0;2;0; ;0
Ciudad de Buenos Aires;Comuna 1;Privado;Urbano;7;62;261;547;642;762;813;782;980;1040;1053;1012;1084;1450;1496;1382;1315;1210;160; ;21806;2;30;119;259;277;344;348;338;425;460;496;448;492;697;736;666;609;570;127; ;10740;2;4;8;10;13;20;9;8;86;43;20;6;0; ; ; ;1;1; ;9;3;10;15;23;29;35;25;73;163;143;106;113;18;1;6;18;36;41;42;39;38;41;41;41;39;39;52;52;47;49;49;8;0;2;1; ;0
Ciudad de Buenos Aires;Comuna 10;Estatal;Urbano;35;172;305;531;636;843;999;1109;1215;1244;1290;1328;1346;1390;1450;1296;1142;975;401; ;569;20;87;165;260;340;417;510;573;601;609;666;678;664;746;803;685;620;527;278; ;104;0;24;19;16;20;21;17;21;136;96;78;21;0; ; ; ; ; ; ; ;24;52;56;63;75;80;91;196;287;349;283;247;87;7;23;22;27;31;37;69;66;66;68;67;67;70;64;59;54;51;46;17;0;28;0; ;0
Ciudad de Buenos Aires;Comuna 10;Privado;Urbano; ;30;324;513;553;719;803;872;928;997;1023;1044;1018;1054;1229;1128;1121;991;51; ;1450; ;16;168;253;268;375;412;445;446;515;495;510;487;517;630;572;574;482;44; ;595;0;7;4;2;1;2;0;4;101;68;49;20;2; ; ; ;7; ;4;12;11;16;13;13;13;10;13;28;134;127;105;75;2;0;2;24;33;34;38;40;40;42;42;43;42;42;43;44;42;42;42;2;0;7;0; ;0
Ciudad de Buenos Aires;Comuna 11;Estatal;Urbano;15;54;194;387;461;599;873;999;1119;1182;1242;1211;1245;863;971;967;825;729;190; ;735;8;25;99;206;236;301;450;509;587;630;639;641;654;457;530;530;450;399;114; ;89;0;8;12;18;18;24;18;26;103;98;37;39;0; ; ; ;4; ; ;1;2;22;25;48;61;64;44;124;200;261;227;196;31;2;6;12;19;22;35;66;66;66;67;66;66;67;45;44;41;38;37;11;0;18;0; ;0
Ciudad de Buenos Aires;Comuna 11;Privado;Urbano;5;20;601;877;973;1086;1187;1232;1290;1346;1427;1445;1454;1348;1480;1379;1381;1278; ; ;98;3;12;303;464;515;551;577;618;647;664;717;714;697;608;699;621;614;597; ; ;19;1;1;1;2;2;2;0;7;40;36;16;5; ; ;3; ;11; ;9;17;7;3;5;5;5;6;4;25;51;76;45;44; ;1;4;46;52;53;55;52;57;57;57;57;58;56;52;52;52;51;50;0;0;6;1; ;0
Ciudad de Buenos Aires;Comuna 12;Estatal;Urbano;64;207;380;582;679;788;915;1020;1077;1189;1215;1223;1206;805;943;852;864;707;149; ;741;35;107;194;297;346;426;493;489;539;588;626;649;622;483;531;487;491;396;123; ;128;1;19;16;21;15;25;29;19;124;113;90;42;3; ; ; ; ; ; ;1;3;31;28;35;51;64;61;64;192;202;242;176;52;9;24;23;28;35;42;61;63;63;62;61;61;62;43;44;40;42;39;9;0;9;0; ;0
Ciudad de Buenos Aires;Comuna 12;Privado;Urbano;19;124;516;786;831;1054;1114;1159;1277;1341;1379;1400;1440;1366;1420;1383;1380;1315;104; ;1168;10;71;261;381;411;524;533;580;620;636;734;690;690;651;730;635;679;648;88; ;293;1;1;2;0;2;2;2;14;41;28;31;39;1; ; ;3; ; ;1;10;3;4;5;4;5;6;6;33;59;60;67;50;4;5;12;38;45;47;54;52;53;54;55;58;55;57;52;52;52;54;53;4;0;8;0; ;0
Ciudad de Buenos Aires;Comuna 13;Estatal;Urbano;69;163;305;343;375;462;596;654;706;761;776;779;802;1154;1368;1233;1114;987;384;69;3473;34;89;147;174;209;216;293;328;368;410;389;402;398;602;734;633;545;469;235;47;1305;1;5;10;15;8;14;17;15;200;118;75;21;1;0; ; ;11;11;4;12;17;22;30;49;35;49;51;144;325;335;263;208;68;14;19;21;19;19;20;39;40;39;41;41;40;41;60;62;58;54;52;20;0;4;0; ;0
Ciudad de Buenos Aires;Comuna 13;Privado;Urbano;17;278;1091;1523;1667;1858;1979;2016;2065;2212;2313;2331;2445;2661;2869;2910;2764;2682;28; ;5818;8;139;532;782;831;917;972;982;1038;1115;1179;1113;1300;1384;1477;1487;1382;1369;24; ;2289;2;3;3;5;3;3;2;3;19;28;17;4;0; ; ; ;1;4;12;15;16;12;10;26;19;25;24;91;138;167;190;145; ;2;29;78;93;99;98;97;94;97;97;98;96;102;108;113;107;107;107;1;0;14;4; ;0
Ciudad de Buenos Aires;Comuna 14;Estatal;Urbano;66;213;400;467;549;644;673;762;826;944;965;888;973;755;938;910;928;848;148; ;3901;37;111;208;254;272;324;346;386;433;479;495;440;490;357;486;465;444;430;96; ;980;0;16;17;10;9;17;9;10;91;88;51;21;11; ; ; ; ; ; ;2;3;20;32;29;32;43;39;60;183;188;195;134;19;15;29;28;31;33;34;47;47;48;48;51;48;49;41;40;42;38;37;8;0;1;0; ;0
Ciudad de Buenos Aires;Comuna 14;Privado;Urbano;20;228;806;1082;1151;1195;1195;1299;1327;1449;1407;1496;1382;1269;1318;1299;1266;1187;41; ;3145;8;114;431;561;567;603;607;676;666;730;659;722;675;612;624;624;596;593;38; ;900;0;5;6;3;5;4;3;3;37;26;8;1;0; ; ;2; ;2;3;7;6;15;18;17;29;11;14;40;106;110;81;70;1;3;23;58;67;66;66;62;63;64;63;63;61;62;53;53;39;42;43;2;0;5;2; ;0
Ciudad de Buenos Aires;Comuna 15;Estatal;Urbano;31;56;168;305;426;516;737;817;887;941;956;894;985;721;868;820;695;614;259; ;3058;18;31;90;146;202;291;379;426;462;472;495;454;520;441;537;507;419;390;182; ;1796;0;13;10;19;17;13;9;7;94;57;45;16;0; ; ; ; ; ; ;1;5;26;31;48;56;37;62;87;218;175;157;134;57;7;8;12;21;24;28;57;56;52;53;52;52;54;42;39;36;32;31;11;0;4;0; ;0
Ciudad de Buenos Aires;Comuna 15;Privado;Urbano;2;134;361;435;506;684;612;676;711;808;791;792;814;792;812;798;723;757; ; ;2929;0;72;163;217;248;333;316;352;335;387;405;404;392;374;397;393;347;371; ; ;1230;0;1;3;1;0;4;0;0;19;10;18;12; ; ; ; ; ;12;6;11;16;16;20;22;18;17;20;15;34;53;49;43; ;1;12;29;31;30;35;31;31;31;33;34;33;33;31;31;29;29;32;0;0;7;0; ;0
Ciudad de Buenos Aires;Comuna 2;Estatal;Urbano;53;122;182;155;195;241;425;435;477;509;530;502;511;1014;1092;1105;988;924;61; ;1789;17;48;83;89;101;111;206;212;245;251;262;237;254;524;534;569;454;471;34; ;228;0;5;2;7;4;3;2;8;95;61;36;5;0; ; ; ; ; ; ; ;1;5;12;21;20;23;21;76;205;217;208;177; ;10;16;12;10;11;14;20;20;21;21;21;21;21;46;45;44;42;40;2;0;0;0; ;0
Ciudad de Buenos Aires;Comuna 2;Privado;Urbano;5;133;368;610;722;739;796;790;852;895;893;842;891;721;798;807;780;704; ; ;3154;3;69;164;306;373;370;410;381;418;429;461;424;466;339;362;404;397;373; ; ;1452;0;2;1;1;1;0;0;2;14;16;7;2; ; ; ;16; ;1;2;6;5;5;10;13;8;11;14;49;86;89;74;69; ;1;8;26;39;45;42;40;39;39;38;40;38;38;32;34;36;35;33;0;0;16;0; ;0
Ciudad de Buenos Aires;Comuna 3;Estatal;Urbano;36;117;273;391;678;790;1013;1073;1142;1227;1330;1205;1278;1595;1731;1554;1438;1231;339; ;11642;21;51;148;193;340;415;518;561;580;624;675;609;656;904;989;882;826;663;270; ;4183;0;17;24;21;15;16;17;15;204;112;84;48;0; ; ; ;13;14;20;25;17;32;68;74;91;92;89;179;383;368;469;281;75;10;21;18;24;35;41;69;59;60;63;63;62;64;78;76;71;68;63;17;0;5;0; ;0
Ciudad de Buenos Aires;Comuna 3;Privado;Urbano;23;69;358;673;815;929;944;1030;1100;1149;1173;1190;1163;1203;1338;1225;1239;1114; ; ;21722;13;38;187;333;438;500;490;535;552;620;588;600;590;566;625;587;593;503; ; ;10422;1;3;4;3;6;4;1;1;49;41;30;2; ; ; ; ; ;2;1;4;3;7;10;13;15;22;16;52;89;111;107;62; ;3;5;26;38;46;48;44;47;48;46;50;51;51;49;48;50;49;51;0;0;2;0; ;0
Ciudad de Buenos Aires;Comuna 4;Estatal;Urbano;126;340;571;998;1458;1818;2116;2352;2503;2662;2688;2630;2633;2316;2566;2181;1811;1523;495;187;4315;68;202;303;508;745;933;1128;1230;1262;1359;1404;1360;1341;1230;1400;1125;907;782;304;132;1286;5;50;50;54;54;52;37;120;275;245;157;41;3;9; ; ; ;2; ;3;52;93;151;190;229;192;253;425;681;682;545;485;119;39;50;40;71;80;100;125;114;116;116;116;114;116;119;111;95;84;76;26;0;3;1; ;0
Ciudad de Buenos Aires;Comuna 4;Privado;Urbano;9;45;163;512;636;806;1013;1065;1117;1179;1221;1207;1173;1134;1129;1033;924;821; ; ;476;1;24;86;247;326;382;526;522;539;581;558;568;590;509;464;445;394;376; ; ;119;0;7;6;10;5;2;1;1;60;26;16;3; ; ; ; ; ; ; ;6;3;9;20;19;16;20;17;80;86;99;97;71; ;1;2;11;33;43;43;43;45;45;45;45;45;44;36;34;33;32;32;0;0;1;0; ;0
Ciudad de Buenos Aires;Comuna 5;Estatal;Urbano;59;164;311;423;461;509;515;645;698;798;827;824;816;879;1114;968;880;748;170; ;3574;26;73;151;215;253;279;244;299;360;439;425;449;417;459;621;529;482;419;121; ;1674;0;2;3;7;8;7;7;9;134;77;56;31;0; ; ; ; ; ; ;2;11;4;18;34;48;48;41;247;525;422;353;312;118;12;24;20;22;26;29;40;40;41;42;42;42;42;52;52;45;45;44;11;0;6;0; ;0
Ciudad de Buenos Aires;Comuna 5;Privado;Urbano;13;35;227;478;537;651;788;869;974;952;1033;1090;1064;1511;1676;1628;1488;1438;48; ;4261;7;13;126;254;277;320;411;460;513;471;517;560;543;772;891;844;758;766;43; ;1417;0;2;3;3;2;2;0;4;37;27;17;4;0; ; ; ; ; ;1;5; ;4;9;11;11;16;5;44;108;95;85;67;5;2;3;15;29;30;32;35;36;37;36;36;38;39;51;54;53;50;46;2;0;5;0; ;0
Ciudad de Buenos Aires;Comuna 6;Estatal;Urbano;16;100;302;400;476;598;756;788;898;941;1017;904;943;1352;1687;1585;1418;1233;229; ;3861;8;46;143;216;226;294;387;407;433;457;532;454;475;662;915;804;737;599;166; ;601;1;5;4;9;4;7;6;30;363;214;113;13;0; ; ; ; ; ; ;1;12;17;30;34;41;43;30;172;535;494;483;330;56;4;17;22;25;30;30;43;42;42;41;45;44;45;66;70;66;61;56;11;0;4;0; ;0
Ciudad de Buenos Aires;Comuna 6;Privado;Urbano; ;36;307;682;859;992;978;1040;1091;1150;1174;1191;1212;1331;1380;1280;1229;1216; ; ;3077; ;13;145;351;428;493;498;523;523;571;623;604;621;630;649;598;596;568; ; ;1232;0;0;2;0;0;0;0;5;33;24;10;3; ; ; ;5; ; ;2;8;2;5;13;9;5;7;19;45;89;107;93;91; ;0;3;25;38;49;54;43;46;47;45;48;47;48;49;47;47;47;47;0;0;5;0; ;0
Ciudad de Buenos Aires;Comuna 7;Estatal;Urbano;60;145;282;543;833;976;1120;1251;1336;1421;1531;1489;1510;1166;1265;1133;1045;865;256;123;1768;26;74;144;261;417;482;548;606;679;726;739;785;778;512;615;506;481;390;110;92;924;0;7;4;9;10;11;20;29;149;135;113;24;0;7; ; ; ; ; ; ;8;12;15;45;49;50;70;143;321;427;330;251;64;11;17;17;27;40;45;71;68;67;69;68;67;67;58;56;47;45;44;12;0;9;0; ;0
Ciudad de Buenos Aires;Comuna 7;Privado;Urbano;14;69;403;592;761;863;1000;1064;1090;1169;1209;1187;1225;1071;1149;1090;1003;936; ; ;2267;8;42;206;316;403;411;500;529;557;568;575;605;666;496;543;496;467;424; ; ;633;0;9;4;9;9;4;4;9;79;49;25;5; ; ; ;5; ; ;12;7;8;14;16;23;27;29;26;62;125;116;104;108; ;1;6;30;37;43;47;49;48;48;49;48;47;48;40;40;39;37;37;0;0;8;1; ;0
Ciudad de Buenos Aires;Comuna 8;Estatal;Urbano;83;234;585;1153;1790;2137;2363;2564;2655;2806;2891;2813;2930;2013;2210;2073;1754;1458;187; ;1681;44;112;288;580;941;1148;1223;1345;1378;1403;1470;1467;1578;1018;1133;1012;807;698;110; ;241;2;59;45;51;52;48;24;167;278;293;194;114;0; ; ;20;24; ; ;1;73;158;165;231;224;224;173;381;561;611;478;408;29;24;33;38;71;94;111;114;108;107;111;107;109;111;87;85;75;66;63;10;0;1;0; ;0
Ciudad de Buenos Aires;Comuna 8;Privado;Urbano;8;34;187;631;758;922;1100;1155;1212;1269;1357;1372;1349;1286;1304;1293;1135;1081;136; ;1422;2;17;93;319;379;469;533;577;621;622;633;660;642;661;633;640;524;509;82; ;410;0;11;6;5;5;1;1;10;54;63;20;10;0; ; ; ; ;6;6;7;5;15;18;25;28;23;22;42;145;141;101;105;20;1;2;14;40;40;43;43;43;43;44;44;45;42;38;38;39;36;36;6;0;0;0; ;0
Ciudad de Buenos Aires;Comuna 9;Estatal;Urbano;40;68;141;351;688;830;1207;1394;1498;1513;1682;1625;1622;1598;1773;1470;1250;1000;419;212;3977;14;32;85;160;344;422;636;708;764;789;857;844;817;953;1016;866;725;562;306;140;2280;2;26;24;25;19;14;13;19;147;121;137;43;0;0; ; ; ; ; ; ;18;50;68;105;121;106;103;155;292;341;312;262;83;10;8;9;20;34;43;72;73;74;77;78;77;78;69;68;57;52;49;20;0;13;0; ;0
Ciudad de Buenos Aires;Comuna 9;Privado;Urbano; ;17;437;747;959;1048;1071;1097;1174;1207;1293;1251;1328;1558;1632;1602;1498;1317;100; ;810; ;10;227;386;512;544;550;555;580;592;644;660;646;759;827;796;747;654;95; ;340;0;6;7;2;3;3;6;1;62;39;25;6;0; ; ; ; ;1;1;5;1;7;12;10;9;17;15;34;104;129;76;66;16;0;0;27;44;51;50;46;46;46;47;46;46;46;53;53;46;45;44;4;0;8;1; ;0
Córdoba;CALAMUCHITA;Estatal;Rural; ; ; ;99;197;234;273;316;315;312;315;335;174;184;157;151;137;121; ; ; ; ; ; ;42;103;117;140;154;159;158;166;162;96;95;87;74;63;49; ; ; ;0;0;8;5;1;1;16;32;16;10;3;1; ; ; ; ; ; ; ; ;1;4;22;25;11;15;34;58;57;41;26;27; ;0;0;0;3;4;8;9;9;9;8;9;9;7;7;6;6;6;6;0;0;17;39;3;14
Córdoba;CALAMUCHITA;Estatal;Urbano; ; ; ;296;495;574;606;625;655;647;687;743;679;717;706;570;513;389;182; ;370; ; ; ;169;271;296;306;312;340;328;346;396;383;390;389;297;251;202;117; ;149;3;8;13;10;2;1;42;81;101;73;31;11;1; ; ; ; ;1; ; ;3;11;26;26;19;25;83;141;194;157;99;66;20;0;0;0;15;23;27;28;29;29;30;29;30;25;26;26;26;22;19;11;0;4;0; ;1
Córdoba;CALAMUCHITA;Privado;Urbano; ; ; ;105;168;183;230;235;248;249;230;249;416;444;415;405;354;356;40; ;60; ; ; ;51;87;95;122;129;129;112;118;127;191;206;195;182;171;167;26; ;3;0;1;0;0;0;0;2;6;5;12;5;0;0; ; ; ; ; ; ;1; ;1; ; ; ; ;23;35;34;56;32;28;2;0;0;0;6;7;7;9;9;8;8;8;8;15;15;15;15;14;14;3;0;0;0;2;0
Córdoba;CAPITAL;Estatal;Urbano;10;46;470;9383;10312;10947;11929;12799;13435;13962;14901;14675;13997;13242;13695;12221;10176;8677;1209;3731;18832;6;16;248;4797;5327;5616;6120;6651;6934;7153;7542;7527;7458;6944;7075;6367;5143;4300;801;2054;5807;12;187;148;121;99;39;1386;2001;1945;1340;575;86;12;0; ; ; ;21;20;36;101;270;340;445;458;795;3639;3857;4701;4471;2965;2413;232;2;5;36;492;512;542;643;642;655;669;687;676;518;499;470;427;402;374;71;0;93;16;105;0
Córdoba;CAPITAL;Privado;Urbano;3;16;64;2821;5882;6768;7750;7933;8118;8230;8501;8242;10990;10566;10479;10020;9476;8672;282; ;20207;2;8;31;1417;2819;3331;3843;3944;4068;4184;4225;4072;5306;5115;5048;4910;4505;4077;231; ;8323;0;12;8;9;8;0;117;256;319;247;121;12;1; ;1; ; ; ;1;6;4;14;11;20;24;22;282;594;745;837;753;583;16;1;2;5;173;303;309;305;301;298;291;287;283;341;332;325;307;304;294;11;0;0;0;1;0
Córdoba;COLON;Estatal;Rural; ; ; ;209;270;365;460;448;507;462;525;502;451;481;465;477;380;311;89; ; ; ; ; ;107;128;176;244;226;270;236;258;254;233;270;247;230;180;146;44; ; ;0;1;4;5;11;6;31;38;40;51;13;4;0; ; ; ; ; ; ; ; ;3;10;19;37;35;77;93;103;133;73;54;9;0;0;0;10;9;14;19;16;19;19;21;20;19;18;18;19;15;14;4;0;18;30; ;3
Córdoba;COLON;Estatal;Urbano; ; ; ;1395;2146;2344;2647;2685;2876;2823;3105;3003;2874;2694;2836;2394;1984;1772;481; ;1112; ; ; ;710;1114;1190;1369;1370;1489;1411;1600;1569;1533;1415;1445;1224;915;874;289; ;272;0;30;14;11;14;8;275;347;445;296;101;24;0; ; ; ; ; ;3;10;7;54;56;72;102;100;593;680;929;720;423;295;75;0;0;0;79;94;101;118;122;121;122;126;124;105;98;88;82;74;71;24;0;12;7;12;0
Córdoba;COLON;Privado;Urbano; ; ;25;424;982;1085;1203;1223;1330;1284;1369;1295;1670;1610;1676;1571;1482;1400;143; ;620; ; ;13;216;487;524;596;606;646;641;686;650;839;811;803;791;709;656;76; ;100;0;3;2;0;1;0;12;32;42;35;24;4;0; ; ; ; ; ; ;1;2;3;6;4;2; ;34;62;85;96;100;88;10;0;0;2;25;46;46;48;46;46;46;48;45;52;51;50;48;47;46;6;0;0;0; ;0
Córdoba;CRUZ DEL EJE;Estatal;Rural; ; ; ;140;195;192;238;250;229;211;272;258;203;215;221;182;149;137;12; ;34; ; ; ;75;106;86;131;139;107;101;138;127;102;123;120;94;76;65;7; ;4;0;5;2;3;4;0;12;22;22;14;7;1;1; ; ; ; ; ; ;1;2;6;9;8;5;7;39;54;76;67;42;30;2;0;0;0;4;3;6;10;10;8;7;8;9;12;12;11;10;9;9;2;0;15;39;1;37
Córdoba;CRUZ DEL EJE;Estatal;Urbano; ; ; ;298;495;556;611;632;640;639;652;654;625;592;615;525;443;353;97; ;1224; ; ; ;146;264;291;299;320;341;322;364;338;345;305;311;254;219;175;71; ;285;0;8;8;17;13;0;62;89;80;54;13;0;0; ; ; ; ; ; ; ;1;10;9;28;22;12;114;143;156;138;86;61;20;0;0;0;13;19;22;30;34;31;31;32;31;24;25;24;19;17;16;6;0;10;2;3;0
Córdoba;CRUZ DEL EJE;Privado;Urbano; ; ; ;98;135;161;186;206;221;189;221;228;275;288;287;299;242;243; ; ;502; ; ; ;43;60;75;85;111;92;75;115;135;117;118;137;154;105;104; ; ;59;0;2;0;0;1;0;5;7;4;17;7;0; ; ; ; ; ;1; ; ; ;2; ; ;1; ;11;12;15;34;16;18; ;0;0;0;6;7;7;7;7;7;7;7;7;8;9;9;8;8;8;0;0;0;0; ;0
Córdoba;Enmascarado;Estatal;Rural; ; ; ;7;10;6;28;33;31;32;40;30;20;23;14;19;19;11; ; ; ; ; ; ;2;6;2;15;16;9;19;21;14;12;13;8;10;4;6; ; ; ;0;0;0;0;1;0;3;3;4;0;2;0; ; ; ; ; ; ; ; ; ; ; ; ;2; ;4;3;6;7;4;1; ;0;0;0;0;0;0;1;1;1;1;1;1;0;0;0;0;0;0;0;0;2;9;2;4
Córdoba;Enmascarado;Estatal;Urbano; ; ; ;86;131;126;154;136;135;120;109;141;128;172;170;126;100;87;59; ;14; ; ; ;42;64;65;85;71;66;72;55;71;72;92;89;70;48;38;35; ;0;0;0;0;4;0;0;12;36;36;16;1;0;0; ; ; ; ; ; ; ; ; ; ;5;1; ;16;47;43;30;15;14;9;0;0;0;5;6;6;7;8;7;6;6;7;7;7;6;6;5;4;3;0;0;0; ;0
Córdoba;Enmascarado;Privado;Rural; ; ; ;4;33;44;71;69;76;72;77;66;410;416;378;353;315;290;72; ; ; ; ; ;2;22;21;38;30;41;39;37;33;206;232;189;200;157;138;42; ; ;0;0;0;0;0;0;13;23;22;22;11;0;0; ; ; ; ; ; ; ;2;1;5;8;3;5;35;49;49;78;47;28;9;0;0;0;1;2;2;3;4;4;3;4;4;18;19;19;18;17;17;5;0;0;1;1;1
Córdoba;Enmascarado;Privado;Urbano; ; ; ;19;42;45;53;57;58;59;60;62;207;221;221;196;159;167;19; ;302; ; ; ;11;21;18;26;28;30;26;31;29;108;98;106;94;78;54;4; ;22;0;0;0;0;0;0;5;15;23;16;4;1;0; ; ; ; ; ; ; ; ; ; ; ;1; ;10;24;42;31;23;24;2;0;0;0;1;2;2;2;2;2;2;2;2;7;7;6;7;7;7;1;0;0;0; ;0
Córdoba;GENERAL ROCA;Estatal;Rural; ; ; ;51;78;88;94;104;123;107;98;125;40;38;46;41;42;28; ; ; ; ; ; ;31;36;55;51;56;58;52;41;68;17;20;18;17;15;18; ; ; ;0;0;0;0;0;1;3;6;8;4;5;1; ; ; ; ; ; ; ; ; ; ; ; ; ;1;4;7;9;6;7;1; ;0;0;0;3;5;3;5;5;5;3;4;5;1;1;1;1;1;1;0;0;9;15;3;6
Córdoba;GENERAL ROCA;Estatal;Urbano; ; ; ;297;348;366;411;386;415;423;388;416;398;417;355;343;302;278;73; ;187; ; ; ;152;188;190;234;212;192;216;208;211;199;227;182;151;148;138;49; ;26;0;0;0;0;0;0;53;63;52;23;9;1;0; ; ; ; ; ; ; ; ; ; ; ; ; ;59;86;83;61;41;24;8;0;0;0;16;17;17;25;20;20;21;20;20;20;19;19;16;15;15;6;0;5;0; ;0
Córdoba;GENERAL SAN MARTIN;Estatal;Rural; ; ; ;130;162;188;198;199;205;197;226;234;115;110;121;90;100;86;23; ; ; ; ; ;56;78;99;101;96;107;106;115;113;58;59;62;43;56;45;11; ; ;0;1;0;2;1;0;5;11;6;3;1;0;0; ; ; ; ; ; ; ; ;2;1;7;6;2;19;26;16;13;12;13;3;0;0;0;6;5;8;7;8;7;6;7;7;5;5;5;5;5;4;2;0;11;18;1;19
Córdoba;GENERAL SAN MARTIN;Estatal;Urbano; ; ; ;788;1022;1132;1308;1360;1525;1465;1566;1516;1144;1099;1131;1022;795;725;221; ;1065; ; ; ;386;512;581;673;688;818;747;822;793;604;589;620;532;405;385;144; ;165;0;0;5;3;4;3;54;85;130;93;39;2;0; ; ; ; ; ; ;1; ;2;10;5;19;17;147;155;289;236;180;117;42;0;0;0;35;38;47;59;57;60;60;59;58;44;42;38;37;33;33;14;0;20;15;7;7
Córdoba;GENERAL SAN MARTIN;Privado;Rural; ; ; ; ; ; ; ; ; ; ; ; ;103;114;107;91;85;77;19; ; ; ; ; ; ; ; ; ; ; ; ; ; ;49;56;56;48;45;35;12; ; ; ; ; ; ; ; ;1;8;4;6;1;0;0; ; ; ; ; ; ; ; ; ; ; ; ; ;4;13;13;12;8;11;2;0;0;0;0;0;0;0;0;0;0;0;0;5;5;4;4;4;4;1;0;0;0; ;0
Córdoba;GENERAL SAN MARTIN;Privado;Urbano; ; ;171;609;689;764;777;790;797;837;811;764;1170;1171;1129;1139;1060;1007;18; ;2723; ; ;89;325;336;376;374;383;406;392;418;376;585;536;543;553;468;466;6; ;742;0;0;0;0;0;0;3;16;27;25;18;0;0; ; ; ; ;1; ; ; ; ; ; ;2;3;9;30;53;62;63;34;3;0;0;8;25;29;29;27;27;27;27;26;25;36;36;36;37;35;35;1;0;0;0; ;0
Córdoba;ISCHILIN;Estatal;Rural; ; ; ;47;62;65;88;81;85;70;70;84;76;87;81;50;51;36; ; ; ; ; ; ;22;30;29;36;49;43;40;35;48;35;56;41;23;25;22; ; ; ;0;0;1;1;0;0;4;5;6;6;2;0; ; ; ; ; ; ; ; ; ; ;1;1; ; ;8;7;11;13;10;8; ;0;0;0;1;1;3;3;1;1;3;3;2;4;4;4;3;3;3;0;0;7;19;3;12
Córdoba;ISCHILIN;Estatal;Urbano; ; ; ;304;374;444;493;485;475;439;521;503;438;426;441;362;314;333;109; ;624; ; ; ;134;200;233;266;256;253;229;267;271;250;220;232;184;149;168;74; ;145;0;0;1;1;1;0;66;62;72;28;16;1;0; ; ; ; ;1; ;1;2;4;2;6;12;11;104;104;135;114;70;68;11;0;0;0;17;18;20;25;25;25;21;23;24;17;16;14;12;12;12;5;0;5;5;3;0
Córdoba;JUAREZ CELMAN;Estatal;Rural; ; ; ;135;157;156;178;170;161;186;194;214;62;83;66;74;54;50;23; ; ; ; ; ;71;79;71;93;91;90;87;98;101;27;42;39;40;28;31;7; ; ;0;0;0;1;0;0;2;7;4;3;2;1;0; ; ; ; ; ; ; ; ; ;1;1;4;4;5;12;8;8;9;7;1;0;0;0;6;9;8;9;8;7;8;9;9;3;4;3;4;3;3;2;0;6;14; ;10
Córdoba;JUAREZ CELMAN;Estatal;Urbano; ; ; ;476;561;605;649;700;746;740;764;748;508;534;554;531;397;402;159; ;281; ; ; ;245;282;318;316;334;384;394;357;378;307;287;288;284;203;219;84; ;60;0;0;0;1;0;1;35;73;78;65;16;7;0; ; ; ; ; ;1; ; ;1;1;2;1;7;54;103;133;136;90;61;32;0;0;0;26;29;27;33;32;32;32;34;33;23;22;23;21;17;18;9;0;6;0; ;1
Córdoba;JUAREZ CELMAN;Privado;Rural; ; ; ; ; ; ; ; ; ; ; ; ;101;86;105;80;74;64;27; ; ; ; ; ; ; ; ; ; ; ; ; ; ;43;43;54;39;38;31;9; ; ; ; ; ; ; ; ;0;11;14;7;3;0;0; ; ; ; ; ; ; ; ; ; ; ; ; ;4;18;22;15;9;3;3;0;0;0;0;0;0;0;0;0;0;0;0;5;5;4;5;5;5;1;0;0;0; ;0
Córdoba;JUAREZ CELMAN;Privado;Urbano; ; ; ;56;128;133;166;176;173;148;167;148;458;438;448;434;405;322;110; ;267; ; ; ;24;64;69;78;86;86;69;82;82;234;214;250;203;185;160;67; ;86;0;3;0;0;0;0;9;18;23;20;7;0;0; ; ; ; ; ; ; ; ;4; ; ; ;1;16;34;45;44;52;41;9;0;0;0;3;7;7;7;7;7;7;7;7;22;20;19;18;18;15;5;0;0;0; ;0
Córdoba;MARCOS JUAREZ;Estatal;Rural; ; ; ;50;47;47;53;78;68;74;76;61; ;1;3;1; ;3; ; ; ; ; ; ;27;18;23;24;45;40;41;45;26; ;0;1;1; ;1; ; ; ;0;0;0;2;2;1; ;0;0;0; ;0; ; ; ; ; ; ; ;2; ; ; ;2;2;2; ; ;1; ; ; ; ;0;0;0;4;1;2;1;2;1;1;1;1;0;0;0;0;0;0;0;0;6;23;1;14
Córdoba;MARCOS JUAREZ;Estatal;Urbano; ; ; ;859;804;899;939;1066;1106;1099;1181;1160;900;805;895;769;646;532;186; ;991; ; ; ;439;400;438;525;544;551;578;602;602;492;445;487;424;338;269;143; ;240;0;0;0;1;5;1;84;84;104;66;18;5;0; ; ; ; ; ; ; ;1;1;5;2;10;6;136;155;222;166;95;74;35;0;0;0;48;41;46;54;56;55;57;61;56;35;35;38;35;34;34;16;0;12;4;3;1
Córdoba;MARCOS JUAREZ;Privado;Urbano; ; ; ;274;270;285;313;347;317;332;317;309;744;652;689;614;546;496;40; ;594; ; ; ;143;147;148;147;179;161;156;160;151;380;307;343;272;212;221;25; ;108;0;1;0;0;0;0;28;34;39;44;12;0;0; ; ; ; ; ; ; ; ;1; ; ;1;1;40;68;79;81;53;43;1;0;0;0;14;14;14;15;14;14;14;14;15;30;30;29;28;23;23;2;0;0;0; ;0
Córdoba;MINAS;Estatal;Rural; ; ; ;34;41;56;70;68;67;60;68;67;85;69;81;67;63;54;7; ;60; ; ; ;20;17;19;38;34;28;31;33;35;44;40;44;35;37;26;2; ;7;0;0;0;1;0;0;5;8;6;3;1;1;0; ; ; ; ; ; ; ; ; ;2;2;2;2;8;14;23;9;9;6;1;0;0;0;1;2;2;2;2;2;1;2;2;5;5;5;4;4;4;1;0;8;18;5;10
Córdoba;POCHO;Estatal;Rural; ; ; ;25;47;50;53;69;62;72;55;72;51;64;62;64;47;43;20; ; ; ; ; ;11;20;26;31;37;30;39;29;37;26;31;30;31;25;22;7; ; ;0;0;1;0;0;0;0;1;6;5;5;0;0; ; ; ; ;1; ; ; ; ;1;1;1;1;9;10;14;13;13;9;5;0;0;0;1;1;1;1;1;2;4;1;1;3;3;3;3;3;3;2;0;7;19;4;12
Córdoba;PRESIDENTE ROQUE SAENZ PEÑA;Estatal;Rural; ; ; ;49;55;66;69;71;62;96;105;72;88;68;81;72;68;51;14; ; ; ; ; ;26;25;32;31;38;27;52;59;38;36;34;40;42;35;24;7; ; ;0;0;0;0;0;0;2;3;3;4;0;3;0; ; ; ; ; ; ; ; ; ; ; ; ; ;6;9;11;11;4;6; ;0;0;0;3;3;3;4;4;2;2;4;4;4;4;4;5;5;4;2;0;10;17;4;6
Córdoba;PRESIDENTE ROQUE SAENZ PEÑA;Estatal;Urbano; ; ; ;299;319;352;401;420;428;439;449;460;400;363;375;358;281;242;86; ;334; ; ; ;150;173;177;208;225;241;236;224;246;201;190;192;196;132;114;47; ;74;0;0;0;0;0;0;30;52;68;59;17;5;0; ; ; ; ;1; ; ; ; ; ; ; ; ;67;66;107;108;56;58;5;0;0;0;18;17;17;22;22;23;20;22;21;16;17;17;16;13;12;5;0;3;2;3;0
Córdoba;PRESIDENTE ROQUE SAENZ PEÑA;Privado;Urbano; ; ; ;38;44;50;59;54;57;50;53;55;155;140;144;149;136;123; ; ;192; ; ; ;16;21;27;31;25;26;26;31;28;66;69;58;66;73;49; ; ;5;0;0;0;0;0;0;0;5;6;4;7;0; ; ; ; ; ; ; ; ; ; ; ;1; ; ; ;5;9;10;10;4; ;0;0;0;2;2;2;2;2;2;2;2;2;5;5;5;5;5;5;0;0;0;0; ;0
Córdoba;PUNILLA;Estatal;Rural; ; ; ;78;178;214;270;246;281;287;290;299;296;298;235;245;189;146;23; ; ; ; ; ;45;91;107;128;134;153;152;148;152;151;180;120;133;86;73;12; ; ;1;0;5;3;7;0;34;64;40;33;20;3;0; ; ; ; ; ; ; ;2;2;16;14;19;17;64;95;73;85;56;39;4;0;0;0;4;6;7;10;9;10;8;8;8;10;10;9;8;7;7;1;0;8;27; ;4
Córdoba;PUNILLA;Estatal;Urbano; ; ; ;659;1383;1644;1876;1973;2028;2188;2280;2269;2038;2044;1914;1771;1509;1203;209; ;1454; ; ; ;318;709;834;952;1040;1031;1107;1157;1188;1045;1077;962;904;731;592;126; ;518;1;26;30;19;13;7;166;287;244;163;85;27;0; ; ; ; ; ; ;1;2;30;46;62;61;55;351;465;489;512;336;260;31;0;0;0;37;63;71;80;78;76;81;80;79;67;67;65;62;57;54;10;0;23;41;10;1
Córdoba;PUNILLA;Privado;Urbano; ; ; ;269;756;759;909;911;928;965;989;993;1491;1406;1431;1302;1278;1183;189; ;700; ; ; ;126;359;364;443;433;463;491;469;508;744;684;672;612;629;555;125; ;166;0;1;0;0;3;0;17;33;54;32;24;3;1; ; ; ; ; ; ; ; ;1;1;1;4;2;60;85;124;94;103;72;11;0;0;0;16;33;34;33;33;33;33;33;33;45;45;45;42;41;40;8;0;0;0; ;0
Córdoba;RIO CUARTO;Estatal;Rural; ; ; ;119;191;199;232;253;240;219;283;243;314;330;291;291;200;177;42; ; ; ; ; ;61;100;111;116;127;131;98;136;122;150;161;162;150;91;85;18; ; ;0;0;0;0;0;0;31;50;34;35;3;3;0; ; ; ; ; ; ; ; ;1; ;2; ; ;45;73;83;66;28;33;6;0;0;0;3;2;10;9;10;8;8;9;13;15;15;15;13;13;13;4;0;22;45;5;30
Córdoba;RIO CUARTO;Estatal;Urbano;15;19;22;1500;2168;2348;2558;2682;2800;2792;2997;2859;2373;2243;2175;1867;1547;1336;392; ;1546;10;10;13;730;1098;1190;1355;1370;1409;1441;1503;1456;1284;1235;1113;959;714;659;228; ;272;1;3;3;0;2;2;226;337;346;269;74;14;0; ; ; ; ;2;1;1;2;4;8;3;14;17;414;518;728;625;382;304;52;2;1;1;80;99;104;122;124;124;126;122;122;92;86;78;71;67;63;25;0;21;0;10;1
Córdoba;RIO CUARTO;Privado;Urbano; ; ; ;481;1067;1089;1185;1215;1192;1233;1267;1192;1957;1876;1872;1779;1626;1555;74; ;1368; ; ; ;237;533;532;599;621;595;612;607;583;948;886;902;847;785;742;36; ;473;0;0;0;0;1;0;24;40;49;43;17;5;0; ; ; ; ; ;1;2;1; ; ;1;2;4;38;69;115;119;93;74;2;0;0;0;25;47;47;45;44;44;44;43;44;69;66;65;63;62;60;4;0;0;1;2;0
Córdoba;RIO PRIMERO;Estatal;Rural; ; ; ;101;154;139;176;172;180;172;189;184;190;174;180;165;162;134;32; ; ; ; ; ;39;71;66;97;92;84;104;96;98;106;94;99;97;87;70;22; ; ;0;1;3;3;0;0;15;35;34;24;11;0;0; ; ; ; ; ; ; ;1;1;3;4;2;3;25;54;57;50;44;34;9;0;0;0;1;2;1;5;4;6;5;4;4;9;7;7;7;7;6;2;0;25;43;11;21
Córdoba;RIO PRIMERO;Estatal;Urbano; ; ; ;380;458;483;503;498;537;562;555;564;614;532;551;483;376;317;164; ;218; ; ; ;193;239;252;257;261;262;305;275;280;336;292;284;253;194;167;90; ;12;0;2;6;3;9;0;45;54;58;37;7;4;0; ; ; ; ; ; ; ; ;5;7;5;13;7;89;88;130;123;59;47;13;0;0;0;20;22;23;26;25;29;27;26;26;21;20;19;17;17;15;8;0;3;0;3;0
Córdoba;RIO PRIMERO;Privado;Urbano; ; ; ;64;119;106;155;158;164;161;141;160;308;291;275;292;284;263;21; ;171; ; ; ;33;61;52;75;86;86;83;78;78;136;117;128;122;118;106;12; ;15;0;0;0;0;0;0;2;9;7;8;4;2;0; ; ; ; ; ; ; ; ; ; ;1; ; ;5;12;13;18;28;18;4;0;0;0;3;6;6;7;6;6;6;6;7;10;10;10;10;10;10;1;0;0;0; ;0
Córdoba;RIO SECO;Estatal;Rural; ; ; ;63;65;77;89;79;89;93;112;98;80;78;77;66;58;65; ; ; ; ; ; ;36;44;34;39;29;40;36;58;53;44;45;42;28;25;36; ; ; ;0;2;3;1;0;0;4;4;0;3;0;0; ; ; ; ; ; ;2; ; ;3;4;4;3;5;5;9;8;5;11;8; ;0;0;0;0;0;1;2;2;4;4;3;3;4;4;4;4;4;4;0;0;12;28;2;15
Córdoba;RIO SECO;Estatal;Urbano; ; ; ;101;118;138;133;128;153;147;146;143;217;189;207;153;159;135;15; ;30; ; ; ;56;59;70;69;72;80;79;72;64;123;98;108;71;83;64;3; ;10;0;0;2;1;0;0;19;19;23;8;5;2;0; ; ; ; ; ; ; ; ; ;7;10;5;2;29;24;41;18;22;16; ;0;0;0;6;6;6;8;8;7;7;7;7;8;9;8;7;7;6;1;0;1;0;2;0
Córdoba;RIO SEGUNDO;Estatal;Rural; ; ; ;106;160;168;155;175;208;218;212;215;183;169;177;166;157;102;33; ; ; ; ; ;43;74;85;74;91;113;107;108;125;100;89;94;88;65;43;18; ; ;0;2;1;4;6;0;7;23;13;19;11;0;0; ; ; ; ; ; ; ; ;2;3;7;20;2;17;43;40;43;37;12;2;0;0;0;5;5;8;9;8;8;8;7;10;10;9;9;9;9;9;2;0;14;25;5;15
Córdoba;RIO SEGUNDO;Estatal;Urbano; ; ; ;583;962;1066;1094;1237;1197;1317;1280;1315;933;940;914;830;706;626;201; ;379; ; ; ;279;506;523;546;617;586;661;651;647;509;534;484;467;356;355;149; ;144;17;23;18;16;11;0;77;115;97;88;41;4;0; ; ; ; ;1; ;1;38;48;51;83;70;92;204;202;241;204;124;113;23;0;0;0;30;49;50;53;55;57;59;57;57;37;35;35;35;35;34;16;0;1;1;4;0
Córdoba;RIO SEGUNDO;Privado;Urbano; ; ; ;182;270;309;313;315;326;322;329;313;757;700;752;667;643;575;64; ;295; ; ; ;95;141;151;166;163;167;147;160;154;334;295;336;303;301;252;30; ;12;0;0;0;0;0;0;8;15;15;18;7;0;0; ; ; ; ; ; ; ; ; ; ; ; ; ;18;33;47;53;35;32;4;0;0;0;8;12;11;11;11;11;11;11;11;26;26;25;23;23;23;3;0;0;0; ;0
Córdoba;SAN ALBERTO;Estatal;Rural; ; ; ;144;166;159;186;219;208;213;247;234;189;202;212;195;168;144;9; ; ; ; ; ;74;77;71;102;116;123;119;130;127;100;113;113;115;86;69;3; ; ;0;0;2;1;3;0;6;22;21;19;11;1;0; ; ; ; ; ;1; ;1; ;2;5;8;11;20;41;49;48;42;32;1;0;0;0;7;7;7;10;7;6;9;9;10;9;9;9;9;9;9;1;0;24;43;5;12
Córdoba;SAN ALBERTO;Estatal;Urbano; ; ; ;167;259;275;332;331;347;357;354;356;357;360;329;323;258;209;48; ;620; ; ; ;98;129;134;152;167;172;187;187;174;201;190;166;149;131;108;23; ;169;0;0;0;0;0;0;10;35;42;24;10;3;0; ; ; ; ; ; ; ;1; ;1;2;2;3;40;62;82;70;35;27;9;0;0;0;10;14;12;17;15;15;17;15;15;16;13;15;15;11;11;3;0;1;0; ;0
Córdoba;SAN ALBERTO;Privado;Urbano; ; ; ; ;57;76;87;88;84;90;84;98;200;188;189;160;148;133;52; ; ; ; ; ; ;26;41;48;44;45;43;50;51;102;91;99;90;84;61;33; ; ;0;0;0;0;0;0;1;0;3;3;1;1;0; ; ; ; ; ; ; ; ; ; ; ; ; ;6;3;5;18;8;6;5;0;0;0;0;3;3;3;3;3;3;3;3;6;6;5;5;5;5;2;0;0;0; ;0
Córdoba;SAN JAVIER;Estatal;Rural; ; ; ;168;252;257;256;265;316;308;322;351;284;285;225;229;176;172; ; ; ; ; ; ;86;131;122;129;128;177;154;170;165;148;146;106;105;82;70; ; ; ;0;1;7;7;12;10;18;46;46;24;7;0; ; ; ; ; ; ; ; ;2;3;10;11;18;19;50;87;89;74;51;43; ;0;0;0;8;6;7;10;10;13;12;11;14;11;10;11;10;9;9;0;0;18;31; ;6
Córdoba;SAN JAVIER;Estatal;Urbano; ; ; ;291;445;499;552;566;620;616;707;593;650;607;608;559;473;444;82; ;917; ; ; ;151;222;259;288;276;311;339;367;305;340;313;339;275;227;210;58; ;278;0;0;0;0;0;0;26;44;62;46;16;5;0; ; ; ; ; ; ; ;2;1; ;4;7;11;112;83;168;166;109;98;13;0;0;0;15;20;23;27;23;27;25;28;26;25;23;22;19;18;18;6;0;7;13;5;0
Córdoba;SAN JAVIER;Privado;Urbano; ; ; ;47;116;149;147;157;161;156;166;173;271;263;273;249;246;215;6; ;384; ; ; ;19;60;76;82;76;74;80;82;76;121;124;122;119;112;84;6; ;100;0;0;0;0;0;0;3;5;8;9;3;0;0; ; ; ; ; ; ; ; ; ; ; ; ; ;9;10;25;23;14;17;1;0;0;0;2;6;7;6;6;5;5;5;6;10;10;9;8;8;8;1;0;0;0; ;0
Córdoba;SAN JUSTO;Estatal;Rural; ; ; ;337;427;462;509;525;497;587;596;543;404;403;429;338;275;222;93; ; ; ; ; ;166;218;237;262;268;256;300;324;285;206;196;230;182;127;98;34; ; ;0;5;1;2;3;0;24;41;42;35;19;1;0; ; ; ; ; ; ; ; ;7;3;5;7;6;49;80;100;84;63;33;14;0;0;0;12;12;15;19;18;16;19;19;17;17;17;17;15;13;13;7;0;37;65;23;54
Córdoba;SAN JUSTO;Estatal;Urbano; ; ; ;1229;1654;1797;1976;2171;2243;2261;2452;2285;2098;2059;1981;1830;1480;1405;419; ;2092; ; ; ;645;841;949;1039;1148;1110;1114;1252;1168;1175;1130;1085;951;775;712;289; ;520;1;10;10;9;7;2;173;291;317;196;68;15;0; ; ; ; ; ;1;2;4;13;21;23;31;29;304;418;585;468;278;213;43;0;0;0;67;72;83;102;103;106;103;108;103;75;76;74;75;71;66;23;0;28;2;7;1
Córdoba;SAN JUSTO;Privado;Rural; ; ; ;9;12;18;19;12;22;26;23;26;198;194;178;187;144;142;34; ; ; ; ; ;5;5;6;8;6;10;14;12;9;102;82;90;91;71;69;21; ; ;0;0;0;0;0;0;12;12;10;16;2;0;0; ; ; ; ; ; ; ; ; ; ; ; ; ;17;17;17;28;10;15; ;0;0;0;1;1;1;1;1;1;1;1;1;8;8;8;8;7;7;1;0;0;0; ;0
Córdoba;SAN JUSTO;Privado;Urbano; ; ; ;485;582;647;680;698;718;676;679;691;1194;1166;1148;1022;1006;931; ; ;1159; ; ; ;244;304;294;339;352;347;329;335;325;546;512;532;442;439;416; ; ;230;0;0;0;0;0;0;15;41;47;38;22;0; ; ; ; ; ; ; ;1; ;1; ; ;1; ;22;55;74;73;58;42; ;0;0;0;25;27;26;26;26;26;25;25;26;42;41;39;37;37;36;0;0;0;0; ;0
Córdoba;SANTA MARIA;Estatal;Rural; ; ; ;226;338;360;365;388;387;413;406;417;383;405;405;328;255;225;50; ; ; ; ; ;114;177;166;187;213;208;232;197;216;220;214;208;166;136;112;31; ; ;0;6;7;13;2;9;20;69;65;29;15;1;0; ; ; ; ; ; ; ; ;8;14;27;15;15;53;108;135;88;55;46;4;0;0;0;11;11;14;14;12;12;15;12;11;16;16;16;14;11;11;4;0;18;40;6;8
Córdoba;SANTA MARIA;Estatal;Urbano; ; ; ;513;894;1026;1084;1128;1248;1254;1321;1267;1338;1338;1307;1157;958;819;152; ;774; ; ; ;257;444;514;582;603;614;653;689;646;702;703;677;557;473;384;73; ;107;0;10;13;13;5;2;98;203;183;99;31;16;2; ; ; ; ;1; ;1;2;16;37;43;51;63;234;344;376;336;220;161;17;0;0;0;28;42;41;49;48;49;50;50;47;47;47;45;43;38;36;8;0;12;4;6;0
Córdoba;SANTA MARIA;Privado;Urbano; ; ; ;240;396;409;450;482;499;493;487;469;627;635;596;577;554;515;141; ; ; ; ; ;112;191;204;231;259;236;244;246;233;309;308;288;281;274;220;77; ; ;0;1;1;1;1;0;0;5;9;11;10;2;0; ; ; ; ; ; ; ; ;1;2;4;5;6;2;5;20;23;24;34;4;0;0;0;11;17;17;18;17;16;16;16;16;20;18;18;17;17;17;5;0;1;0; ;0
Córdoba;TERCERO ARRIBA;Estatal;Rural; ; ; ;87;113;98;122;138;132;140;154;137;87;95;69;71;72;58;12; ; ; ; ; ;43;63;48;65;70;62;78;71;74;53;50;35;36;32;31;10; ; ;0;2;1;0;1;0;1;1;2;3;1;0;0; ; ; ; ; ; ; ; ;2;1;3;5;6;8;10;10;12;17;7;2;0;0;0;4;3;4;6;6;7;6;6;5;4;4;4;3;3;3;1;0;8;15;4;11
Córdoba;TERCERO ARRIBA;Estatal;Urbano; ; ; ;688;877;1041;1188;1163;1258;1308;1321;1309;958;986;984;826;688;590;219; ;843; ; ; ;341;445;539;632;582;653;649;645;660;505;521;512;460;317;299;138; ;335;0;5;9;8;8;0;86;156;161;112;43;17;0; ; ; ; ; ; ; ;3;11;22;20;33;20;179;228;303;280;190;114;38;0;0;0;37;41;51;57;58;63;61;61;59;37;37;38;35;34;32;14;0;21;10;4;0
Córdoba;TERCERO ARRIBA;Privado;Urbano; ; ; ;236;335;355;385;399;411;406;398;378;825;748;747;721;701;660;56; ;693; ; ; ;118;161;176;186;219;213;204;199;195;386;342;344;344;324;284;41; ;183;0;0;0;0;0;0;11;25;46;19;5;0;0; ; ; ; ; ; ; ; ; ; ; ; ; ;28;41;69;55;40;29;2;0;0;0;13;15;17;16;15;15;15;15;14;28;28;27;28;27;27;3;0;0;0; ;0
Córdoba;TOTORAL;Estatal;Rural; ; ; ;113;150;164;165;165;177;184;174;148;103;109;111;105;88;67;19; ; ; ; ; ;56;77;73;76;86;90;100;87;83;59;56;58;64;44;36;7; ; ;0;2;1;0;0;0;7;15;17;9;8;2;0; ; ; ; ; ; ; ; ;4;7;6;8;8;9;31;30;24;23;9;1;0;0;0;6;5;7;6;6;7;7;6;5;4;4;4;5;4;4;2;0;5;14;2;16
Córdoba;TOTORAL;Estatal;Urbano; ; ; ;105;128;162;146;145;162;164;166;159;202;213;216;195;161;165;54; ;291; ; ; ;52;50;76;82;77;84;82;89;80;103;111;109;102;76;71;30; ;47;0;0;5;1;0;0;16;33;25;22;7;5;0; ; ; ; ; ; ; ; ; ;6;1; ; ;20;49;42;57;27;19;6;0;0;0;6;6;6;7;7;7;8;7;7;9;9;9;9;8;8;3;0;0;0; ;0
Córdoba;TULUMBA;Estatal;Rural; ; ; ;71;93;91;110;124;102;104;126;113;98;102;144;108;103;61;27; ; ; ; ; ;33;52;43;44;66;57;55;70;48;52;62;73;55;54;24;13; ; ;0;1;1;0;0;0;12;6;15;7;1;2;0; ; ; ; ; ; ; ; ;1;1; ; ;1;17;19;37;23;31;15;4;0;0;0;3;3;3;4;4;4;4;4;4;6;5;7;5;5;5;3;0;6;17;2;19
Córdoba;UNION;Estatal;Rural; ; ; ;184;250;250;290;278;286;320;343;329;173;167;176;155;153;141;38; ; ; ; ; ;111;115;141;137;158;152;157;177;163;96;94;91;84;74;57;21; ; ;0;1;2;0;1;0;4;5;18;9;7;3;0; ; ; ; ; ;1; ; ;2;7;7;21;28;19;23;45;36;25;24;7;0;0;0;8;8;9;15;11;12;14;13;13;8;8;8;7;7;6;3;0;13;34;4;25
Córdoba;UNION;Estatal;Urbano; ; ; ;657;807;862;970;917;945;1007;1088;1003;737;779;823;752;663;530;237; ;1046; ; ; ;319;404;446;494;464;490;527;531;505;419;425;430;405;347;239;130; ;275;1;4;5;9;2;1;52;64;84;81;28;11;0; ; ; ; ; ; ;1;4;8;14;25;19;32;105;139;195;194;141;84;27;0;0;0;37;35;38;52;50;51;49;54;51;32;34;35;40;36;37;16;0;11;1; ;1
Córdoba;UNION;Privado;Rural; ; ; ; ; ; ; ; ; ; ; ; ;94;103;107;90;69;67;12; ; ; ; ; ; ; ; ; ; ; ; ; ; ;51;58;50;48;28;32;7; ; ; ; ; ; ; ; ;0;8;9;10;3;0;0; ; ; ; ; ; ; ; ; ; ; ; ; ;7;15;21;14;10;6; ;0;0;0;0;0;0;0;0;0;0;0;0;4;4;4;4;4;4;1;0;0;0; ;0
Córdoba;UNION;Privado;Urbano; ; ; ;240;334;342;380;376;384;434;425;405;666;704;703;654;619;576;43; ;1293; ; ; ;117;183;172;220;195;197;225;207;204;333;325;310;307;277;256;28; ;333;0;1;0;1;0;0;18;22;31;29;10;0;0; ; ; ; ; ; ; ; ;1; ;1;1;2;28;44;68;64;58;40;1;0;0;0;13;15;16;16;17;18;17;16;16;29;30;29;28;22;20;2;0;0;0; ;0
Corrientes;BELLA VISTA;Estatal;Rural; ; ; ;17;110;114;147;159;158;165;164;153;92;100;69;62;59;40;7; ; ; ; ; ;7;55;65;73;82;81;89;84;80;41;38;34;32;29;19;2; ; ;17;18;18;13;16;18;6;19;7;6;4;2;0; ; ; ; ; ; ; ;20;26;45;47;47;45;34;47;29;17;12;12;2;0;0;0;1;1;1;12;9;7;5;6;10;5;5;5;5;5;5;1;0;18;32; ;4
Corrientes;BELLA VISTA;Estatal;Urbano; ;11;27;80;440;457;546;523;472;534;536;530;560;560;434;421;377;329;114; ;1121; ;6;10;34;204;248;286;252;257;251;277;254;306;283;211;218;187;150;88; ;385;29;27;37;34;32;15;48;91;55;30;25;3;0; ; ; ; ; ; ; ;52;70;82;104;114;90;208;200;152;140;88;147;27;0;2;2;5;18;16;28;26;28;28;25;28;22;19;18;18;16;15;5;0;9;1; ;0
Corrientes;BELLA VISTA;Privado;Urbano; ; ; ; ;121;109;137;137;146;129;141;136;126;116;119;109;91;80; ; ;298; ; ; ; ;55;49;68;68;74;61;59;72;68;58;59;44;37;35; ; ;53;0;5;1;1;1;1;0;0;0;2;4;0; ; ; ; ; ; ; ; ;3;7;3;7;7;3;2;4;2;5;12;5; ;0;0;0;0;6;6;6;6;6;6;6;6;4;4;4;4;4;4;0;0;0;0; ;0
Corrientes;CAPITAL;Estatal;Rural; ; ; ;64;282;288;345;347;350;400;400;340;129;143;116;139;89;71; ; ; ; ; ; ;33;141;146;174;183;163;221;200;192;69;67;54;78;36;33; ; ; ;4;24;17;20;20;23;11;24;17;13;6;5; ; ; ; ; ; ; ; ;7;29;26;42;54;41;41;40;29;51;21;17; ;0;0;0;4;12;12;19;19;19;18;19;18;5;6;5;5;4;4;0;0;7;6; ;1
Corrientes;CAPITAL;Estatal;Urbano;42;440;1000;1646;3425;4085;4962;5103;5070;5157;5303;5143;5791;5501;4837;4420;3707;3035;448; ;15908;25;224;516;811;1711;2102;2504;2586;2589;2638;2732;2666;3071;2807;2445;2169;1723;1462;314; ;4251;152;293;375;314;277;254;715;782;602;488;257;58;12; ;6;18;49;74;67;5;424;595;765;797;809;765;1795;2064;1667;1574;1256;872;100;9;51;67;88;187;210;257;245;243;245;245;242;211;194;179;158;156;149;23;0;29;2; ;0
Corrientes;CAPITAL;Privado;Urbano;7;109;209;880;1276;1400;1349;1420;1448;1398;1477;1446;1640;1524;1506;1424;1328;1286; ; ;3941;5;58;99;436;638;706;649;661;706;705;710;694;780;761;697;709;608;585; ; ;1141;3;19;14;21;8;5;27;43;43;51;38;10; ; ; ; ; ;1;1;5;13;32;30;35;25;22;96;143;140;136;149;115; ;2;10;13;51;66;70;61;59;63;57;60;60;60;55;56;54;53;53;0;0;12;0; ;0
Corrientes;CONCEPCION;Estatal;Rural; ; ; ;44;117;124;260;267;254;300;282;264;214;160;168;143;129;89;21; ;39; ; ; ;18;55;68;141;133;148;164;129;129;104;68;83;72;64;32;9; ;19;25;40;43;29;28;34;20;16;17;10;0;0;0; ; ; ; ; ; ; ;26;59;59;90;89;74;75;77;65;46;31;28; ;0;0;0;2;7;7;15;15;16;20;19;18;8;8;8;6;6;6;1;0;9;23; ;1
Corrientes;CONCEPCION;Estatal;Urbano; ; ;11;54;225;289;283;291;275;311;300;265;348;300;222;207;167;89;12; ;164; ; ;6;25;92;147;137;154;127;170;156;137;187;140;97;91;61;44;9; ;47;22;27;32;22;15;20;20;19;10;3;1;0;0; ; ; ; ; ; ; ;30;48;73;93;90;88;49;48;33;22;9;8;2;0;0;1;5;13;16;16;17;16;17;15;13;12;11;10;8;8;5;1;0;2;2; ;0
Corrientes;CURUZU CUATIA;Estatal;Rural; ; ; ;19;31;47;63;83;72;82;74;81;28;28;29;25;23;16; ; ; ; ; ; ;9;18;23;23;37;44;47;35;41;14;14;17;10;9;8; ; ; ;6;9;18;18;15;23;1;7;2;2;1;0; ; ; ; ; ; ; ; ;11;10;25;32;28;41;11;21;22;12;12;8; ;0;0;0;0;0;1;3;3;3;3;1;2;4;4;4;4;4;4;0;0;9;24; ;11
Corrientes;CURUZU CUATIA;Estatal;Urbano;12;35;61;88;499;597;624;675;749;762;697;613;714;683;595;447;394;340;50; ;1086;7;18;28;51;240;301;317;368;374;394;360;327;356;329;306;233;175;163;29; ;359;18;25;78;57;68;35;123;88;65;27;9;1;1; ; ; ;1; ;3; ;39;77;163;215;208;194;273;303;246;186;133;126;17;4;4;4;5;22;26;32;29;32;31;32;29;26;24;22;20;18;16;3;0;5;4; ;1
Corrientes;CURUZU CUATIA;Privado;Urbano; ; ; ; ;114;114;131;110;128;111;136;102;189;170;179;147;140;120;14; ;65; ; ; ; ;57;59;64;57;70;58;70;51;93;87;97;75;61;56;7; ;14;0;0;0;0;2;0;10;13;11;5;3;4;0; ; ; ; ; ; ;1; ;1; ;1;4;2;37;33;23;24;16;10;3;0;0;0;0;6;5;5;4;5;5;5;4;6;6;7;5;5;5;2;0;0;1; ;0
Corrientes;EMPEDRADO;Estatal;Rural; ; ; ;23;47;76;87;102;84;112;98;101;82;54;66;46;38;40; ; ; ; ; ; ;10;25;44;42;52;47;59;45;57;47;32;40;20;16;17; ; ; ;0;7;18;14;9;16;19;15;7;6;2;1; ; ; ; ; ; ; ; ;5;11;28;31;32;57;48;35;33;20;16;25; ;0;0;0;0;1;4;4;4;4;6;5;5;4;4;4;4;4;4;0;0;7;31; ;10
Corrientes;EMPEDRADO;Estatal;Urbano; ; ; ; ;121;146;142;171;165;182;192;147;223;215;166;137;127;126;43; ;493; ; ; ; ;63;76;68;78;73;96;99;77;127;109;81;75;68;62;18; ;93;0;7;15;10;15;0;47;41;20;11;11;2;0; ; ; ; ; ; ; ;1;10;22;28;48;25;73;103;53;47;32;40;14;0;0;0;0;6;7;8;9;8;8;9;8;9;8;8;7;6;6;3;0;0;0; ;0
Corrientes;Enmascarado;Estatal;Rural; ; ; ;4;22;36;35;49;48;47;44;45;36;42;31;27;34;30; ; ;61; ; ; ;4;9;22;21;29;23;23;22;22;20;23;13;13;19;16; ; ;25;1;4;6;2;5;6;3;13;5;2;0;0; ; ; ; ; ; ; ; ;1;12;6;3;13;12;11;20;16;10;5;8; ;0;0;0;0;1;1;2;3;3;2;3;3;3;3;3;3;3;3;0;0;2;5; ;0
Corrientes;Enmascarado;Privado;Rural; ; ;29;40;41;46; ; ; ; ; ; ;464;430;364;290;233;185;172; ; ; ; ;21;19;19;21; ; ; ; ; ; ;256;234;200;171;129;100;95; ; ; ; ; ; ; ; ;41;29;26;11;7;6;5; ; ; ; ; ; ;3; ; ; ; ; ; ;204;161;141;104;87;57;66;0;0;2;2;2;2;0;0;0;0;0;0;17;17;17;17;16;16;16;0;0;0; ;0
Corrientes;Enmascarado;Privado;Urbano; ; ; ;100;346;351;369;384;357;377;370;347;479;406;370;329;322;300;14; ;800; ; ; ;52;160;168;187;177;175;171;195;174;221;168;167;140;135;136;10; ;262;1;12;4;2;1;9;6;9;10;10;12;1;1; ; ; ; ; ; ; ;5;15;4;7;1;10;48;40;43;26;45;20;5;0;0;0;6;17;18;17;18;17;17;17;17;17;17;16;12;12;13;1;0;3;0; ;0
Corrientes;ESQUINA;Estatal;Rural; ; ; ;23;174;192;268;287;300;275;300;260;115;120;125;93;90;99; ; ; ; ; ; ;16;92;100;142;149;160;149;168;140;59;59;61;44;42;41; ; ; ;18;32;37;33;39;40;9;22;8;9;4;6; ; ; ; ; ; ; ; ;26;72;87;86;98;91;50;55;48;40;32;36; ;0;0;0;0;3;6;17;15;16;14;14;15;9;9;9;9;8;8;0;0;27;46; ;9
Corrientes;ESQUINA;Estatal;Urbano; ; ; ;106;268;283;366;393;396;383;392;322;473;489;378;383;331;287;80; ;657; ; ; ;60;139;143;165;210;207;207;201;160;248;233;179;190;153;141;46; ;196;4;7;8;9;0;1;67;71;44;13;4;3;0; ; ; ; ; ; ; ;11;19;9;9;6;10;249;257;183;159;109;87;11;0;0;0;5;13;14;16;16;17;16;17;15;18;16;15;15;14;13;5;0;0;0; ;0
Corrientes;GENERAL ALVEAR;Estatal;Rural; ; ; ;1;18;23;38;26;27;24;31;24;90;69;63;53;51;36;22; ; ; ; ; ;0;11;12;21;14;15;9;25;12;51;34;38;33;26;19;4; ; ;2;2;1;0;1;1;1;5;3;2;3;3;0; ; ; ; ; ; ; ;2;4;1; ;2;2;23;25;17;16;28;18;13;0;0;0;0;2;0;3;4;4;5;5;4;4;4;4;4;4;4;2;0;1;1; ;3
Corrientes;GENERAL ALVEAR;Estatal;Urbano; ; ; ; ;122;106;136;121;105;109;91;120;83;78;80;79;63;52; ; ;238; ; ; ; ;68;66;67;66;54;52;45;61;41;32;38;29;31;25; ; ;67;0;0;4;2;3;2;7;10;3;3;1;0; ; ; ; ; ; ; ; ;6; ;4;8;5;3;19;19;15;21;17;16; ;0;0;0;0;5;5;7;7;6;7;7;8;4;4;4;4;4;4;0;0;1;0; ;0
Corrientes;GENERAL PAZ;Estatal;Rural; ; ; ;39;81;80;89;98;100;102;105;104;73;65;58;56;55;35; ; ;68; ; ; ;20;42;44;50;48;48;50;60;51;38;33;26;30;19;16; ; ;28;4;8;9;8;7;9;6;6;5;4;1;1; ; ; ; ; ; ; ; ;7;23;20;25;40;40;29;29;23;20;11;12; ;0;0;0;0;1;2;3;3;4;4;4;4;7;7;7;6;6;6;0;0;14;22; ;10
Corrientes;GENERAL PAZ;Estatal;Urbano; ; ; ;40;126;133;170;150;150;157;153;148;202;218;189;184;147;139;16; ;358; ; ; ;22;65;60;93;78;78;69;78;68;118;102;99;96;67;70;3; ;89;7;9;7;12;13;8;29;58;26;11;17;14;0; ; ; ; ; ; ; ;8;9;10;19;17;13;61;88;59;47;44;41;1;0;0;0;2;7;8;9;9;8;9;9;8;11;10;10;9;9;9;3;0;2;1; ;0
Corrientes;GOYA;Estatal;Rural; ; ; ;81;201;295;353;339;342;358;384;346;268;268;229;182;171;149;19; ;28; ; ; ;41;100;153;189;197;165;203;217;203;148;135;101;80;77;69;9; ;14;33;42;53;48;48;34;25;28;32;13;22;7;0; ; ; ; ; ; ; ;57;63;98;100;115;112;155;135;112;74;66;48;13;0;0;0;4;10;22;26;22;28;24;22;21;14;14;14;14;14;14;2;0;26;52; ;16
Corrientes;GOYA;Estatal;Urbano;3;6;58;110;858;973;1103;1129;1149;1178;1265;1147;1292;1308;1055;914;758;718;154; ;2375;1;2;31;61;441;491;555;542;550;597;670;581;636;621;523;474;339;340;109; ;667;49;90;96;119;90;96;260;290;189;135;53;18;2; ; ; ; ; ; ; ;79;156;150;252;217;239;478;613;498;457;322;267;37;0;0;4;6;43;48;56;56;61;59;60;56;41;42;39;36;34;32;7;0;1;0; ;0
Corrientes;GOYA;Privado;Urbano; ; ;15;72;243;247;246;244;264;270;269;267;357;323;284;268;236;245; ; ;598; ; ;6;40;110;118;110;121;135;137;141;134;163;167;111;115;98;99; ; ;212;0;4;4;2;5;6;5;20;6;7;9;2; ; ; ; ; ; ; ;2; ;4;4;2;6;7;9;40;36;30;52;49; ;0;0;1;4;12;12;11;11;11;11;11;11;12;10;10;10;10;10;0;0;0;0; ;0
Corrientes;ITATI;Estatal;Rural; ; ; ;14;31;50;45;38;50;46;31;50;47;51;51;42;34;31;4; ;32; ; ; ;5;17;30;27;20;29;25;14;24;30;27;24;17;15;17;0; ;5;2;2;4;1;1;3;6;7;2;7;5;1;0; ; ; ; ; ; ; ;2;5;5;4;1;5;17;16;14;14;10;4; ;0;0;0;1;1;2;1;1;2;1;1;1;3;3;3;3;3;3;1;0;4;9; ;3
Corrientes;ITATI;Estatal;Urbano; ; ; ;22;87;92;128;117;108;101;119;115;101;110;101;98;86;85; ; ;234; ; ; ;12;47;46;55;54;66;60;73;62;60;48;44;49;48;46; ; ;53;6;19;9;3;12;11;6;8;2;7;1;0; ; ; ; ; ;7; ; ;19;21;10;8;13;30;32;28;30;37;27;24; ;0;0;0;1;5;5;6;6;6;5;5;5;5;5;5;5;5;5;0;0;0;0; ;0
Corrientes;ITUZAINGO;Estatal;Rural; ; ; ;41;253;350;203;205;207;198;236;198;173;166;104;65;59;58; ; ;45; ; ; ;24;120;173;99;111;119;101;109;92;94;88;38;25;26;22; ; ;7;7;17;29;28;25;14;26;59;15;6;4;0; ; ; ; ; ; ; ; ;11;28;59;62;62;50;60;84;36;25;19;13; ;0;0;0;2;12;17;13;10;10;9;10;11;6;6;5;5;5;5;0;0;8;17; ;5
Corrientes;ITUZAINGO;Estatal;Urbano; ; ; ;47;228;230;430;437;445;433;461;467;576;566;420;392;329;292;57; ;612; ; ; ;30;126;128;216;217;207;233;219;231;292;297;197;194;129;142;33; ;173;9;29;16;18;31;26;79;115;69;37;7;2;3; ; ; ; ; ; ; ;15;50;37;47;61;81;205;240;186;135;84;64;22;0;0;0;3;12;13;24;24;24;24;25;25;23;21;22;19;19;19;5;0;0;0;1;0
Corrientes;LAVALLE;Estatal;Rural; ; ; ;47;240;314;364;339;370;370;366;329;282;263;213;155;160;136; ; ;126; ; ; ;20;124;162;178;161;202;200;199;164;137;127;100;72;65;45; ; ;46;31;34;51;42;31;29;47;64;32;12;7;4; ; ; ; ; ; ; ;1;60;80;128;111;113;93;135;128;92;54;49;41; ;0;0;0;1;8;13;16;13;16;19;15;18;12;12;11;9;9;10;0;0;19;36; ;2
Corrientes;LAVALLE;Estatal;Urbano;6;21; ;5;371;395;492;395;442;427;406;374;456;442;388;284;254;193; ; ;456;4;12; ;3;172;222;244;199;204;202;196;185;237;209;181;131;103;85; ; ;103;83;67;58;45;43;34;115;134;103;43;33;4; ; ;5; ; ; ; ; ;117;110;124;124;146;98;272;279;221;118;123;63; ;0;0;0;0;16;17;22;18;19;18;16;17;16;15;12;10;10;10;0;0;2;0; ;0
Corrientes;MBURUCUYA;Estatal;Rural; ; ; ;5;83;90;49;37;45;43;53;59;45;39;34;22;34;19; ; ; ; ; ; ;2;43;47;25;22;22;24;26;27;22;23;12;12;14;8; ; ; ;4;10;7;7;6;11;8;11;9;2;1;0; ; ; ; ; ; ; ; ;4;16;19;17;23;26;31;22;17;6;12;8; ;0;0;0;0;4;6;1;1;3;1;1;3;4;4;4;4;4;4;0;0;3;18; ;5
Corrientes;MBURUCUYA;Estatal;Urbano; ; ; ; ;69;61;147;126;127;136;146;125;169;135;144;121;89;82;16; ;294; ; ; ; ;31;34;83;64;74;74;81;53;89;59;78;56;36;27;10; ;70;12;14;8;18;6;8;33;19;26;14;4;0;0; ; ; ; ; ; ; ;22;32;29;47;29;25;103;63;90;51;32;25;9;0;0;0;0;4;4;8;7;7;7;7;7;6;7;6;4;4;4;1;0;0;2; ;0
Corrientes;MERCEDES;Estatal;Rural; ; ; ;9;61;82;93;97;119;106;118;74;95;95;67;71;35;28; ; ;49; ; ; ;5;34;45;49;48;62;56;59;37;48;49;29;33;12;18; ; ;17;5;11;28;25;24;8;8;25;8;12;0;0; ; ; ; ; ; ; ; ;14;16;44;44;41;19;43;61;38;34;19;9; ;0;0;0;0;5;4;8;6;6;7;6;3;5;5;4;4;4;4;0;0;5;10;2;9
Corrientes;MERCEDES;Estatal;Urbano;11;30;61;146;581;646;717;770;769;749;784;676;692;542;380;361;309;210;32; ;1315;4;19;31;62;271;334;341;426;407;396;430;359;343;280;179;180;146;97;25; ;335;33;66;82;99;106;85;212;170;71;56;44;12;4; ;3; ; ; ; ; ;61;117;144;203;225;183;366;268;164;210;153;76;19;2;3;4;8;29;32;38;39;39;38;38;38;21;20;17;15;13;13;2;0;2;0;2;0
Corrientes;MERCEDES;Privado;Urbano; ; ;31;61;108;92;107;86;101;106;77;85;296;249;238;191;148;123; ; ; ; ; ;11;37;48;52;50;35;54;62;36;43;142;123;123;75;68;44; ; ; ;0;3;2;2;1;0;20;21;23;14;5;0; ; ; ; ; ; ; ; ; ;3;3;2;1; ;28;47;42;35;36;23; ;0;0;2;3;5;5;5;4;5;5;4;4;10;10;9;7;6;6;0;0;0;0; ;0
Corrientes;MONTE CASEROS;Estatal;Rural; ; ; ;31;79;100;116;98;104;102;109;113;61;58;61;75;43;52; ; ;24; ; ; ;10;38;54;62;48;47;53;49;60;28;21;34;31;22;27; ; ;5;1;9;13;10;7;6;7;5;8;6;5;4; ; ; ; ; ; ;1;1;2;12;17;14;20;14;21;9;27;26;9;8; ;0;0;0;1;4;5;4;3;4;4;3;3;3;3;3;3;3;3;0;0;6;21; ;8
Corrientes;MONTE CASEROS;Estatal;Urbano; ; ; ;61;347;415;465;531;492;499;554;528;605;521;522;442;360;337;132; ;629; ; ; ;26;191;213;224;262;252;267;272;262;319;269;252;224;169;165;98; ;128;15;30;45;27;36;41;56;54;41;24;13;9;2; ; ; ; ; ; ;1;23;45;74;75;94;90;181;154;135;123;80;72;13;0;0;0;2;17;21;26;25;24;24;25;27;23;23;22;20;19;19;6;0;5;0; ;0
Corrientes;PASO DE LOS LIBRES;Estatal;Rural; ; ; ;3;91;137;198;178;210;190;188;172;91;104;92;78;60;72; ; ; ; ; ; ;1;43;69;110;100;108;92;102;85;45;51;47;38;31;27; ; ; ;10;19;31;39;27;28;14;17;5;4;8;4; ; ; ; ; ; ; ; ;29;37;44;54;59;58;43;52;43;33;28;41; ;0;0;0;0;5;7;11;10;11;10;11;10;6;6;5;5;5;4;0;0;1;9; ;7
Corrientes;PASO DE LOS LIBRES;Estatal;Urbano; ; ; ;55;494;670;800;728;720;741;789;699;1050;863;800;511;441;371;129;272;1076; ; ; ;30;250;332;406;358;343;375;413;343;530;440;376;247;212;177;76;124;310;17;43;54;63;62;47;248;149;120;44;36;12;0;0; ; ; ; ; ;30;75;87;104;112;105;101;441;469;408;247;199;154;43;0;0;0;3;24;29;36;33;35;34;35;32;37;34;31;21;19;17;6;0;2;0; ;0
Corrientes;PASO DE LOS LIBRES;Privado;Urbano; ;17;42;106;157;148;166;188;175;171;155;124;155;153;124;139;116;103; ; ;21; ;6;22;51;79;76;91;101;87;77;79;66;80;75;61;75;52;47; ; ;15;0;0;1;0;1;0;7;4;7;3;3;0; ; ; ; ; ; ; ; ;7; ;2;1;18;6;38;45;23;14;14;25; ;0;2;4;8;11;9;9;9;9;7;7;7;6;6;6;5;5;5;0;0;2;0; ;0
Corrientes;SALADAS;Estatal;Rural; ; ; ;10;45;211;100;134;118;122;145;129;56;63;53;52;46;44; ; ;43; ; ; ;5;21;114;59;65;68;62;75;68;27;36;28;14;18;18; ; ;19;5;27;14;11;9;11;6;7;7;3;4;4; ; ; ; ; ; ; ; ;7;39;38;35;42;57;30;29;42;27;21;18; ;0;0;0;2;4;14;7;8;9;7;6;6;5;5;4;4;4;4;0;0;3;20; ;5
Corrientes;SALADAS;Estatal;Urbano; ; ; ;4;245;253;357;338;369;343;338;367;416;368;381;319;291;264;68; ;798; ; ; ;3;132;125;172;174;201;173;180;171;212;171;191;153;144;111;33; ;239;7;27;38;35;38;27;19;27;20;9;10;4;0; ; ; ; ; ; ; ;12;36;58;51;56;54;111;78;83;67;58;52;31;0;0;0;0;9;9;19;19;20;18;17;19;16;15;15;13;12;12;4;0;5;0; ;0
Corrientes;SAN COSME;Estatal;Rural; ; ; ;13;98;132;102;105;102;106;98;83;75;81;96;63;72;58; ; ; ; ; ; ;4;43;71;52;50;51;47;48;43;39;36;51;25;34;24; ; ; ;0;1;1;5;1;1;3;1;6;2;0;0; ; ; ; ; ; ; ; ;4;4;1;15;3;7;14;13;19;14;9;8; ;0;0;0;1;5;7;7;6;4;7;6;6;4;4;4;4;4;4;0;0;6;10; ;4
Corrientes;SAN COSME;Estatal;Urbano;4;8;19;39;77;101;156;174;171;191;224;208;208;177;182;159;151;108; ; ;439;1;5;13;18;38;51;80;93;86;101;121;120;113;84;88;93;68;59; ; ;129;0;4;9;2;2;5;20;15;13;13;23;2; ; ; ; ; ;2; ; ;1;8;20;9;19;20;59;56;43;37;38;28; ;0;0;1;3;4;5;8;10;8;11;11;8;9;9;8;7;7;7;0;0;6;6; ;1
Corrientes;SAN LUIS DEL PALMAR;Estatal;Rural; ; ; ;24;35;51;72;71;87;76;58;82;113;146;146;127;107;112; ; ; ; ; ; ;14;17;21;42;39;45;46;38;47;61;76;68;63;46;63; ; ; ;12;14;22;15;9;17;29;27;30;23;12;7; ; ; ; ; ; ; ; ;18;21;37;34;22;44;71;88;94;79;55;59; ;0;0;0;1;0;1;2;1;4;2;2;4;9;9;9;9;9;9;0;0;8;28;1;15
Corrientes;SAN LUIS DEL PALMAR;Estatal;Urbano; ; ; ;1;264;275;280;308;307;284;279;266;271;229;208;167;171;151;32; ;503; ; ; ;1;124;132;146;170;171;147;139;129;129;104;103;68;78;65;15; ;153;9;10;22;15;13;15;0;7;3;0;0;0;0; ; ; ; ; ; ; ;23;27;45;65;37;40;22;27;24;7;11;4;12;0;0;0;0;12;12;13;13;14;12;11;11;10;10;9;8;8;7;1;0;2;5; ;0
Corrientes;SAN MARTIN;Estatal;Rural; ; ; ;28;91;113;126;144;139;125;158;124;163;130;135;108;107;68; ; ;84; ; ; ;12;44;59;76;63;63;67;83;67;93;62;63;51;52;33; ; ;15;1;6;14;12;16;4;25;20;7;7;2;3; ; ; ; ; ; ; ; ;5;23;32;34;51;16;70;80;70;37;38;19; ;0;0;0;1;3;3;7;8;8;7;7;6;6;6;6;6;6;6;0;0;6;7; ;8
Corrientes;SAN MARTIN;Estatal;Urbano; ; ; ;42;142;159;184;174;164;181;189;182;157;170;128;129;109;107;9; ;327; ; ; ;21;71;82;94;92;87;80;94;75;78;75;54;59;47;39;7; ;70;1;8;7;12;11;14;11;20;8;0;7;0;0; ; ; ; ; ; ; ;4;21;17;13;26;14;40;52;41;36;39;29;5;0;0;0;2;9;9;10;9;8;9;10;9;9;10;7;6;6;6;1;0;0;0; ;0
Corrientes;SAN MIGUEL;Estatal;Rural; ; ; ;55;105;125;139;154;165;141;137;151;73;71;90;70;61;58; ; ;35; ; ; ;29;53;64;64;78;85;71;69;83;41;41;35;33;27;26; ; ;11;7;12;27;26;19;16;1;3;2;0;0;0; ; ; ; ; ; ; ; ;20;39;65;47;52;47;3;3;2; ; ;2; ;0;0;0;1;3;4;8;8;9;8;7;9;4;4;4;3;3;3;0;0;11;13; ;1
Corrientes;SAN MIGUEL;Estatal;Urbano; ; ; ; ;56;54;87;89;78;99;97;103;114;83;84;81;75;56; ; ;220; ; ; ; ;30;27;46;43;40;51;51;58;59;39;43;32;34;25; ; ;76;1;5;7;13;11;11;4;0;1;0;2;0; ; ; ; ; ; ; ; ;4;5;7;15;12;14;49;30;35;30;39;23; ;0;0;0;0;2;1;5;5;5;6;6;6;4;4;4;4;4;4;0;0;3;0; ;0
Corrientes;SAN ROQUE;Estatal;Rural; ; ; ;27;119;115;142;143;156;146;132;157;111;118;105;91;87;65; ; ;103; ; ; ;15;67;55;82;85;84;71;74;79;52;57;47;40;42;29; ; ;32;5;9;13;12;12;25;21;24;13;12;5;0; ; ; ; ; ; ; ; ;13;17;25;45;42;63;59;58;35;51;34;15; ;0;0;0;1;4;4;9;6;12;8;6;10;7;7;7;6;5;5;0;0;11;22; ;4
Corrientes;SAN ROQUE;Estatal;Urbano; ; ; ;76;221;229;258;278;293;269;274;262;308;279;192;185;172;128;36; ;620; ; ; ;41;119;127;138;136;153;136;135;131;161;132;91;76;78;48;24; ;180;0;7;15;15;13;8;57;46;16;9;10;2;7; ; ; ; ; ; ; ;14;22;43;40;39;44;135;114;81;58;48;45;10;0;0;0;3;11;11;15;16;16;15;14;14;9;8;8;7;7;6;0;0;1;1;5;0
Corrientes;SANTO TOME;Estatal;Rural; ; ; ;16;92;84;118;117;149;132;148;111;43;45;60;37;33;29; ; ; ; ; ; ;7;50;51;63;63;72;72;71;54;22;22;31;17;21;17; ; ; ;5;5;10;11;9;6;6;6;8;11;4;1; ; ; ; ; ; ; ; ;15;16;25;35;26;21;20;18;17;12;11;4; ;0;0;0;0;3;3;4;5;8;7;5;4;3;3;3;2;2;2;0;0;9;25; ;4
Corrientes;SANTO TOME;Estatal;Urbano; ;22;51;93;646;853;1108;1088;1096;1137;1149;1091;1104;1057;870;769;706;591;133; ;1426; ;7;29;41;337;440;607;554;539;566;619;570;542;505;406;360;338;279;87; ;390;74;121;109;116;121;89;118;150;152;72;47;26;5; ; ; ; ; ;11;16;127;207;233;290;288;241;377;425;306;207;202;151;71;0;2;4;5;33;41;51;49;48;50;50;49;40;38;35;32;30;30;6;0;0;2; ;0
Corrientes;SANTO TOME;Privado;Urbano;1;7;22;122;243;240;220;197;205;195;189;206;203;169;157;150;138;120;14; ;488;1;2;12;60;126;112;101;87;102;95;102;100;99;76;69;71;56;48;5; ;189;0;2;0;2;0;3;4;5;9;2;3;0;0; ; ; ; ;5; ;1; ;2;1;5; ;4;14;12;15;7;11;10;5;1;2;2;7;12;11;10;10;9;10;10;9;8;7;7;7;7;7;1;0;4;0; ;0
Corrientes;SAUCE;Estatal;Rural; ; ; ;10;11;26;33;29;35;33;41;44;16;28;21;13;13;12; ; ; ; ; ; ;2;5;14;18;18;19;18;23;26;6;12;10;6;5;6; ; ; ;0;3;3;3;2;1;2;9;6;1;1;2; ; ; ; ; ; ; ; ;2;5;5;8;9;16;5;19;10;5;6;6; ;0;0;0;0;1;0;0;0;0;0;2;2;2;2;2;2;2;2;0;0;7;16; ;2
Corrientes;SAUCE;Estatal;Urbano; ; ; ;21;100;106;147;149;148;149;136;135;108;95;78;70;49;44;7; ;345; ; ; ;11;39;45;79;77;74;64;61;63;60;56;41;26;19;18;5; ;73;1;2;4;4;3;1;8;22;12;8;4;4;2; ; ; ; ;3; ; ;37;38;40;37;46;35;35;45;40;30;11;7;5;0;0;0;1;5;5;9;9;9;10;9;9;5;5;4;3;3;3;1;0;1;0; ;0
Entre Ríos;COLON;Estatal;Rural; ; ;11;13;54;65;80;96;96;96;107;76;180;160;142;116;79;63;9; ; ; ; ;4;2;29;35;38;42;47;54;60;33;109;89;70;61;35;31;6; ; ;1;10;8;11;8;1;27;30;19;14;5;1;0; ; ; ; ; ; ; ;1;17;12;17;16;3;92;84;56;37;25;22;2;0;0;0;0;0;1;3;2;3;2;3;3;12;11;11;9;9;9;2;0;13;28; ;6
Entre Ríos;COLON;Estatal;Urbano; ; ;25;179;570;682;823;993;953;934;923;913;831;837;741;690;533;492;166; ;693; ; ;13;86;304;330;409;520;488;481;480;477;444;426;377;344;267;228;92; ;110;0;85;68;68;49;31;113;121;91;90;24;3;0; ; ; ; ; ;4;5;16;113;115;110;122;82;256;312;276;254;144;116;9;0;0;3;11;25;29;46;48;48;45;45;46;36;36;31;30;30;28;9;0;26;8; ;2
Entre Ríos;COLON;Privado;Urbano;8;50;55;112;166;134;107;101;106;106;100;112;242;244;216;222;185;188; ; ; ;2;29;32;60;86;68;51;42;33;52;46;55;109;84;93;103;83;76; ; ; ;0;0;0;0;0;0;3;3;3;8;1;0; ; ; ; ; ; ; ; ; ; ; ; ; ; ;8;6;7;18;20;9; ;1;4;4;6;7;6;5;4;4;4;4;4;9;9;9;9;9;9;0;0;6;0; ;0
Entre Ríos;CONCORDIA;Estatal;Rural; ; ; ;35;208;267;299;313;288;330;382;334;405;449;392;346;268;212;33; ; ; ; ; ;21;104;129;151;174;156;166;218;186;224;228;188;161;130;94;13; ; ;24;32;22;34;43;45;49;91;65;68;28;6;0; ; ; ; ; ; ;1;25;40;40;44;69;76;177;249;174;157;102;90;8;0;0;0;2;7;8;16;17;17;17;18;17;21;20;18;17;14;14;2;0;17;26; ;4
Entre Ríos;CONCORDIA;Estatal;Urbano; ;21;174;669;1593;1959;2373;2462;2352;2458;2499;2269;2852;2899;2405;1990;1647;1428;156; ;3362; ;11;91;339;806;1014;1181;1295;1214;1225;1276;1166;1455;1458;1222;940;787;701;109; ;1103;161;259;271;311;250;223;308;371;259;150;87;9;0; ; ; ; ; ;10; ;218;357;482;546;503;462;798;980;831;650;492;410;37;0;1;10;43;78;78;118;122;123;124;123;119;121;115;103;89;82;76;11;0;28;0; ;0
Entre Ríos;CONCORDIA;Privado;Urbano; ; ;24;317;681;747;866;885;911;944;986;906;638;638;572;577;479;488; ; ;1218; ; ;9;156;332;366;399;441;461;462;468;465;287;304;271;277;228;237; ; ;270;1;15;28;27;38;11;22;51;14;22;10;0; ; ; ; ; ; ; ; ;2;23;40;49;73;70;57;109;69;69;60;53; ;0;0;2;21;35;37;39;39;42;39;39;38;26;25;25;21;21;21;0;0;1;3; ;0
Entre Ríos;DIAMANTE;Estatal;Rural; ; ; ;50;76;95;90;104;122;103;105;116;120;137;114;113;102;98;9; ;53; ; ; ;30;44;42;48;52;71;58;47;60;58;59;54;57;48;45;6; ;17;1;9;8;2;8;5;12;18;14;12;3;0;0; ; ; ; ; ; ; ;2;9;8;9;10;5;20;32;30;23;17;20;1;0;0;0;2;1;4;3;3;5;5;5;4;11;11;11;11;11;11;1;0;20;34; ;4
Entre Ríos;DIAMANTE;Estatal;Urbano;2;44;82;199;287;290;351;368;380;388;373;360;474;522;384;322;266;198;73; ;625;2;24;39;102;144;162;193;200;216;212;203;176;260;282;193;174;128;100;52; ;111;0;21;25;23;16;23;49;108;60;49;7;2;0; ; ;11;2; ; ; ;1;30;35;36;30;31;116;215;122;130;92;56;17;1;5;7;12;13;13;25;26;25;22;25;23;26;25;23;19;19;19;5;0;20;6; ;1
Entre Ríos;DIAMANTE;Privado;Rural; ; ; ;1;5;9;13;8;15;17;16;10;9;6;7; ; ; ; ; ; ; ; ; ;1;3;3;9;6;6;11;7;4;6;1;1; ; ; ; ; ; ;1;0;0;2;2;0;3;1;0; ; ; ; ; ; ; ; ; ; ; ;1; ; ;2;4;2;5;3;2; ; ; ; ;0;0;0;0;0;0;1;1;1;1;1;1;1;1;1;0;0;0;0;0;1;3; ;1
Entre Ríos;DIAMANTE;Privado;Urbano; ; ;24;44;198;217;232;255;236;254;243;286;254;232;231;228;211;196; ; ;229; ; ;7;22;91;113;111;137;131;140;110;137;105;98;115;86;95;87; ; ;29;0;2;4;0;1;0;5;3;6;3;3;0; ; ; ; ; ; ; ; ; ;2;5;1;2;2;6;6;20;13;14;11; ;0;0;2;3;12;11;12;12;11;11;11;12;9;9;9;9;9;9;0;0;0;0; ;0
Entre Ríos;Enmascarado;Privado;Rural; ; ; ;14;26;28;18;21;24;25;23;18;62;59;51;53;36;38;7; ; ; ; ; ;4;13;15;8;10;14;16;10;12;31;29;21;24;12;14;4; ; ;0;0;0;1;0;0;4;6;3;1;0;0;0; ; ; ; ; ; ; ; ; ; ;3; ;1;9;17;8;6;1;5;1;0;0;0;1;1;1;1;2;1;1;1;1;3;3;2;2;2;2;1;0;1;2; ;2
Entre Ríos;Enmascarado;Privado;Urbano; ; ;25;30;221;273;284;281;302;274;288;290;120;144;119;122;102;100; ; ;155; ; ;12;18;124;141;130;139;152;137;153;150;55;60;51;47;39;45; ; ;66;0;12;14;8;1;2;4;4;4;6;1;0; ; ; ; ; ; ;6; ;17;14;24;20;17;17;9;12;14;21;12;15; ;0;0;2;2;14;14;15;16;16;14;14;14;8;7;7;5;4;4;0;0;2;0; ;0
Entre Ríos;FEDERACION;Estatal;Rural; ; ; ;57;115;123;147;171;177;174;158;159;260;296;232;158;146;108;30; ; ; ; ; ;27;56;61;96;94;93;95;81;84;143;170;117;73;65;50;16; ; ;1;13;8;10;1;4;59;86;36;33;11;2;0; ; ; ; ;2; ; ;1;14;9;15;2;6;95;146;90;75;31;39;15;0;0;0;1;3;5;6;4;7;7;5;4;15;14;14;11;11;11;2;0;22;53; ;6
Entre Ríos;FEDERACION;Estatal;Urbano; ; ; ;217;577;634;720;833;811;837;786;773;1065;956;771;689;454;328;98; ;392; ; ; ;113;279;330;359;447;404;443;395;385;602;502;436;331;203;148;64; ;55;0;66;70;37;27;37;237;244;155;157;38;2;0; ; ; ; ; ; ; ;9;113;127;114;110;53;400;424;317;309;146;81;12;0;0;0;12;22;26;39;38;44;41;38;38;44;40;32;29;26;23;6;0;22;5; ;3
Entre Ríos;FEDERACION;Privado;Urbano; ; ; ; ;404;419;460;457;471;469;478;494;316;291;286;266;213;220; ; ;55; ; ; ; ;194;206;240;239;213;245;230;232;138;117;108;112;81;86; ; ;3;0;1;7;3;5;2;26;28;16;20;5;0; ; ; ; ; ; ; ; ;1;1;7;5;5;4;30;53;60;58;43;24; ;0;0;0;0;22;21;21;20;19;20;19;20;11;11;11;10;10;10;0;0;0;0; ;0
Entre Ríos;FEDERAL;Estatal;Rural; ; ;5;26;63;59;79;82;82;77;79;90;89;108;89;59;48;39;12; ; ; ; ;3;17;33;30;32;46;38;39;39;50;57;50;37;25;20;22;7; ; ;1;8;6;15;9;8;26;18;8;5;2;2;0; ; ; ; ; ; ; ;3;8;8;17;11;14;36;53;33;23;15;18;2;0;0;0;0;1;2;7;4;4;5;4;5;7;7;7;5;5;5;1;0;9;22;1;18
Entre Ríos;FEDERAL;Estatal;Urbano;6;13;31;129;256;260;280;325;303;291;300;287;343;387;307;268;204;189;85; ;549;5;8;21;58;119;142;142;177;139;155;151;141;179;210;165;136;97;86;50; ;100;0;30;44;49;40;34;44;94;59;34;14;2;0; ; ; ; ; ; ; ; ;33;72;65;62;59;108;161;117;98;67;49;17;0;0;1;8;16;13;20;19;20;18;20;18;20;19;19;16;15;14;4;0;8;4; ;3
Entre Ríos;FELICIANO;Estatal;Rural; ; ; ;6;23;21;30;30;36;30;31;29;113;84;106;79;82;56;21; ; ; ; ; ;5;10;11;15;21;18;11;16;15;65;45;55;37;33;22;12; ; ;0;0;4;1;2;0;11;6;5;5;6;0;0; ; ; ; ; ; ; ; ; ;4;4;3;2;58;48;53;37;39;16;10;0;0;0;1;0;3;4;4;4;4;4;4;6;6;6;5;5;5;1;0;10;14; ;4
Entre Ríos;FELICIANO;Estatal;Urbano; ;10;20;58;125;147;157;174;193;188;189;182;185;163;166;174;163;120;11; ;660; ;9;16;28;52;70;76;87;108;97;96;81;89;83;87;94;83;53;7; ;199;0;23;19;13;14;2;7;11;12;10;11;0;0; ; ;5; ; ;7; ; ;23;24;19;28;11;39;39;37;46;41;28;2;0;0;2;3;6;4;12;15;14;13;16;12;11;11;8;7;8;6;1;0;9;7; ;0
Entre Ríos;GUALEGUAY;Estatal;Rural; ; ; ;6;41;38;45;56;56;50;52;52;41;67;35;40;44;25; ; ; ; ; ; ;5;20;20;23;32;33;25;30;26;15;33;15;15;23;13; ; ; ;1;4;6;7;7;7;4;24;12;7;10;0; ; ; ; ; ; ;1; ;1;4;9;10;8;12;14;34;18;17;24;5; ;0;0;0;0;0;1;2;1;1;1;2;2;5;5;6;3;3;3;0;0;10;24;2;9
Entre Ríos;GUALEGUAY;Estatal;Urbano; ;21;61;176;612;677;720;745;811;826;769;803;943;946;736;621;479;443;86; ;1169; ;12;30;97;313;329;366;381;415;428;397;402;475;503;369;299;211;214;45; ;265;8;50;34;44;28;20;177;254;122;87;48;1;0; ; ; ; ; ; ; ;29;77;67;87;60;41;416;505;326;287;207;173;16;0;2;5;12;36;38;43;41;44;44;43;42;39;40;35;28;24;24;5;0;2;6; ;0
Entre Ríos;GUALEGUAY;Privado;Urbano; ; ; ;19;94;111;120;128;127;133;128;123;138;149;165;120;122;122; ; ;260; ; ; ;11;49;51;56;62;59;68;72;65;79;75;76;58;65;57; ; ;37;0;3;3;1;2;0;0;1;9;7;5;0; ; ; ; ; ; ; ; ; ;3;4;6;2;5;40;4;10;12;11;2; ;0;0;0;2;6;6;6;6;6;6;6;6;7;7;7;6;6;6;0;0;0;0; ;0
Entre Ríos;GUALEGUAYCHU;Estatal;Rural; ; ;5;40;104;116;125;146;158;142;141;155;179;172;168;166;118;87; ; ; ; ; ;3;27;48;64;64;79;80;71;74;76;82;80;71;70;45;34; ; ; ;1;9;14;5;6;8;33;46;32;25;15;0; ; ; ; ; ; ; ; ;3;16;24;8;20;12;58;77;67;64;39;29; ;0;0;1;1;2;3;4;5;5;4;6;4;12;12;11;11;11;11;0;0;18;47; ;25
Entre Ríos;GUALEGUAYCHU;Estatal;Urbano;1;29;90;288;622;718;853;1123;1112;1152;1211;1175;1245;1207;1074;963;797;703;170; ;1262;1;15;54;146;330;376;445;566;560;588;640;618;696;642;576;541;394;343;121; ;215;5;74;90;75;78;60;175;171;187;112;67;6;0; ; ; ; ; ; ; ;16;83;121;112;122;117;465;505;407;357;262;191;45;0;3;6;20;31;35;59;71;67;71;71;68;59;56;55;52;49;47;13;0;30;4; ;0
Entre Ríos;GUALEGUAYCHU;Privado;Urbano; ; ;55;323;584;643;689;690;726;711;737;704;774;764;751;645;640;618;49; ;1236; ; ;26;168;302;330;327;370;363;377;360;352;367;346;342;290;302;262;21; ;383;0;9;5;2;0;2;16;27;15;10;10;0;0; ; ; ; ; ; ;1; ;10;7;7;3;10;91;54;80;52;34;26;19;0;0;5;24;33;33;32;33;34;31;32;31;30;30;29;27;28;26;2;0;5;0; ;0
Entre Ríos;ISLAS DEL IBICUY;Estatal;Rural; ;9;12;57;88;94;171;160;163;177;173;144;167;176;133;132;103;75;12; ;189; ;1;4;28;35;45;94;87;96;84;98;74;80;92;69;59;51;35;8; ;13;18;11;23;14;15;8;19;31;15;18;3;2;0; ; ; ; ; ; ; ;20;18;33;48;35;27;62;60;46;58;33;18;4;0;1;1;3;3;4;7;7;9;8;8;8;11;10;9;7;6;6;1;0;16;26;1;1
Entre Ríos;ISLAS DEL IBICUY;Estatal;Urbano; ; ;9;30;57;33;28;53;29;41;39;35;68;79;62;55;42;17;20; ;76; ; ;4;20;30;22;17;28;17;21;23;20;40;36;33;27;17;10;10; ;11;0;4;2;1;1;1;12;16;12;17;2;1;0; ; ; ; ; ; ; ; ;5;5;10;5;7;39;43;37;29;21;12;10;0;0;1;2;5;3;3;4;2;3;3;2;5;4;3;3;3;3;2;0;1;0; ;0
Entre Ríos;LA PAZ;Estatal;Rural; ; ; ;53;149;199;243;260;219;234;237;248;336;372;290;243;232;183;21; ; ; ; ; ;25;74;95;125;133;120;139;126;130;195;204;128;121;112;79;11; ; ;3;14;16;16;14;13;38;80;62;32;19;3;0; ; ; ; ; ;1; ;4;17;22;33;27;31;114;153;134;85;91;55;8;0;0;0;2;6;8;15;11;9;12;11;14;22;21;19;18;16;16;2;0;22;55; ;19
Entre Ríos;LA PAZ;Estatal;Urbano; ; ;52;329;548;569;680;785;745;783;799;708;833;819;672;606;469;343;62; ;1688; ; ;30;181;277;269;346;396;359;416;408;359;436;446;301;297;227;126;43; ;459;16;53;38;37;31;24;98;164;135;76;40;0;0; ; ; ; ; ;2; ;32;70;71;116;73;69;312;327;287;292;193;103;22;0;0;3;22;32;28;47;48;49;50;45;48;41;39;32;30;30;26;5;0;13;7; ;2
Entre Ríos;LA PAZ;Privado;Urbano; ; ; ;66;219;247;257;263;268;311;300;290;355;295;265;250;230;176;17; ;321; ; ; ;23;121;127;137;134;126;168;161;145;172;157;134;112;93;84;17; ;14;0;3;18;9;6;4;6;9;10;10;3;0;0; ; ; ; ; ; ; ; ;10;31;25;14;11;44;44;34;21;24;11;2;0;0;0;4;12;15;14;15;16;16;14;15;15;13;12;11;11;11;1;0;0;0; ;0
Entre Ríos;NOGOYA;Estatal;Rural;8; ;11;61;83;96;122;176;133;159;156;170;166;212;164;185;134;113;19; ; ;3; ;6;27;43;41;65;86;69;76;78;87;90;97;87;85;55;45;8; ; ;0;10;5;6;8;6;7;31;17;19;13;1;0; ; ; ; ; ;1; ; ;11;10;17;9;13;26;38;41;46;37;18;3;1;0;1;0;0;2;5;5;6;7;6;7;14;13;12;13;13;12;3;0;24;52;2;22
Entre Ríos;NOGOYA;Estatal;Urbano;14;67;108;122;200;219;271;296;262;307;297;271;367;348;300;204;184;143;31; ;503;8;35;50;61;112;109;144;153;145;156;157;156;185;198;156;112;76;58;27; ;131;0;25;22;18;12;16;70;66;63;24;20;0;0; ; ;4; ; ; ; ;1;29;41;40;44;31;156;163;147;106;90;35;14;2;6;10;8;9;13;22;21;22;23;20;20;19;17;17;14;13;12;3;0;13;3; ;0
Entre Ríos;NOGOYA;Privado;Urbano;24;77;79;180;215;213;202;221;229;216;231;221;241;240;216;223;193;181; ; ;177;12;36;40;92;111;110;99;110;114;115;109;101;111;107;116;110;74;76; ; ;6;0;1;7;0;4;3;4;13;7;4;6;0; ; ; ; ; ; ; ; ; ;1;7; ;4;3;6;23;13;20;26;10; ;2;4;3;12;11;11;8;8;8;8;8;8;9;9;9;8;8;8;0;0;0;0; ;0
Entre Ríos;PARANA;Estatal;Rural; ; ; ;92;172;181;211;240;291;275;268;263;350;350;317;281;260;225;42; ; ; ; ; ;39;86;94;113;133;145;163;129;149;195;192;166;153;131;112;26; ; ;8;26;32;19;13;12;58;81;28;28;5;0;0; ; ; ; ; ; ; ;12;29;42;29;27;27;95;137;89;70;68;59;11;0;0;0;3;6;4;7;7;10;9;5;7;29;29;29;28;28;28;6;0;34;82;1;15
Entre Ríos;PARANA;Estatal;Urbano;44;87;228;1283;2150;2339;2871;3436;3298;3513;3700;3366;4235;4172;3420;2996;2420;1964;568; ;1913;19;46;119;644;1089;1213;1464;1767;1694;1779;1878;1683;2321;2232;1788;1531;1207;962;354; ;643;53;339;335;288;285;221;611;769;526;319;166;12;0; ;1; ; ;21;10;15;151;482;590;583;662;548;1489;1869;1526;1325;911;632;144;5;5;13;84;101;127;217;233;220;216;220;206;218;208;187;171;158;151;41;0;123;11; ;14
Entre Ríos;PARANA;Privado;Rural; ; ; ;13;24;21;29;33;35;22;34;19;18;11;15;15;17;15; ; ; ; ; ; ;9;12;12;17;21;18;14;14;11;8;2;8;8;6;5; ; ; ;0;1;1;1;0;0;0;1;0;1;0;0; ; ; ; ; ; ; ; ; ;1;3;1; ; ;1;2; ;2;1;1; ;0;0;0;1;1;1;2;2;2;2;2;2;1;1;1;1;1;1;0;0;1;1; ;0
Entre Ríos;PARANA;Privado;Urbano; ;31;155;1000;1721;1977;2171;2361;2329;2354;2453;2340;2195;2080;2000;1931;1766;1746;41; ;1802; ;15;79;469;847;989;1102;1197;1187;1145;1215;1176;1012;974;927;894;795;789;27; ;498;1;25;34;14;13;4;54;54;60;66;28;0;0; ; ;3; ; ;4;7;2;26;45;30;36;31;89;116;141;160;121;102;6;0;3;14;72;102;102;98;101;97;95;97;94;81;79;81;77;75;77;3;0;5;2; ;0
Entre Ríos;SAN SALVADOR;Estatal;Rural; ; ; ;4;50;52;65;71;82;85;86;77;41;46;40;34;30;32;28; ; ; ; ; ;2;25;21;32;35;37;42;41;40;24;32;17;17;12;12;14; ; ;4;6;11;7;7;11;7;4;2;2;2;1;0; ; ; ; ; ; ; ;6;6;16;19;12;13;10;14;5;4;9;3;4;0;0;0;0;3;4;3;3;4;3;3;3;3;3;3;2;2;2;1;0;4;11; ;3
Entre Ríos;SAN SALVADOR;Estatal;Urbano; ; ;31;87;164;146;194;174;181;212;211;196;312;345;280;259;235;179;62; ;278; ; ;18;44;85;69;103;78;91;105;110;98;157;177;139;114;105;78;34; ;44;14;10;15;9;11;13;36;73;51;57;18;2;0; ; ; ; ; ; ; ;20;17;21;27;33;16;84;114;98;107;41;42;8;0;0;3;6;9;9;12;11;11;12;10;9;15;15;13;11;11;11;3;0;2;0; ;0
Entre Ríos;TALA;Estatal;Rural; ; ; ;22;32;46;42;32;40;44;56;43;52;41;45;32;40;29; ; ; ; ; ; ;10;19;29;20;15;24;25;32;22;27;24;20;15;20;15; ; ; ;0;0;2;2;4;2;6;10;8;3;4;0; ; ; ; ; ; ; ; ; ; ;2;2;4;4;15;18;19;11;9;7; ;0;0;0;1;1;2;3;2;2;2;3;3;4;4;4;4;4;4;0;0;8;13;4;13
Entre Ríos;TALA;Estatal;Urbano;3;31;51;146;230;258;309;319;359;348;376;338;435;439;350;294;222;186;62; ;637;2;18;27;75;108;139;144;162;190;189;187;179;228;236;182;128;105;87;32; ;123;0;15;25;20;15;14;88;143;69;69;21;3;0; ; ; ; ; ; ; ; ;15;30;31;22;32;136;192;142;112;62;40;11;0;3;4;10;15;15;19;18;19;21;19;16;25;23;18;17;16;15;5;0;8;6; ;3
Entre Ríos;TALA;Privado;Urbano; ; ; ;54;67;73;91;78;94;88;85;81;89;87;90;84;53;54; ; ;13; ; ; ;25;31;37;41;47;48;41;41;39;54;34;27;35;16;19; ; ;3;0;3;2;0;0;0;2;4;2;4;3;0; ; ; ; ; ; ; ; ; ;3;2; ; ; ;3;5;4;7;4;16; ;0;0;0;4;4;4;5;4;4;4;4;4;4;4;4;3;3;3;0;0;0;0; ;0
Entre Ríos;URUGUAY;Estatal;Rural; ; ;12;91;181;201;227;239;245;259;224;238;351;325;268;246;176;187;4; ; ; ; ;6;37;96;100;111;120;123;115;116;113;175;172;133;125;74;85;3; ; ;0;2;7;6;5;4;44;64;27;30;15;1;0; ; ; ; ;7; ; ;7;3;7;13;9;6;79;119;90;77;48;40;2;0;0;1;4;7;6;11;10;11;9;10;13;20;19;19;15;15;16;1;0;18;39; ;16
Entre Ríos;URUGUAY;Estatal;Urbano;17;41;112;312;599;773;884;909;1031;974;1142;1072;1282;1232;1121;941;778;666;155; ;186;5;23;57;169;297;392;465;453;544;509;605;541;652;650;512;473;376;349;92; ;43;0;26;35;37;45;40;178;209;197;104;58;6;0; ; ; ; ;3;5; ;6;38;102;78;97;124;400;480;450;363;262;189;29;3;3;6;12;21;38;59;58;64;55;60;62;67;66;53;51;45;45;13;0;51;8;1;0
Entre Ríos;URUGUAY;Privado;Rural; ; ; ;29;36;56;41;49;50;61;61;39;50;61;54;54;31;31;15; ; ; ; ; ;14;21;27;18;28;25;37;38;21;23;30;27;26;11;16;9; ; ;0;0;1;0;4;1;2;5;1;1;1;0;0; ; ; ; ; ; ; ; ; ;1; ;4;1;2;9;17;4;4;6;1;0;0;0;2;3;3;2;3;3;4;3;2;2;2;2;2;2;2;1;0;1;2; ;0
Entre Ríos;URUGUAY;Privado;Urbano;6;32;38;160;355;384;398;406;413;434;409;412;421;391;414;375;367;326; ; ;332;2;21;18;78;172;200;200;210;209;216;198;204;197;169;191;168;173;144; ; ;22;0;7;3;4;3;5;3;6;11;9;9;0; ; ; ; ; ; ; ; ; ;9;6;11;9;9;58;51;64;56;59;35; ;1;2;3;11;17;17;18;18;18;19;18;18;16;15;15;15;15;14;0;0;6;0; ;0
Entre Ríos;VICTORIA;Estatal;Rural; ; ; ;22;40;33;51;47;47;58;61;47;107;133;111;103;75;61;4; ; ; ; ; ;8;25;18;23;30;23;34;31;23;52;62;56;53;34;33;2; ; ;2;3;4;4;1;4;21;37;15;12;3;0;0; ; ; ; ; ; ; ;2;5;4;10;4;7;38;60;51;41;30;19; ;0;0;0;0;2;1;4;3;4;3;2;1;9;9;9;8;9;7;1;0;11;26;9;7
Entre Ríos;VICTORIA;Estatal;Urbano;36;47;123;190;344;401;441;463;488;462;445;448;437;455;396;339;277;217;38; ;686;16;21;66;101;172;198;229;241;234;240;259;222;258;252;196;156;142;114;27; ;175;19;43;29;39;29;19;66;96;82;42;13;0;0; ;11;4; ; ;11;12;45;71;75;80;81;70;132;189;147;104;61;59;6;3;1;7;14;23;23;26;28;27;27;25;24;21;21;18;17;17;15;2;0;16;0; ;0
Entre Ríos;VICTORIA;Privado;Urbano; ; ;26;62;81;92;108;96;106;111;126;101;124;142;117;119;132;106; ; ;382; ; ;12;30;49;38;47;55;49;50;60;42;60;59;50;48;48;47; ; ;80;0;0;0;1;0;0;0;5;4;5;0;0; ; ; ; ; ; ; ; ;1; ; ;1; ; ;5;6;8;8;4;4; ;0;0;2;4;4;4;4;4;4;4;5;4;6;6;6;6;6;5;0;0;0;0; ;0
Entre Ríos;VILLAGUAY;Estatal;Rural; ; ;5;51;123;136;122;155;165;147;173;141;243;233;203;177;145;139;28; ; ; ; ;5;22;54;72;66;72;80;76;91;73;130;140;95;75;76;61;17; ; ;1;10;13;4;4;2;24;47;26;17;6;0;0; ; ; ; ; ;1;2;3;10;17;9;18;13;73;91;84;66;38;44;8;0;0;1;2;2;5;5;6;6;3;4;6;16;15;15;14;13;12;2;0;23;51;5;27
Entre Ríos;VILLAGUAY;Estatal;Urbano; ;8;48;177;454;496;562;619;674;625;686;568;606;618;544;458;387;317;65; ;1064; ;6;28;88;256;235;291;319;351;326;357;292;338;327;276;231;174;158;42; ;249;14;71;71;52;47;31;63;88;76;33;11;0;0; ; ; ; ; ; ;1;20;85;111;81;96;69;202;287;276;213;141;121;7;0;1;2;12;25;25;38;36;41;36;38;35;30;27;25;20;18;17;3;0;11;3; ;0
Entre Ríos;VILLAGUAY;Privado;Urbano; ; ; ;30;106;131;143;118;130;150;134;143;136;154;127;148;112;129; ; ;371; ; ; ;13;48;69;73;62;65;77;61;64;65;65;54;64;59;46; ; ;107;0;0;1;0;2;0;2;4;2;4;1;0; ; ; ; ; ; ; ; ; ; ;1; ;2; ;12;18;21;14;9;15; ;0;0;0;2;6;6;6;6;6;6;6;6;6;6;6;6;5;5;0;0;0;0; ;0
Formosa;BERMEJO;Estatal;Rural; ; ; ; ;209;259;300;262;274;268;279;276;446;362;242;234;173;144;42; ; ; ; ; ; ;115;140;154;129;156;140;151;149;222;184;118;98;70;75;16; ; ;2;5;13;15;7;11;154;107;49;39;22;18;1; ; ; ; ; ; ; ;11;11;36;31;43;54;267;215;123;133;79;87;31;0;0;0;0;4;9;14;8;11;11;6;10;12;9;8;10;6;6;3;0;40;97;30;0
Formosa;BERMEJO;Estatal;Urbano; ; ; ; ;52;79;126;128;140;152;131;139;221;123;65;53;42;39;5; ;70; ; ; ; ;19;38;65;70;62;76;65;72;113;50;23;17;10;20;2; ;13;0;4;7;4;3;5;95;8;5;4;1;0;0; ; ; ; ; ; ; ;1;6;15;12;4;14;125;45;24;13;13;5;1;0;0;0;0;2;3;7;7;7;8;7;8;5;3;3;3;3;3;1;0;2;2; ;0
Formosa;Enmascarado;Estatal;Urbano; ; ; ; ;79;71;93;77;81;83;66;97;259;144;94;85;72;34; ; ;146; ; ; ; ;45;31;46;45;33;39;31;46;153;66;45;46;38;16; ; ;61;0;0;0;0;0;0;155;81;39;40;25;1; ; ; ; ; ; ; ; ;5;7;3;11;6;13;191;114;66;71;60;21; ;0;0;0;0;0;0;5;4;5;5;4;4;5;3;3;2;2;2;0;0;8;4; ;0
Formosa;Enmascarado;Privado;Rural;6;6;12;11;40;31;30;22;36;26;34;29;74;60;52;46;39;32;5; ; ;4;4;4;4;24;9;15;12;21;13;18;14;43;32;25;22;25;18;4; ; ;2;3;2;4;0;0;4;3;1;3;2;3;3; ; ; ; ; ; ; ;3;4;8;6;7;7;22;9;12;12;9;8;3;2;3;2;3;4;1;2;2;2;2;2;2;3;3;3;3;3;3;1;0;2;0; ;0
Formosa;Enmascarado;Privado;Urbano;1;20;31;49;199;226;226;193;222;219;262;195;164;161;149;131;130;106; ; ;264;0;15;12;27;92;121;97;78;111;111;141;92;73;83;76;64;64;41; ; ;53;0;3;5;4;1;0;13;10;6;3;4;0; ; ; ; ; ; ; ; ; ;10;6;5;7;6;25;27;22;29;18;12; ;1;7;7;7;11;9;10;10;10;11;13;10;6;5;5;5;5;5;0;0;2;0; ;0
Formosa;FORMOSA;Estatal;Rural; ; ; ; ;142;175;156;138;148;155;164;161;186;168;148;124;133;96; ; ; ; ; ; ; ;70;91;86;74;75;86;73;73;101;89;72;63;61;47; ; ; ;0;0;0;0;0;0;24;20;20;3;6;2; ; ; ; ; ; ; ; ;20;4;2;6;5;5;52;60;55;40;52;28; ;0;0;0;0;9;10;9;7;8;10;9;9;10;10;9;8;8;8;0;0;2;18;12;0
Formosa;FORMOSA;Estatal;Urbano; ; ; ; ;2235;2745;3506;3618;3837;3892;4120;4141;4463;4185;3828;3361;3042;2579;449; ;2213; ; ; ; ;1113;1388;1803;1901;2004;1998;2106;2127;2344;2216;1916;1636;1525;1280;293; ;907;18;40;67;46;76;19;410;509;388;269;168;41;1; ; ; ; ; ; ; ;134;115;203;234;237;232;869;1149;1088;944;720;537;69;0;0;0;0;144;169;185;183;191;186;194;192;173;169;153;135;130;124;18;0;4;1; ;0
Formosa;FORMOSA;Privado;Urbano;93;209;444;876;681;612;554;564;551;590;608;589;555;550;601;511;506;541; ; ;1446;41;106;238;435;321;298;269;266;247;290;283;279;255;226;270;226;251;239; ; ;518;0;0;2;0;5;2;2;4;1;0;3;0; ; ; ;11; ; ; ; ; ;1;4; ;9;6;26;35;30;26;20;26; ;27;35;44;61;58;36;26;24;24;24;24;24;21;21;20;20;21;21;0;0;4;0; ;0
Formosa;LAISHI;Estatal;Rural; ; ; ; ;62;84;104;107;96;106;92;123;133;133;114;113;101;74; ; ;35; ; ; ; ;32;38;55;46;52;56;38;65;68;71;58;49;44;33; ; ;10;0;1;0;1;0;0;14;6;7;10;4;0; ; ; ; ; ; ; ; ; ;1; ;1; ;2;41;48;39;55;31;27; ;0;0;0;0;2;3;4;4;3;3;3;4;6;6;5;6;6;6;0;0;11;30;14;0
Formosa;LAISHI;Estatal;Urbano; ; ; ; ;71;112;162;164;129;156;151;142;265;255;198;187;152;126;20; ;378; ; ; ; ;39;53;99;82;64;82;72;61;140;124;104;85;62;56;7; ;96;0;0;0;0;0;0;56;48;26;14;3;0;0; ; ; ; ; ; ; ;4;4; ;2;4;2;82;80;49;60;20;14; ;0;0;0;0;5;8;9;9;9;9;8;8;13;12;11;8;7;7;1;0;0;3; ;0
Formosa;MATACOS;Estatal;Rural; ; ; ; ;30;31;46;57;52;45;44;58;42;40;42;38;33;15; ; ; ; ; ; ; ;20;18;22;28;23;23;25;31;20;15;21;19;11;5; ; ; ;0;0;1;0;0;4;6;1;4;3;4;0; ; ; ; ; ; ; ; ; ; ;2;4;6;13;17;11;17;11;11;2; ;0;0;0;0;1;1;1;1;1;0;0;1;0;0;0;0;0;0;0;0;5;26;10;0
Formosa;MATACOS;Estatal;Urbano; ; ; ; ;177;316;339;306;331;366;333;366;443;392;301;250;239;171; ; ;320; ; ; ; ;83;141;175;152;162;185;150;169;226;211;157;119;109;76; ; ;83;1;0;0;0;1;3;94;86;56;28;26;0; ; ; ; ; ; ; ; ;6;7;14;15;14;20;151;155;164;139;142;95; ;0;0;0;0;8;16;19;17;21;21;17;19;15;11;9;9;8;8;0;0;4;1;1;0
Formosa;PATIÑO;Estatal;Rural; ; ; ; ;279;306;405;396;438;435;468;438;621;613;442;388;307;233;6; ; ; ; ; ; ;133;149;208;199;251;220;239;239;341;348;221;209;150;101;6; ; ;0;1;9;5;8;20;43;51;30;31;14;5;0; ; ; ; ; ; ; ;12;8;40;44;59;91;273;292;179;177;116;81; ;0;0;0;0;13;13;30;22;24;26;20;23;18;15;13;20;16;17;1;0;45;130;74;0
Formosa;PATIÑO;Estatal;Urbano; ; ; ; ;525;817;1015;1039;1040;1103;1157;1082;1248;1167;932;769;679;515;12; ;1605; ; ; ; ;267;410;540;515;521;549;602;558;635;587;452;360;303;229;8; ;509;1;10;13;14;17;14;107;148;93;74;44;9;0; ; ; ; ; ;1; ;18;24;32;55;56;65;308;366;253;234;161;88;2;0;0;0;0;28;51;69;64;65;61;63;61;46;45;40;35;32;31;1;0;12;11;3;0
Formosa;PILAGAS;Estatal;Rural; ; ; ; ;104;157;199;187;170;191;208;198;226;221;170;143;124;114;11; ; ; ; ; ; ;55;79;96;110;81;96;102;82;113;109;80;70;59;42;6; ; ;0;1;0;0;2;0;46;38;26;11;11;5;0; ; ; ; ; ; ; ;1;1;4;9;5;17;73;83;60;46;31;16; ;0;0;0;0;5;7;18;12;14;13;12;14;11;10;10;11;9;8;2;0;14;37;11;0
Formosa;PILAGAS;Estatal;Urbano; ; ; ; ;106;182;150;175;146;160;195;164;230;220;178;167;165;105; ; ;139; ; ; ; ;48;92;86;89;72;81;95;88;125;130;92;80;72;41; ; ;31;0;0;0;0;0;0;35;51;30;26;13;2; ; ; ; ; ; ; ; ; ; ; ; ;1;2;68;80;52;58;40;14; ;0;0;0;0;5;11;11;13;10;10;13;11;10;9;7;6;6;6;0;0;1;0; ;0
Formosa;PILCOMAYO;Estatal;Rural; ; ; ; ;197;246;280;332;284;329;322;312;299;260;257;143;129;105; ; ; ; ; ; ; ;103;129;140;163;134;167;173;173;153;134;130;79;73;51; ; ; ;0;0;1;1;3;0;34;44;24;22;24;6; ; ; ; ; ; ; ; ;19;25;22;17;16;15;67;90;77;56;47;21; ;0;0;0;0;4;6;25;22;28;24;19;24;15;12;15;9;8;8;0;0;30;37;16;0
Formosa;PILCOMAYO;Estatal;Urbano; ; ; ; ;659;1145;1336;1377;1344;1408;1471;1344;1485;1342;1152;1080;931;786;97; ;990; ; ; ; ;343;578;724;716;666;723;738;672;820;669;574;553;427;380;67; ;342;0;2;15;2;2;4;195;210;148;111;37;12;2; ; ; ; ; ; ; ;13;7;25;22;14;19;340;431;325;286;169;90;14;0;0;0;0;30;61;69;71;67;63;67;57;57;61;57;51;47;42;5;0;6;4; ;0
Formosa;PILCOMAYO;Privado;Urbano;2;14;54;143;228;188;162;169;180;188;167;171;285;273;287;274;219;213;80; ;599;0;9;24;69;114;109;85;82;87;79;87;84;150;151;143;121;118;95;51; ;149;0;0;0;0;0;0;7;11;9;3;4;7;0; ; ; ; ; ; ; ; ; ; ; ; ; ;14;29;35;38;23;24;1;1;3;5;9;13;8;6;6;6;6;6;6;10;9;9;9;9;9;3;0;4;0; ;0
Formosa;PIRANE;Estatal;Rural; ; ; ; ;123;150;194;192;165;180;188;191;312;243;259;220;201;139;29; ; ; ; ; ; ;68;78;97;91;82;91;79;106;189;131;150;122;99;59;17; ; ;0;1;0;2;0;1;18;21;13;14;11;2;0; ; ; ; ; ; ; ;4;2; ;4;5;11;107;95;89;104;46;37;4;0;0;0;0;5;6;15;10;12;14;8;14;27;16;18;17;13;13;3;0;26;100;45;0
Formosa;PIRANE;Estatal;Urbano; ; ; ; ;440;744;1012;960;1013;954;1089;1012;1269;1116;875;804;704;519;82; ;946; ; ; ; ;217;363;498;503;529;469;543;487;639;585;433;406;339;241;47; ;281;0;0;1;0;0;2;172;142;74;69;29;1;0; ; ; ; ; ; ; ;3;3;10;11;15;17;353;351;251;273;185;109;5;0;0;0;0;24;49;62;62;63;62;64;64;49;47;43;36;35;30;5;0;4;0;1;0
Formosa;PIRANE;Privado;Urbano;8;22;80;111;166;114;115;131;105;132;116;139;123;120;113;105;98;79; ; ; ;4;15;47;50;90;50;56;56;56;69;52;62;59;51;53;48;48;33; ; ; ;0;1;0;2;0;0;1;9;2;3;4;0; ; ; ; ; ; ; ; ;1;1; ;2; ;4;3;14;10;8;5;4; ;3;7;7;8;13;7;7;7;6;6;5;6;5;5;4;4;4;4;0;0;2;0; ;0
Formosa;RAMON LISTA;Estatal;Rural; ; ; ; ;272;366;502;481;429;428;472;477;927;581;373;275;232;162;3; ;10; ; ; ; ;123;188;246;238;204;240;227;229;498;309;212;124;114;82;0; ;5;3;14;36;28;27;37;211;166;63;67;30;7;0; ; ; ; ; ; ; ;31;56;82;62;79;94;653;436;273;199;154;94;1;0;0;0;0;5;10;24;19;15;16;13;19;21;16;14;10;8;8;1;0;28;85;5;0
Jujuy;COCHINOCA;Estatal;Rural; ; ; ;22;35;36;29;48;38;49;42;62;55;42;51;41;30;41; ; ; ; ; ; ;3;17;18;14;24;18;24;25;31;26;21;26;23;13;20; ; ; ;0;0;0;0;0;0;0;2;6;4;2;1; ; ; ; ; ; ; ; ; ; ; ; ; ; ; ;7;18;11;10;20; ;0;0;0;1;0;2;3;4;0;3;3;2;5;6;6;6;5;5;0;0;11;38;3;11
Jujuy;COCHINOCA;Estatal;Urbano;5;12;23;87;123;178;202;190;186;184;227;198;189;235;261;252;199;210;16; ;652;3;8;18;48;58;91;103;110;84;92;114;102;85;132;125;130;103;98;10; ;193;0;0;0;0;0;0;0;10;23;13;7;7;0; ; ; ; ; ; ; ; ; ; ; ; ; ; ;18;54;54;41;64;6;2;2;2;6;8;9;11;11;11;11;11;11;11;10;11;10;10;8;1;0;0;0; ;0
Jujuy;DOCTOR MANUEL BELGRANO;Estatal;Rural; ; ; ;54;52;67;111;119;139;162;131;141;150;165;198;194;173;147; ; ; ; ; ; ;29;29;33;56;65;70;84;75;82;79;90;121;110;95;79; ; ; ;0;0;0;0;0;0;0;22;23;20;15;5; ; ; ; ; ; ; ;3;1;1; ;8; ;7; ;41;66;92;92;84; ;0;0;0;4;5;6;8;7;8;10;10;10;10;10;9;8;8;8;0;0;4;8;5;0
Jujuy;DOCTOR MANUEL BELGRANO;Estatal;Urbano;81;226;416;876;1928;2528;2803;2971;3213;3512;3813;3654;3631;4235;4296;3803;3390;2964;535; ;8447;49;112;206;430;963;1329;1455;1517;1629;1812;1937;1857;1787;2227;2164;1938;1614;1438;346; ;2423;0;3;2;6;5;2;1;405;529;357;256;118;19; ;5; ; ;12;13;22; ;10;3;16;16;32;35;659;1047;1082;1048;841;158;17;22;32;65;119;141;155;155;159;163;166;165;167;160;151;139;133;114;17;0;9;1; ;0
Jujuy;DOCTOR MANUEL BELGRANO;Privado;Urbano;36;96;424;819;895;966;1038;1076;1126;1161;1262;1237;1156;1531;1551;1385;1380;1302; ; ;6964;24;55;225;417;438;478;490;565;572;568;651;609;561;742;729;683;624;621; ; ;2330;0;0;0;0;0;0;0;97;83;50;55;37; ; ; ; ; ;18;12;7; ; ; ; ; ; ;2;122;213;240;252;209; ;5;11;38;58;49;48;47;49;48;47;46;46;44;55;56;55;52;51;0;0;21;0; ;0
Jujuy;EL CARMEN;Estatal;Rural; ; ; ;57;191;255;329;343;350;362;413;347;335;193;244;200;133;83; ; ; ; ; ; ;30;93;137;173;172;176;172;203;179;175;90;135;107;65;37; ; ; ;0;0;0;0;0;0;0;22;33;26;11;8; ; ; ; ; ; ; ; ; ;1;1; ;2;1;3;29;45;59;45;25; ;0;0;0;6;11;17;21;21;24;22;25;20;22;11;11;10;9;4;0;0;4;7;2;1
Jujuy;EL CARMEN;Estatal;Urbano; ; ;80;410;1039;1219;1424;1530;1553;1454;1734;1661;1552;1926;1873;1627;1476;1322;309; ;1854; ; ;40;213;493;631;731;801;786;737;889;859;783;982;958;835;772;616;216; ;633;0;0;1;2;1;0;0;232;266;154;82;22;0; ; ; ; ; ; ; ;1;2;2;3;3;3;2;357;432;422;367;341;77;0;0;4;24;60;68;72;73;70;69;71;70;68;74;67;58;56;50;12;0;1;0; ;0
Jujuy;EL CARMEN;Privado;Urbano; ;9;24;110;104;103;135;133;133;126;160;141;140;225;231;227;195;188; ; ;304; ;4;15;51;59;58;62;75;55;58;82;74;63;102;96;97;82;81; ; ;109;0;0;0;0;0;0;0;6;9;4;3;0; ; ; ; ; ; ; ; ; ; ; ; ; ; ; ;7;18;22;23;8; ;0;1;1;5;6;5;6;6;7;6;7;6;7;10;10;9;9;9;0;0;2;0; ;0
Jujuy;Enmascarado;Privado;Rural;4;10;25;35;28;15; ; ; ; ; ; ; ; ; ; ; ; ; ; ;795;2;8;20;21;14;7; ; ; ; ; ; ; ; ; ; ; ; ; ; ;318; ; ; ; ; ; ; ; ; ; ; ; ; ; ;2; ; ; ; ; ; ; ; ; ; ; ; ; ; ; ; ; ; ;1;2;3;2;2;1;0;0;0;0;0;0;0;0;0;0;0;0;0;0;3;0; ;0
Jujuy;Enmascarado;Privado;Urbano; ;13;61;168;128;149;126;135;147;148;151;149;134;202;185;160;146;151; ; ;326; ;7;32;93;67;74;69;65;61;82;73;66;66;98;99;80;67;60; ; ;68;0;0;0;0;0;0;0;6;7;7;6;2; ; ; ; ; ; ; ; ; ; ; ; ; ; ; ;6;11;12;8;5; ;0;2;5;11;8;7;6;6;6;6;5;5;5;6;6;5;5;5;0;0;5;1; ;0
Jujuy;HUMAHUACA;Estatal;Rural; ; ; ;23;36;37;59;55;50;81;108;72;80;51;61;68;56;56; ; ; ; ; ; ;14;18;21;27;23;27;48;45;26;43;24;35;30;19;27; ; ; ;0;0;0;0;0;0;0;2;7;3;3;4; ; ; ; ; ; ; ; ; ; ; ;1;1;3;1;17;26;39;24;24; ;0;0;0;1;3;2;2;1;5;5;4;4;3;10;10;10;9;10;0;0;10;44;3;7
Jujuy;HUMAHUACA;Estatal;Urbano;2;13;30;67;174;181;192;207;216;225;283;261;253;289;322;323;282;210;25; ;525;2;9;16;38;99;93;93;100;105;106;133;120;126;149;157;155;127;89;15; ;143;0;0;0;0;0;0;0;38;44;36;19;3;2; ; ; ; ; ; ; ; ; ; ; ; ; ; ;74;75;80;91;47;7;0;0;2;5;9;9;10;10;10;10;10;10;10;15;14;15;14;13;3;0;3;0; ;0
Jujuy;LEDESMA;Estatal;Rural; ; ; ; ;41;58;68;59;64;77;69;77;77;61;56;45;35;34; ; ; ; ; ; ; ;24;24;31;27;34;38;26;42;42;31;29;31;11;18; ; ; ;0;0;0;1;0;0;0;16;9;8;4;5; ; ; ; ; ; ; ; ; ; ; ;2;1;4;5;25;24;20;12;13; ;0;0;0;0;2;3;4;5;5;5;5;5;5;2;2;2;2;2;0;0;0;0;1;0
Jujuy;LEDESMA;Estatal;Urbano; ;38;88;438;998;1131;1222;1315;1304;1337;1486;1409;1293;1428;1491;1241;1102;939;120; ;1639; ;16;51;221;521;589;614;692;662;690;773;746;648;732;768;653;567;445;72; ;418;0;1;0;2;0;1;1;128;171;84;59;25;0; ; ; ; ; ; ; ;2;2; ;4;5;2;9;294;471;386;311;201;38;0;3;6;28;60;65;67;66;67;67;69;67;63;63;59;55;48;45;5;0;1;4; ;0
Jujuy;LEDESMA;Privado;Urbano; ; ;30;78;52;81;109;78;115;93;98;95;97;268;281;294;233;202;158; ;823; ; ;15;43;20;41;57;41;53;41;46;39;45;123;99;136;111;98;87; ;329;0;0;0;0;0;0;0;2;7;1;2;1;0; ; ; ; ; ; ; ; ; ; ; ; ; ; ;3;11;26;17;18;15;0;0;4;6;4;4;4;4;4;4;4;4;4;7;7;7;7;7;5;0;1;0; ;0
Jujuy;PALPALA;Estatal;Rural; ; ; ;8;12;12;15;12;12;19;23;12;22;75;53;45;46;29;24; ; ; ; ; ;2;6;7;8;3;5;9;14;2;12;50;31;32;30;22;15; ; ;0;0;0;0;0;0;0;8;5;4;2;0;0; ; ; ; ; ; ; ; ; ; ; ; ; ; ;12;13;14;13;5;1;0;0;0;0;0;1;0;0;1;0;0;0;0;4;4;3;3;2;1;0;2;10; ;2
Jujuy;PALPALA;Estatal;Urbano;5;36;44;207;482;576;695;790;780;820;888;878;839;840;864;747;650;570;173; ;556;4;20;21;97;227;295;353;403;392;420;447;426;416;426;444;373;314;286;119; ;329;0;0;0;0;0;0;0;56;119;79;59;19;3; ; ; ; ; ; ; ; ;12; ;1;4;7;8;76;211;169;180;180;38;0;2;3;14;28;35;41;41;42;40;42;38;40;32;30;27;26;24;5;0;4;0; ;0
Jujuy;RINCONADA;Estatal;Rural; ; ; ;21;19;26;24;17;22;30;45;21;26;38;43;41;23;21; ; ; ; ; ; ;9;13;16;10;8;11;16;18;10;11;18;25;22;13;14; ; ; ;0;0;0;0;0;0;0;2;0;1;1;0; ; ; ; ; ; ; ; ; ; ; ; ; ; ; ;7;9;4;3;5; ;0;0;0;0;0;1;2;2;3;1;3;1;2;4;5;5;3;4;0;0;8;20;4;1
Jujuy;SAN ANTONIO;Estatal;Rural; ; ; ;12;56;52;55;72;44;72;73;79;82;60;59;62;67;39; ; ; ; ; ; ;9;25;29;27;32;28;36;33;35;40;27;28;36;32;21; ; ; ;0;0;0;0;0;0;0;13;19;6;8;1; ; ; ; ; ; ; ; ; ; ; ; ; ; ; ;14;27;22;24;15; ;0;0;0;1;3;3;4;5;3;6;5;4;5;4;4;4;4;2;0;0;5;8; ;0
Jujuy;SAN PEDRO;Estatal;Rural; ; ; ;44;75;142;124;112;115;116;115;128;122;121;162;127;120;58;12; ; ; ; ; ;23;40;82;66;62;57;50;64;73;74;71;94;72;59;30;5; ; ;0;0;0;0;0;0;0;9;21;6;6;7;7; ; ; ; ; ; ; ; ;1;1; ;1;1;2;13;39;30;32;23;7;0;0;0;4;9;15;11;7;7;10;6;6;6;7;8;8;8;7;1;0;6;23;6;0
Jujuy;SAN PEDRO;Estatal;Urbano;22;35;43;191;603;807;1045;1076;1114;1104;1299;1238;1200;1314;1427;1184;1113;984;141; ;2754;12;16;25;88;294;407;534;513;580;569;661;624;637;641;710;586;612;455;92; ;908;0;0;0;0;0;1;0;102;130;103;46;46;3; ;12;1; ; ; ; ; ; ;1;2;2;5;10;137;308;247;226;210;17;3;3;3;14;36;52;59;57;55;53;61;61;59;55;53;52;49;46;9;0;1;4;1;0
Jujuy;SAN PEDRO;Privado;Urbano; ;3;88;204;165;115;117;123;109;107;129;127;131;198;176;182;185;141; ; ;732; ;2;43;105;73;48;73;68;60;47;52;67;70;80;82;77;80;56; ; ;241;0;0;0;0;0;0;0;5;4;5;7;1; ; ; ; ; ; ; ; ; ; ; ; ; ; ; ;7;6;12;10;6; ;0;1;10;16;13;8;6;6;6;6;6;6;6;8;7;8;7;5;0;0;6;0; ;0
Jujuy;SANTA BARBARA;Estatal;Rural; ; ; ;18;27;33;38;47;47;49;66;47;55;47;57;42;36;29;19; ; ; ; ; ;9;14;21;23;30;26;30;31;28;22;32;38;24;21;16;12; ; ;0;0;0;0;0;0;0;1;0;1;1;2;0; ; ; ; ; ; ; ; ; ; ; ;3; ;1;6;9;7;10;3;2;0;0;0;2;3;2;3;3;4;3;4;5;4;3;3;3;2;2;2;0;3;5;2;1
Jujuy;SANTA BARBARA;Estatal;Urbano; ; ; ;80;188;198;291;282;282;295;353;283;271;283;339;265;225;198;32; ;48; ; ; ;36;100;107;140;151;138;144;184;135;145;138;177;119;108;95;19; ;9;0;0;0;0;0;0;0;22;41;11;19;12;1; ; ; ; ; ; ; ; ; ;1;2;6;2;4;39;78;61;51;48;3;0;0;0;7;13;15;17;16;17;17;16;16;17;14;13;13;9;8;1;0;1;2;2;0
Jujuy;SANTA CATALINA;Estatal;Rural; ; ; ;18;30;27;41;37;50;49;45;47;49;47;43;35;39;34;6; ; ; ; ; ;7;14;13;17;14;26;22;23;30;24;18;23;17;23;16;3; ; ;0;0;0;0;1;1;1;5;3;5;3;3;0; ; ; ; ; ; ; ; ; ; ; ;1;1;1;9;12;12;15;16;5;0;0;0;3;2;2;4;2;7;6;3;3;5;8;8;8;8;8;1;0;7;22;1;5
Jujuy;SUSQUES;Estatal;Rural; ; ; ;29;57;51;64;86;70;76;74;80;78;59;64;50;58;51;4; ;96; ; ; ;13;34;30;37;38;34;42;28;50;39;37;29;27;34;23;2; ;10;0;0;0;0;0;0;0;7;7;11;6;0;0; ; ; ; ; ; ; ; ; ; ; ; ; ; ;5;9;9;12;10; ;0;0;0;2;2;6;6;4;4;4;4;4;6;8;8;8;8;8;1;0;8;18;1;0
Jujuy;TILCARA;Estatal;Rural; ; ; ;23;58;51;56;75;70;66;78;70;79;52;44;40;37;42;9; ; ; ; ; ;14;31;23;34;39;33;39;42;31;42;28;26;26;19;24;5; ; ;0;0;0;0;1;0;1;4;2;0;1;1;0; ; ; ; ; ; ; ; ; ; ; ;2; ;1;7;8;17;10;19;2;0;0;0;2;2;2;3;3;3;5;4;4;5;3;3;3;3;3;1;0;7;17;2;3
Jujuy;TILCARA;Estatal;Urbano; ; ; ;27;88;116;130;149;160;158;181;187;186;314;311;291;276;227;110; ;377; ; ; ;12;48;64;60;75;85;91;89;78;104;168;162;161;140;95;66; ;117;0;0;0;0;0;0;1;17;25;12;8;10;17; ; ; ; ; ; ; ; ; ; ; ; ; ;2;32;52;67;75;57;28;0;0;0;2;7;7;7;7;7;8;8;8;9;14;12;11;10;10;3;0;0;0; ;0
Jujuy;TUMBAYA;Estatal;Rural; ; ; ;22;48;68;70;67;65;94;95;85;84;45;48;59;32;48;1; ; ; ; ; ;10;25;34;30;31;34;54;47;44;42;19;28;33;17;21;1; ; ;0;0;0;0;0;0;0;5;4;7;4;3;0; ; ; ; ; ; ; ; ; ; ; ; ; ; ;10;12;18;9;12;1;0;0;0;1;4;4;4;3;3;4;4;3;4;6;5;6;6;6;1;0;9;29;1;0
Jujuy;VALLE GRANDE;Estatal;Rural; ; ; ;21;29;25;26;31;33;41;36;45;40;37;49;44;35;45;7; ; ; ; ; ;8;19;15;10;13;17;20;17;24;19;18;23;26;15;28;7; ; ;0;0;0;0;0;0;0;1;5;1;0;2;0; ; ; ; ; ; ; ; ; ; ; ; ; ; ;1;8;4;16;10;1;0;0;0;0;0;2;3;2;4;3;3;3;4;6;7;7;7;7;1;0;6;10; ;0
Jujuy;YAVI;Estatal;Rural; ; ; ;37;45;38;44;50;53;57;65;78;69;32;31;29;25;32;5; ; ; ; ; ;19;15;21;19;21;30;30;37;40;36;27;11;18;13;16;2; ; ;0;0;0;0;0;1;0;8;9;4;4;1;0; ; ; ; ;1; ; ; ; ; ;1; ;2;1;9;13;12;19;16;2;0;0;0;6;6;4;6;5;6;4;5;5;5;3;4;4;4;4;1;0;11;32;2;8
Jujuy;YAVI;Estatal;Urbano; ; ; ;113;286;355;384;392;397;435;408;460;432;496;521;469;389;331;97; ;888; ; ; ;55;162;161;210;198;208;225;198;226;224;239;243;225;194;157;59; ;321;0;1;0;1;0;0;0;53;58;39;21;6;2; ; ; ; ; ; ; ; ;2;10;15;8;18;14;81;147;149;124;104;1;0;0;0;7;13;14;19;20;20;20;19;20;19;21;20;18;17;17;4;0;1;0; ;0
La Pampa;ATREUCO;Estatal;Rural; ; ; ;13;24;29;33;37;34;36;39;38;36;43;31;30;29;13; ; ; ; ; ; ;5;11;17;14;21;21;22;14;17;18;24;15;16;13;4; ; ; ;0;0;0;2;0;0;1;8;7;8;2;0; ; ; ; ; ; ; ; ; ; ;1;4;1;2;2;9;8;11;3;3; ;0;0;0;1;0;1;2;3;4;3;3;4;2;2;2;2;2;2;0;0;5;4;1;0
La Pampa;ATREUCO;Estatal;Urbano; ; ; ;33;84;92;95;100;128;125;128;136;91;100;112;105;74;66;13; ;81; ; ; ;11;40;47;51;54;73;71;55;71;52;48;54;64;43;38;11; ;1;0;0;2;1;0;2;12;24;30;24;2;0;0; ; ; ; ; ; ; ; ; ;2;1; ;2;15;30;38;34;10;12;1;0;0;0;1;4;3;6;6;6;6;6;6;4;5;6;6;5;5;1;0;4;0; ;0
La Pampa;CAPITAL;Estatal;Rural; ; ; ;20;29;39;30;25;44;39;44;40;40;52;47;41;27;19; ; ; ; ; ; ;11;15;24;15;9;22;17;18;23;26;35;30;22;16;6; ; ; ;0;0;0;0;0;0;0;14;9;8;4;0; ; ; ; ; ; ; ; ; ; ; ; ;1;3;3;17;10;16;9;5; ;0;0;0;1;1;2;2;2;2;2;2;2;2;2;2;2;2;2;0;0;1;1;1;2
La Pampa;CAPITAL;Estatal;Urbano; ;2;3;801;968;1083;1162;1377;1473;1575;1700;1662;1684;1928;1684;1632;1352;1108;58;97;1638; ;1;3;404;490;562;597;679;770;830;859;849;889;1012;877;846;646;529;40;60;482;1;1;47;19;18;12;199;399;266;264;106;16;1;18; ; ; ; ; ; ;1;2;54;41;55;35;262;574;488;558;350;186;10;0;1;0;45;42;65;75;84;83;86;86;87;73;77;79;75;75;70;4;0;33;1; ;0
La Pampa;CAPITAL;Privado;Urbano;16;72;132;137;249;265;297;284;311;336;304;332;424;460;423;396;366;332; ; ;1598;9;30;66;74;143;139;145;138;153;152;136;153;212;249;241;207;196;161; ; ;227;0;0;0;2;1;0;7;22;22;7;6;0; ; ; ; ; ; ; ; ; ; ; ;3;1; ;8;29;30;23;23;11; ;3;7;9;12;11;12;12;12;12;12;12;12;13;14;14;14;14;12;0;0;5;0; ;0
La Pampa;CATRILO;Estatal;Rural; ; ; ;26;33;34;48;41;47;59;48;54;64;44;54;57;41;36; ; ; ; ; ; ;11;20;18;27;16;17;29;25;27;32;23;24;28;12;18; ; ; ;0;0;0;0;0;0;2;7;7;10;3;0; ; ; ; ; ; ; ; ; ; ; ; ; ; ;3;8;11;12;5;2; ;0;0;0;2;2;2;3;3;3;3;3;4;2;2;3;2;2;2;0;0;1;1; ;1
La Pampa;CHAPALEUFU;Estatal;Rural; ; ; ;34;42;52;53;66;58;62;57;68;55;56;58;51;48;35; ; ; ; ; ; ;16;20;30;22;34;31;44;28;43;29;30;28;25;20;16; ; ; ;0;0;0;0;0;0;3;2;1;3;3;0; ; ; ; ; ; ; ; ; ;3; ;1; ;2;5;8;5;8;6;5; ;0;0;0;1;1;3;3;4;3;4;5;5;2;3;4;3;3;3;0;0;4;5;3;0
La Pampa;CHAPALEUFU;Estatal;Urbano; ; ; ;36;77;88;94;102;107;109;96;88;80;103;66;89;53;64;9; ; ; ; ; ;19;36;48;46;51;45;57;51;44;52;65;32;55;34;31;8; ; ;0;0;4;0;3;5;8;20;19;12;10;1;0; ; ; ; ; ; ; ; ; ;4;2;5;6;12;39;26;27;19;8;1;0;0;0;1;1;4;6;6;6;6;5;7;4;5;4;4;4;4;1;0;5;0; ;0
La Pampa;CHICAL CO;Estatal;Rural; ; ; ;6;12;21;17;23;27;31;19;26;32;23;31;31;20;19; ; ; ; ; ; ;2;8;8;6;17;12;15;10;11;18;12;18;17;8;7; ; ; ;0;0;1;0;0;0;4;3;8;3;0;0; ; ; ; ; ; ; ; ; ; ;2; ; ; ;4;3;10;10;5;3; ;0;0;0;0;0;1;2;2;2;2;2;2;2;2;2;2;2;2;0;0;2;2; ;0
La Pampa;CONHELO;Estatal;Rural; ; ; ;10;17;13;26;28;29;38;28;25;24;26;26;18; ; ; ; ; ; ; ; ;5;10;4;10;6;15;17;16;10;11;18;17;9; ; ; ; ; ;0;0;1;1;3;0;1;2;0;0; ; ; ; ; ; ; ; ; ; ; ; ;2;1;3; ;3;5;7;6; ; ; ;0;0;0;1;0;0;2;1;1;2;1;1;3;2;2;1;0;0;0;0;4;9;2;0
La Pampa;CONHELO;Estatal;Urbano; ; ; ;69;124;134;145;184;199;175;200;208;206;212;210;180;174;151;5;53;91; ; ; ;28;65;68;74;90;104;89;107;105;101;114;88;83;81;60;3;44;34;0;0;9;6;3;1;30;45;26;20;12;0;0;0; ; ; ; ; ; ; ; ;9;8;5;2;31;58;47;46;39;11;1;0;0;0;4;5;7;9;9;9;10;11;10;10;10;10;10;10;10;1;0;4;0;1;0
La Pampa;CURACO;Estatal;Rural; ; ; ;8;12;18;12;12;13;15;10;12;20;22;13;15;12;9; ; ; ; ; ; ;4;4;9;5;9;10;8;5;5;14;14;6;10;7;3; ; ; ;0;0;0;0;0;0;1;4;1;0;0;0; ; ; ; ; ; ; ; ; ; ; ; ;1; ;1;5;2;2;3;2; ;0;0;0;0;0;1;2;2;2;2;2;2;1;1;2;1;1;2;0;0;3;0;2;0
La Pampa;Enmascarado;Estatal;Rural; ; ; ;38;50;54;31;36;36;30;45;36;34;53;35;40;31;32; ; ; ; ; ; ;22;21;30;15;19;15;14;29;25;15;28;16;22;16;13; ; ; ;0;0;1;0;0;1;7;15;6;4;2;0; ; ; ; ; ; ; ; ; ; ;1; ; ;1;8;21;18;15;12;11; ;0;0;0;2;2;2;2;2;2;2;3;4;4;4;4;4;4;4;0;0;4;7; ;3
La Pampa;Enmascarado;Estatal;Urbano; ; ; ;72;144;138;154;173;193;214;207;205;148;169;152;144;154;112; ; ;18; ; ; ;33;66;74;82;82;90;117;101;105;79;86;71;70;69;50; ; ;4;0;0;3;2;1;0;5;18;18;21;9;0; ; ; ; ; ; ; ; ; ; ;3;3;2;2;8;27;26;38;32;10; ;0;0;0;4;6;7;11;11;11;11;12;11;8;9;9;9;9;8;0;0;3;0; ;0
La Pampa;Enmascarado;Privado;Urbano; ; ; ;57;104;110;106;121;123;137;132;138;462;430;416;417;393;388;14; ;55; ; ; ;30;50;55;51;66;60;60;72;72;202;210;195;194;179;174;6; ;17;0;0;0;0;0;0;1;7;14;10;12;0;0; ; ; ; ; ; ; ; ; ; ; ; ; ;1;15;20;20;30;17;2;0;0;0;4;5;6;6;6;6;6;6;6;18;17;18;18;17;18;1;0;1;0; ;0
La Pampa;GUATRACHE;Estatal;Rural; ; ; ;11;25;41;43;46;49;68;42;53;62;50;57;45;30;31; ; ; ; ; ; ;6;13;27;21;21;26;35;23;20;30;22;25;22;12;16; ; ; ;0;0;0;0;0;0;6;6;5;5;0;0; ; ; ; ; ; ; ; ; ; ; ; ; ; ;6;6;7;9;1;4; ;0;0;0;0;1;2;3;2;4;3;3;4;4;3;3;2;2;2;0;0;5;4; ;0
La Pampa;GUATRACHE;Estatal;Urbano; ; ; ;11;39;56;40;55;56;51;51;44;45;49;47;31;41;31;4; ;34; ; ; ;5;21;28;22;32;31;21;32;27;25;31;25;13;21;19;3; ;18;0;0;0;0;0;0;1;9;15;3;0;0;0; ; ; ; ; ; ; ; ; ; ; ; ; ;1;10;18;7;8;3; ;0;0;0;1;2;3;3;4;3;3;3;3;2;2;2;2;2;2;1;0;0;0; ;0
La Pampa;HUCAL;Estatal;Rural; ; ; ;12;22;13;22;26;17;31;23;33;18;27;19;24;21;24; ; ; ; ; ; ;8;13;5;6;11;9;11;11;21;8;14;12;16;11;10; ; ; ;0;0;0;1;0;0;0;2;0;5;2;1; ; ; ; ; ; ; ; ; ; ; ;2; ; ; ;3;1;8;4;6; ;0;0;0;1;0;0;2;1;1;1;1;2;1;1;1;1;1;1;0;0;3;2; ;1
La Pampa;HUCAL;Estatal;Urbano; ; ; ;40;46;49;66;69;67;56;73;66;62;63;67;61;39;38;10; ;27; ; ; ;22;19;25;36;35;39;27;33;27;36;35;31;32;24;17;9; ;2;0;0;0;0;0;0;3;15;12;8;3;1;0; ; ; ; ; ; ; ; ; ;1; ; ; ;4;16;17;17;6;2;1;0;0;0;2;2;2;4;4;4;4;4;4;2;3;3;2;2;2;1;0;3;0; ;0
La Pampa;LOVENTUE;Estatal;Rural; ; ; ;19;21;32;35;44;45;51;40;46;46;46;59;51;34;33;12; ; ; ; ; ;8;9;13;14;22;22;30;19;14;19;21;27;31;14;11;9; ; ;0;0;0;0;0;0;1;5;13;6;4;0;0; ; ; ; ; ; ; ; ; ; ; ; ; ;1;7;22;9;5;2; ;0;0;0;3;3;3;3;3;3;4;3;2;3;3;4;3;3;3;1;0;0;5;1;1
La Pampa;LOVENTUE;Estatal;Urbano; ; ; ;15;40;50;54;46;59;58;56;60;87;79;97;88;70;67;14; ;102; ; ; ;6;18;19;23;25;29;33;26;34;48;48;56;37;39;28;8; ;7;0;0;0;0;0;0;3;8;13;9;1;0;0; ; ; ; ; ; ; ; ; ; ; ; ; ;4;10;21;16;8;4; ;0;0;0;1;2;3;3;3;4;3;3;3;3;3;4;4;3;3;1;0;0;0; ;0
La Pampa;MARACO;Estatal;Rural; ; ; ;16;32;34;37;48;33;42;44;40;44;35;37;28;28;23; ; ; ; ; ; ;10;17;18;22;21;14;27;20;20;24;17;20;16;13;9; ; ; ;0;0;3;1;0;0;2;1;6;1;0;0; ; ; ; ; ; ; ; ; ; ;3;1; ; ;3;3;9;3;7; ; ;0;0;0;0;0;2;3;2;2;2;2;3;4;4;4;2;2;2;0;0;4;5; ;1
La Pampa;MARACO;Estatal;Urbano; ; ; ;434;570;619;716;778;790;821;884;873;970;976;996;898;706;572;78;108;476; ; ; ;221;290;320;360;401;394;391;439;463;496;489;504;449;349;259;55;69;131;0;2;14;12;10;4;127;211;226;172;75;9;0;35; ; ; ; ; ; ; ;3;30;26;16;15;142;294;336;318;190;134;2;0;0;0;18;19;28;39;39;39;40;41;42;41;41;42;41;41;39;5;0;22;0; ;0
La Pampa;MARACO;Privado;Urbano; ; ;33;90;168;166;182;190;177;167;192;194;189;211;201;180;182;180; ; ;413; ; ;14;48;90;86;94;96;81;87;106;93;87;97;81;80;90;92; ; ;187;0;0;0;0;1;0;1;3;3;7;4;0; ; ; ; ; ; ; ; ; ; ; ; ;1; ;1;3;3;9;8;4; ;0;0;2;5;9;9;9;8;8;8;8;8;7;8;7;7;7;7;0;0;0;0; ;0
La Pampa;PUELEN;Estatal;Rural; ; ; ;5;19;20;18;22;21;21;30;32;23;20;19;20;9;12; ; ; ; ; ; ;2;14;10;9;15;12;14;16;15;13;11;9;8;4;7; ; ; ;0;0;0;0;0;0;3;7;1;2;1;0; ; ; ; ; ; ; ; ; ; ; ; ; ; ;5;10;4;5;2;3; ;0;0;0;0;0;1;2;2;2;2;2;3;2;2;2;2;2;2;0;0;3;3;1;1
La Pampa;PUELEN;Estatal;Urbano; ; ; ;78;164;153;186;218;194;213;211;240;208;256;249;218;191;143;23; ;47; ; ; ;34;82;81;92;112;101;99;119;129;116;133;139;102;93;58;11; ;13;0;0;3;0;0;1;21;44;43;31;14;0;0; ; ; ; ; ; ; ; ; ;4;2;1;6;22;62;70;62;32;14; ;0;0;0;5;8;9;10;10;10;10;10;10;8;10;11;9;8;8;1;0;0;3; ;0
La Pampa;QUEMU QUEMU;Estatal;Rural; ; ; ;13;14;15;24;18;20;26;23;25;22;26;19;22;19;24; ; ; ; ; ; ;9;9;8;10;9;11;12;15;10;12;16;9;14;8;13; ; ; ;0;0;0;0;0;0;0;4;0;2;0;0; ; ; ; ; ; ; ; ; ; ; ; ; ; ;1;5; ;2;1;1; ;0;0;0;0;1;2;2;2;2;2;2;2;2;2;2;2;2;2;0;0;2;2; ;0
La Pampa;QUEMU QUEMU;Estatal;Urbano; ; ; ;51;82;75;71;114;98;106;98;99;64;86;91;96;86;57; ; ;116; ; ; ;24;48;36;31;62;53;50;59;53;36;54;57;52;42;23; ; ;11;0;0;2;0;0;0;11;15;27;31;8;0; ; ; ; ; ; ; ; ; ; ;2; ;3;2;12;23;30;44;17;3; ;0;0;0;1;1;2;5;7;6;7;6;5;4;4;4;4;4;4;0;0;6;0; ;0
La Pampa;RANCUL;Estatal;Rural; ; ; ;21;22;34;29;46;45;38;40;36;43;50;36;32;22;11; ; ; ; ; ; ;14;12;18;13;23;30;18;17;17;24;24;25;18;8;6; ; ; ;0;0;2;0;0;0;1;7;3;6;1;0; ; ; ; ; ; ; ; ; ; ;2; ;7;2;5;14;10;11;2;3; ;0;0;0;1;0;0;1;3;2;1;2;2;2;3;2;1;1;1;0;0;6;10;2;2
La Pampa;RANCUL;Estatal;Urbano; ; ; ;49;88;90;127;123;141;142;145;135;109;139;121;132;78;94; ; ; ; ; ; ;21;44;41;69;68;66;89;74;59;45;73;68;73;39;40; ; ; ;0;0;1;1;0;0;3;31;25;20;9;0; ; ; ; ; ; ; ; ; ; ;1;4;1;1;8;35;40;44;13;7; ;0;0;0;1;4;5;8;8;9;8;8;8;6;6;6;6;6;6;0;0;6;0; ;0
La Pampa;REALICO;Estatal;Rural; ; ; ;36;38;47;52;57;64;55;60;57;43;44;42;41;40;32; ; ; ; ; ; ;19;16;28;24;27;29;30;25;33;20;18;13;18;22;15; ; ; ;0;0;2;0;0;0;2;4;8;9;8;0; ; ; ; ; ; ; ; ; ; ;2;1;1; ;2;6;12;12;11; ; ;0;0;0;2;2;3;2;2;3;2;2;2;2;2;2;2;2;2;0;0;3;11;2;0
La Pampa;REALICO;Estatal;Urbano; ; ; ;92;105;150;153;164;176;165;216;203;230;233;261;245;189;200;32; ;130; ; ; ;61;55;70;81;76;93;78;112;100;120;132;140;122;97;94;30; ;10;0;0;0;0;0;1;11;15;40;29;11;3;0; ; ; ; ; ; ; ; ; ; ;2;2;3;12;32;57;53;32;27;5;0;0;0;3;4;9;9;9;9;9;11;11;12;12;12;11;11;11;2;0;5;0; ;0
La Pampa;TOAY;Estatal;Urbano; ; ; ;107;134;167;174;210;213;214;256;219;154;178;148;146;87;83; ;82;20; ; ; ;59;65;86;96;122;96;110;131;110;81;98;80;65;37;36; ;50;2;0;0;2;7;2;1;42;64;43;34;7;0; ;0; ; ; ; ; ; ; ;1;2;10;4;3;47;74;60;56;27;11; ;0;0;0;7;7;8;10;10;10;10;11;10;7;6;6;6;5;5;0;0;0;0; ;0
La Pampa;TRENEL;Estatal;Rural; ; ; ;12;23;28;28;24;31;30;28;31;35;41;35;8;13;10; ; ; ; ; ; ;7;9;18;12;13;18;17;15;17;18;17;15;3;9;5; ; ; ;0;0;1;0;0;0;7;9;7;1;1;0; ; ; ; ; ; ; ; ; ; ;1;1;1;2;9;11;8;4;2; ; ;0;0;0;1;1;1;2;2;2;2;2;2;2;2;2;1;1;1;0;0;2;0; ;0
La Pampa;UTRACAN;Estatal;Rural; ; ; ;12;26;26;26;35;30;31;37;31;38;39;41;40;36;31; ; ; ; ; ; ;8;11;15;14;17;21;15;21;18;21;13;17;21;14;13; ; ; ;0;0;0;0;0;0;0;3;7;5;3;0; ; ; ; ; ; ; ; ; ;1; ; ; ; ;4;6;8;8;5;7; ;0;0;0;2;2;2;2;2;3;3;2;2;4;4;4;4;4;4;0;0;3;7; ;0
La Pampa;UTRACAN;Estatal;Urbano; ; ; ;62;130;152;146;168;177;212;193;228;230;276;235;235;171;129;39; ;174; ; ; ;23;71;82;66;91;87;113;101;116;123;144;113;108;75;56;23; ;12;0;0;0;2;1;0;15;64;41;42;12;1;0; ; ; ; ; ; ; ; ; ; ;2;2;4;18;93;70;73;32;24;9;0;0;0;2;6;7;10;11;10;10;10;11;10;10;10;11;10;10;3;0;3;0; ;0
La Rioja;ARAUCO;Estatal;Rural; ; ; ;18;46;37;49;52;53;56;42;75;55;36;42;24;17;9; ; ; ; ; ; ;8;22;21;30;27;26;26;25;30;26;21;24;10;9;1; ; ; ;0;0;2;0;0;0;0;5;4;3;0;0; ; ; ; ; ; ;4; ;10; ;8;9;7;1;1;9;8;6;2;1; ;0;0;0;2;2;2;4;4;5;4;3;5;4;4;4;2;2;2;0;0;3;3; ;0
La Rioja;ARAUCO;Estatal;Urbano; ; ; ;84;145;151;171;185;174;198;170;211;189;205;174;139;149;125;24; ;65; ; ; ;49;75;79;94;96;81;108;84;105;90;112;90;61;73;50;11; ;19;0;0;1;0;1;0;5;25;37;24;16;10;4; ; ; ; ; ;10; ;7;1;13;5;3;9;19;35;37;26;24;18;4;0;0;0;6;12;11;12;12;11;12;10;11;11;10;8;9;8;8;1;0;1;0; ;0
La Rioja;CAPITAL;Estatal;Rural; ; ; ;17;31;28;61;69;67;59;62;74;61;68;39;38;30;20;4; ; ; ; ; ;7;21;13;31;41;34;31;34;43;26;38;18;19;18;6;4; ; ;2;0;4;1;4;3;1;7;7;4;4;0;0; ; ; ; ; ; ; ;3;4;11;14;11;15;13;28;14;19;15;3;1;0;0;0;0;0;2;5;4;2;4;5;4;5;2;1;1;1;2;1;0;7;26;6;3
La Rioja;CAPITAL;Estatal;Urbano;9;103;269;1402;1844;2042;2081;2338;2440;2577;2791;2690;2749;3073;2728;2757;2490;2386;379; ;3076;3;59;145;685;959;1041;1037;1191;1247;1331;1448;1394;1443;1607;1394;1436;1207;1180;231; ;957;5;16;40;38;33;30;26;163;87;117;52;41;0; ; ;3;12;37;73;47;48;39;67;127;107;118;101;624;484;625;397;429;15;2;9;22;107;135;144;138;141;148;146;149;141;151;126;112;121;111;117;17;0;5;0; ;0
La Rioja;CAPITAL;Privado;Urbano;19;57;195;511;652;680;853;838;890;882;886;805;796;778;720;711;695;680; ; ; ;8;29;90;255;324;350;405;407;406;441;420;401;386;349;357;308;321;304; ; ; ;0;0;0;1;0;0;2;3;6;2;2;2; ; ; ; ; ; ; ; ;49;45;54;50;60;60;56;18;46;55;66;49; ;2;5;11;30;34;35;36;35;35;36;33;32;32;25;25;26;24;25;0;0;6;0; ;0
La Rioja;CASTRO BARROS;Estatal;Rural; ; ; ;30;36;39;54;51;54;67;74;68;70;72;60;44;42;30;21; ;75; ; ; ;18;23;21;30;23;31;33;38;36;39;27;28;19;19;15;8; ;4;0;0;0;1;0;0;0;13;7;3;5;0;0; ; ; ; ; ; ; ;1; ;1;1;1; ;2;15;16;8;8;3;1;0;0;0;4;4;6;5;5;5;6;6;6;7;4;4;4;3;3;2;0;1;3; ;1
La Rioja;CHAMICAL;Estatal;Rural; ; ; ;8;3;7;23;30;20;33;27;20;28;7;7; ; ; ; ; ; ; ; ; ;5;2;2;14;13;15;20;15;7;16;2;4; ; ; ; ; ; ;0;2;3;2;1;1;2;0;0; ; ; ; ; ; ; ; ; ; ; ; ;2;4;5;5;6;7;1;5; ; ; ; ;0;0;0;0;0;1;0;0;1;2;2;1;4;6;5;0;0;0;0;0;3;27;1;0
La Rioja;CHAMICAL;Estatal;Urbano; ; ;20;136;151;186;175;192;192;181;179;197;188;143;187;178;180;162;34; ;181; ; ;13;55;93;87;99;100;108;90;93;94;106;84;95;89;99;69;26; ;53;0;1;2;0;0;0;0;13;11;8;10;5;0; ; ; ; ; ; ; ;10;10;9;17;11;8;6;20;49;43;46;29;4;0;0;1;10;11;10;10;10;11;9;9;11;10;12;15;13;14;13;3;0;3;0; ;0
La Rioja;CHILECITO;Estatal;Rural; ;10;28;45;43;66;106;107;133;127;143;136;128;156;145;121;118;126;71; ;123; ;7;17;28;23;31;53;55;74;59;79;74;64;80;68;43;52;69;36; ;10;1;1;2;5;3;2;1;7;4;5;0;1;0; ; ; ; ; ; ; ;1;2;5;9;9;11;6;33;30;20;22;21;3;0;2;2;3;3;3;7;6;8;9;7;8;8;5;6;5;5;6;3;0;6;16;6;1
La Rioja;CHILECITO;Estatal;Urbano;8;31;92;334;626;670;703;709;832;789;914;850;841;902;867;731;687;589;162; ;927;5;15;58;168;305;338;353;357;408;388;461;445;413;485;449;375;313;273;100; ;208;0;3;23;6;25;10;16;56;91;58;23;2;2; ; ; ; ; ;1; ;5;12;42;26;44;59;56;214;268;222;132;114;18;2;3;8;28;46;44;42;43;50;45;47;46;45;34;34;27;25;26;9;0;2;2;2;0
La Rioja;CORONEL FELIPE VARELA;Estatal;Rural; ; ; ;15;16;24;30;43;25;44;44;31;38;21;28;24;11;22; ; ; ; ; ; ;8;8;13;20;27;13;23;24;17;22;12;17;13;9;10; ; ; ;0;0;1;1;4;0;4;0;5;1;0;0; ; ; ; ; ; ; ; ; ; ;1;1;5; ;5;2;10;1;3;3; ;0;0;0;1;1;1;2;2;1;2;2;3;2;2;2;2;2;2;0;0;6;17;1;1
La Rioja;CORONEL FELIPE VARELA;Estatal;Urbano; ; ; ;72;96;100;107;122;121;161;131;137;141;135;151;152;130;122; ; ;336; ; ; ;42;49;46;57;67;68;96;70;67;75;65;75;69;73;55; ; ;127;0;0;2;1;1;0;0;7;4;10;5;0; ; ; ; ; ; ; ; ;1; ;3;3;1;3; ;13;10;24;37;15; ;0;0;0;6;6;8;10;8;9;8;7;9;8;7;7;7;6;6;0;0;3;3; ;0
La Rioja;Enmascarado;Estatal;Rural; ; ; ;24;23;26;22;33;41;31;26;46;23;22;31;25;28;20;16; ;32; ; ; ;11;15;14;13;14;22;12;10;24;9;12;16;9;12;7;12; ;11;0;0;3;0;0;2;0;0;4;1;0;0;0; ; ; ; ; ; ; ; ; ;3;1; ;4; ; ;3;4;2;4;1;0;0;0;1;1;3;2;2;3;2;2;3;2;2;2;2;1;1;1;0;3;3; ;0
La Rioja;Enmascarado;Estatal;Urbano; ; ; ;113;116;117;124;149;149;150;140;162;151;151;140;135;124;131; ; ;471; ; ; ;50;61;53;66;76;86;77;71;73;86;79;74;59;56;63; ; ;189;0;0;0;0;0;0;0;3;8;10;2;0; ; ; ; ; ; ; ; ; ; ; ; ; ; ; ;37;21;41;31;22; ;0;0;0;8;8;8;9;10;10;9;10;10;10;8;8;7;7;7;0;0;0;0; ;0
La Rioja;Enmascarado;Privado;Rural; ; ; ; ; ; ; ; ; ; ; ; ; ;66;51;55;46;50;10; ; ; ; ; ; ; ; ; ; ; ; ; ; ; ;37;21;23;21;22;5; ; ; ; ; ; ; ; ; ;7;2;1;0;0;0; ; ; ; ; ; ; ; ; ; ; ; ; ; ;16;9;9;6;9;2;0;0;0;0;0;0;0;0;0;0;0;0;0;4;3;3;3;3;1;0;0;0;1;0
La Rioja;Enmascarado;Privado;Urbano; ;1;16;81;90;99;158;147;129;140;141;127;125;255;223;254;193;222; ; ;317; ;0;10;47;50;51;83;67;69;65;72;61;54;128;86;129;92;105; ; ;72;0;0;0;0;0;0;0;12;10;9;4;0; ; ; ; ; ; ; ; ;5;6;2;5;3;1;2;12;36;14;11;13; ;0;0;2;7;7;7;9;9;7;8;8;7;7;11;11;11;11;11;0;0;1;0;2;0
La Rioja;FAMATINA;Estatal;Rural; ; ; ;46;64;73;51;47;55;77;88;63;76;89;71;68;74;52;37; ;27; ; ; ;17;41;42;28;23;27;40;41;31;40;58;33;42;34;27;22; ;11;0;0;1;1;0;1;0;4;6;9;3;3;0; ; ; ; ; ; ; ; ;1;1;1; ;3;1;8;7;12;16;8;7;0;0;0;4;6;5;4;4;7;6;8;7;6;5;5;4;5;4;1;0;7;19; ;0
La Rioja;GENERAL ANGEL V PEÑALOZA;Estatal;Rural; ; ; ;13;19;22;41;55;39;55;66;48;54;44;56;46;49;38; ; ;36; ; ; ;7;8;13;25;31;18;31;28;31;23;14;30;25;24;19; ; ;14;0;0;0;0;1;1;2;1;1;0;1;0; ; ; ; ; ; ; ; ;2; ; ; ;3;7;3;19;21;21;19;12; ;0;0;0;1;0;2;3;3;3;4;4;4;4;4;3;3;3;3;0;0;6;22;1;3
La Rioja;GENERAL BELGRANO;Estatal;Rural; ; ; ;11;46;39;68;43;72;60;69;49;60;30;31;27;18;34; ; ;41; ; ; ;4;20;16;37;20;32;25;36;33;25;17;14;15;15;16; ; ;17;0;0;2;1;0;2;1;4;1;1;0;0; ; ; ; ; ; ; ; ; ; ;4;2;3;2;1;4;1;1;1;8; ;0;0;0;0;2;2;3;2;5;3;7;4;3;3;5;3;3;3;0;0;6;22;3;6
La Rioja;GENERAL BELGRANO;Estatal;Urbano; ; ; ;39;73;64;66;72;63;73;58;68;53;72;67;86;82;67;6; ;332; ; ; ;24;39;28;39;38;35;37;23;26;30;36;29;43;39;31;6; ;109;0;0;0;0;1;0;0;2;3;6;3;0;0; ; ; ; ; ; ; ;13; ; ;2;1; ;1;15;17;24;20;4;2;0;0;0;2;4;3;4;5;5;5;5;4;3;3;3;4;4;4;1;0;0;0; ;0
La Rioja;GENERAL JUAN F QUIROGA;Estatal;Rural; ; ; ;44;39;46;52;58;53;42;57;54;51;74;66;44;65;54; ; ;69; ; ; ;21;26;34;27;30;28;19;31;26;22;48;28;27;32;26; ; ;22;0;0;0;0;0;0;0;3;6;4;3;0; ; ; ; ; ; ; ; ; ;2;1; ;1; ;2;8;8;11;5;8; ;0;0;0;3;2;3;6;4;3;5;4;5;3;7;4;4;4;4;0;0;6;17;3;16
La Rioja;GENERAL OCAMPO;Estatal;Rural; ; ; ;31;35;41;45;42;39;49;74;65;48;81;54;51;40;44; ; ;48; ; ; ;18;18;19;24;24;19;25;34;33;28;46;27;34;25;15; ; ;28;0;1;0;0;0;0;1;6;6;2;0;0; ; ; ; ; ; ; ; ; ;2; ;3; ;1;5;17;17;6;4;6; ;0;0;0;3;2;2;3;1;3;4;2;7;2;6;5;4;4;4;0;0;4;22;1;4
La Rioja;GENERAL SAN MARTIN;Estatal;Rural; ; ; ;12;15;19;18;21;19;35;27;39;32;38;29;29;11;17; ; ; ; ; ; ;7;8;8;7;7;11;21;15;16;17;19;13;12;4;13; ; ; ;0;0;0;1;1;0;1;0;1;2;4;4; ; ; ; ; ; ; ; ; ; ; ;4;3;3;5;19;20;11;8;5; ;0;0;0;0;1;1;0;0;1;2;1;1;3;6;2;1;1;1;0;0;7;25;5;4
La Rioja;GENERAL SAN MARTIN;Estatal;Urbano; ; ; ;32;41;57;57;54;49;67;59;70;54;87;92;59;71;40;17; ;125; ; ; ;21;20;23;28;25;32;23;22;35;27;36;49;25;36;21;7; ;30;0;1;3;2;1;2;2;16;12;20;8;1;0; ; ; ; ; ; ; ; ;1;10;3;1;5;2;15;10;20;12;1; ;0;0;0;3;3;4;4;4;4;4;4;4;4;4;4;3;3;2;1;0;0;0; ;0
La Rioja;INDEPENDENCIA;Estatal;Rural; ; ; ;10;31;38;41;42;51;49;38;54;55;44;48;38;33;33; ; ;48; ; ; ;3;13;21;20;25;31;23;24;30;23;24;22;14;13;14; ; ;8;0;0;0;0;1;1;0;3;4;2;2;0; ; ; ; ; ; ; ; ; ; ;2;11;4;10;12;17;22;14;18;17; ;0;0;0;0;1;2;2;2;3;2;2;4;2;2;3;2;2;2;0;0;3;7; ;10
La Rioja;ROSARIO VERA PEÑALOZA;Estatal;Rural; ; ; ;16;15;26;22;32;39;37;36;53;39;52;36;39;36;30; ; ;27; ; ; ;8;6;13;11;18;19;19;22;28;25;26;14;17;17;9; ; ;7;0;3;3;4;0;5;0;3;2;1;1;0; ; ; ; ; ; ; ; ;2;4;5;8;4;9;5;19;8;9;11;4; ;0;0;0;0;0;1;1;1;3;1;2;3;1;3;4;3;3;3;0;0;8;26;3;19
La Rioja;ROSARIO VERA PEÑALOZA;Estatal;Urbano; ;19;29;133;150;177;234;225;254;250;287;263;242;245;217;214;183;181;36; ;628; ;11;20;67;73;84;106;121;135;124;153;135;129;123;114;111;83;77;24; ;134;1;5;9;19;11;8;4;5;2;4;0;3;0; ; ; ; ; ; ; ;2;8;13;41;27;27;35;48;56;56;28;26;1;0;2;2;8;9;10;11;10;11;10;12;11;10;8;8;7;7;7;2;0;2;2; ;0
La Rioja;SAN BLAS DE LOS SAUCES;Estatal;Urbano; ; ; ;34;50;42;57;64;59;59;65;59;67; ; ; ; ; ; ; ;186; ; ; ;16;26;26;32;28;35;34;33;33;29; ; ; ; ; ; ; ;28;0;0;1;1;3;0;0; ; ; ; ; ; ; ; ; ; ;4;7;14; ; ;1;1;5;3; ; ; ; ; ; ; ;0;0;0;3;3;4;6;6;6;7;7;4;7;0;0;0;0;0;0;0;3;5; ;0
La Rioja;VINCHINA;Estatal;Rural; ; ; ;11;11;11;20;11;22;18;17;26;19;40;37;50;35;41;20; ; ; ; ; ;6;9;4;11;7;11;12;8;20;6;23;19;25;17;21;11; ; ;0;0;0;0;0;0;0;0;0;0;0;0;0; ; ; ; ; ; ; ; ; ; ; ;1;1; ;6; ;5;4;4;2;0;0;0;0;0;0;2;2;2;2;1;2;2;2;2;3;3;2;1;0;3;6; ;3
Mendoza;CAPITAL;Estatal;Urbano; ; ; ;252;1242;1606;1684;1903;1920;2108;2148;2120;2062;3726;3708;3480;3149;3009;543; ;4804; ; ; ;133;632;837;873;944;954;1096;1030;1008;1029;1773;1694;1521;1350;1283;303; ;1303;0;77;54;42;29;21;2;302;271;216;144;38;0; ; ; ; ;2;42;62;43;96;146;196;167;127;123;641;613;625;524;363;91;0;0;0;24;83;91;87;84;85;89;90;86;82;134;127;120;114;112;21;0;0;0; ;0
Mendoza;CAPITAL;Privado;Urbano;71;159;660;384;1070;1146;1312;1294;1420;1417;1522;1434;1471;1655;1676;1606;1530;1425;12; ;1819;36;89;326;202;526;587;663;619;715;707;774;705;740;744;812;786;747;679;7; ;599;0;6;6;5;2;1;0;40;46;39;31;0;0; ;21;5;287; ;4;5;27;7;9;15;7;12;9;120;110;136;111;88;2;14;21;60;25;55;52;54;52;52;52;51;49;50;56;56;54;55;54;1;0;3;0; ;0
Mendoza;Enmascarado;Estatal;Rural; ; ; ;14;41;49;42;53;60;59;68;58;40;37;34;23;22;23;8; ; ; ; ; ;9;15;20;21;29;34;25;44;32;28;17;22;18;9;10;4; ; ;0;0;1;2;1;0;1;1;1;3;2;0;0; ; ; ; ; ; ; ;7;4;5;5;8;5;3;6;5;7;4; ;1;0;0;0;1;2;2;2;2;2;2;2;2;3;2;2;2;2;2;1;0;7;19; ;0
Mendoza;Enmascarado;Privado;Rural;50;210;667;2;75;103;110;121;123;117;124;114;139;210;210;192;198;161;27; ;462;20;105;332;1;34;59;65;76;77;66;71;66;93;74;88;87;83;70;19; ;263;0;1;4;0;0;0;1;3;6;9;6;0;0; ;13;99;227; ; ;1; ;3;4;1; ; ;2;6;15;24;25;8; ;8;20;55;0;5;6;7;7;7;6;6;6;8;5;5;5;5;5;0;0;11;0;5;0
Mendoza;Enmascarado;Privado;Urbano;63;275;1400;38;139;137;175;198;195;176;221;170;232;297;301;290;284;270; ; ;645;30;154;727;14;71;68;79;90;101;74;102;90;122;146;135;119;117;94; ; ;72;0;0;1;0;0;0;0;3;7;9;0;0; ; ;9;28;408; ; ; ; ;1;10;8;13;9;10;13;23;24;12;25; ;16;36;117;4;7;7;7;8;8;7;8;7;9;11;11;10;10;10;0;0;8;0; ;0
Mendoza;GENERAL ALVEAR;Estatal;Rural; ; ; ;39;148;179;189;223;233;251;263;261;267;90;58;61;41;37;11; ; ; ; ; ;17;73;93;99;124;123;143;132;135;141;47;33;31;18;15;1; ; ;0;24;18;14;14;4;0;13;3;5;4;1;0; ; ; ; ; ; ;4;5;36;30;28;29;15;6;32;20;15;10;8; ;0;0;0;1;9;12;13;12;12;14;14;12;14;4;3;2;2;2;1;0;18;32; ;0
Mendoza;GENERAL ALVEAR;Estatal;Urbano; ; ; ;2;312;341;361;431;387;444;455;435;431;677;613;487;461;410;183; ;1099; ; ; ;1;164;164;169;215;227;210;250;223;207;374;328;262;230;184;103; ;361;0;40;22;28;27;20;2;104;88;48;25;8;0; ; ; ; ; ; ; ;1;40;26;38;31;24;24;185;186;179;127;100;8;0;0;0;0;21;21;23;25;23;23;24;21;22;27;23;21;22;20;6;0;1;6; ;0
Mendoza;GENERAL ALVEAR;Privado;Urbano;14;127;451; ;112;106;128;120;127;128;132;138;139;159;149;145;132;120; ; ;296;7;57;214; ;53;52;70;67;62;63;66;69;67;53;57;47;47;53; ; ;72;0;2;0;1;0;0;0;5;7;4;10;0; ; ;6;28;43; ; ;1; ;2;1;1;3; ;1;7;7;5;4;6; ;3;19;43;0;7;7;7;6;6;6;6;6;6;6;6;5;5;5;0;0;0;0; ;0
Mendoza;GODOY CRUZ;Estatal;Urbano; ;13;19;264;1262;1438;1637;1913;1871;2024;2188;2064;2058;1549;1438;1327;1061;933;151;65;4424; ;10;11;134;600;723;872;963;996;1023;1130;1072;1038;852;819;683;573;490;130;47;2111;0;128;109;126;77;81;17;216;207;212;109;31;0;0; ;12;15;2;30;45;65;216;226;256;228;221;229;492;463;498;367;279;21;0;2;2;21;72;87;90;97;96;101;105;100;100;65;56;51;48;43;10;0;13;1; ;0
Mendoza;GODOY CRUZ;Privado;Urbano;54;260;1024;286;835;850;925;913;870;932;928;930;865;1143;1233;1154;1041;996;41; ;2027;34;131;494;137;428;400;475;445;439;465;470;465;421;555;632;571;551;489;36; ;375;0;4;2;3;2;2;4;35;50;40;42;0;0; ;11;79;427;3;4;10;16;5;6;4;5;4;6;116;151;157;132;79; ;8;26;86;19;44;40;41;39;37;39;37;37;35;42;41;44;41;41;2;0;6;0; ;0
Mendoza;GUAYMALLEN;Estatal;Rural; ; ; ; ;255;282;446;423;459;467;497;455;429;491;472;496;408;356;47; ; ; ; ; ; ;140;154;224;218;228;242;265;230;223;258;239;258;203;177;20; ; ;0;19;15;7;3;0;0;37;30;57;9;1;0; ; ; ; ; ; ; ; ;19;20;19;18;17;18;90;90;99;89;35;4;0;0;0;0;12;12;17;15;17;16;17;16;16;16;16;15;14;14;1;0;0;0; ;0
Mendoza;GUAYMALLEN;Estatal;Urbano; ; ; ;215;2093;2355;2796;3048;3102;3365;3457;3233;3230;2714;2336;2086;1803;1490;255;15;524; ; ; ;105;1056;1213;1454;1603;1597;1690;1810;1674;1641;1528;1299;1109;952;754;194;10;112;0;176;102;79;78;63;23;371;291;246;103;20;0;0; ; ; ; ;14;24;62;239;273;264;368;302;327;908;616;687;440;262;36;0;0;0;18;121;129;126;128;133;139;141;133;140;91;85;78;65;60;10;0;1;0; ;0
Mendoza;GUAYMALLEN;Privado;Rural;2;10;84;24;92;99;118;93;114;104;116;113;116;120;135;132;110;101; ; ; ;2;7;44;11;43;48;54;55;60;49;64;60;55;57;57;55;48;44; ; ; ;0;1;0;0;0;0;0;0;8;18;5;0; ; ; ; ;61; ; ; ;21;1; ; ; ; ; ; ;8;22;6;1; ;0;0;6;2;5;4;4;4;4;4;4;4;4;4;4;4;4;4;0;0;2;0; ;0
Mendoza;GUAYMALLEN;Privado;Urbano;53;326;1624;233;840;1006;1049;1083;1092;1059;1096;1066;976;1203;1213;1156;1116;991; ; ;346;24;150;822;109;430;482;491;556;573;566;542;544;494;615;601;601;609;490; ; ;94;0;16;6;4;3;0;0;30;41;35;21;0; ; ;25;121;914; ;7;7;13;33;24;15;14;11;18;63;85;98;83;69; ;7;36;121;17;47;51;47;46;47;43;43;44;40;44;43;41;39;39;0;0;11;0; ;0
Mendoza;JUNIN;Estatal;Rural; ; ; ;14;182;213;223;268;264;287;275;260;265;218;218;239;178;184;42; ; ; ; ; ;9;108;118;113;143;133;154;146;130;146;129;105;118;98;83;31; ; ;0;8;10;4;6;3;0;27;25;21;14;0;0; ; ; ; ; ; ; ;5;10;18;15;15;10;16;50;38;30;23;11;3;0;0;0;0;10;15;15;11;14;17;15;14;17;8;8;9;9;8;1;0;5;9; ;0
Mendoza;JUNIN;Estatal;Urbano; ; ; ;35;236;316;361;382;364;417;457;412;364;645;660;598;465;400;186;37;915; ; ; ;16;126;165;190;180;197;189;224;198;206;348;331;324;258;199;111;28;422;0;12;13;15;12;2;0;35;31;44;16;4;0;0; ; ; ;10; ;1;1;15;28;32;29;9;15;78;81;117;59;34;20;0;0;0;3;14;17;19;17;18;18;19;18;18;24;22;20;17;17;8;0;2;0; ;0
Mendoza;LA PAZ;Estatal;Urbano; ; ; ;20;93;133;127;153;146;169;159;156;145;168;177;152;137;123;60; ;389; ; ; ;11;48;78;66;85;55;93;83;79;76;86;89;79;65;46;30; ;59;0;8;1;0;0;0;0;10;7;10;16;0;0; ; ; ; ; ; ; ; ;9;2; ; ; ; ;10;9;21;18;1;2;0;0;0;2;4;8;8;7;8;8;7;8;7;7;7;7;6;6;3;0;2;0; ;0
Mendoza;LA PAZ;Privado;Urbano; ;3;170; ; ; ; ; ; ; ; ; ; ; ; ; ; ; ; ; ; ; ;2;94; ; ; ; ; ; ; ; ; ; ; ; ; ; ; ; ; ; ; ; ; ; ; ; ; ; ; ; ; ; ; ; ; ; ;34; ; ; ; ; ; ; ; ; ; ; ; ; ; ; ; ;0;0;19;0;0;0;0;0;0;0;0;0;0;0;0;0;0;0;0;0;1;0; ;0
Mendoza;LAS HERAS;Estatal;Urbano; ; ; ;175;1462;1735;2017;2499;2416;2633;2688;2580;2441;2469;2152;1872;1605;1341;266;36;1238; ; ; ;87;789;894;1073;1305;1269;1370;1393;1341;1266;1359;1138;1013;811;677;196;33;255;0;186;147;125;104;109;6;378;360;279;142;17;0;0; ; ; ;14;63;73;71;332;428;481;448;448;374;815;631;598;469;288;29;0;0;0;17;89;101;93;109;111;117;114;108;104;85;77;74;67;60;10;0;3;2; ;0
Mendoza;LAS HERAS;Privado;Urbano;105;233;1617;44;253;239;263;242;229;240;245;224;239;169;153;166;145;146; ; ; ;56;120;825;14;126;120;120;116;130;134;134;115;115;80;84;93;71;71; ; ; ;0;3;6;1;0;0;1;4;4;7;2;0; ; ;41;57;987; ; ; ; ;3;7;15;1; ;4;16;15;20;8;19; ;10;21;103;3;12;10;10;9;9;9;9;9;9;6;6;6;6;6;0;0;3;0; ;0
Mendoza;LAVALLE;Estatal;Rural; ; ; ;32;347;404;517;546;543;530;586;566;530;646;606;551;458;375;109; ; ; ; ; ;19;175;206;267;284;280;288;307;299;266;342;317;278;223;174;55; ; ;0;34;26;31;26;25;6;57;50;75;22;5;0; ; ; ; ; ;1; ;5;49;59;74;79;62;51;122;130;151;97;73;9;0;0;0;0;18;23;28;27;26;26;28;26;29;24;21;21;20;17;5;0;18;34; ;2
Mendoza;LAVALLE;Estatal;Urbano; ; ; ;145;390;455;363;387;410;450;458;358;387;375;372;329;258;239; ; ;652; ; ; ;70;199;214;186;177;206;216;227;199;184;204;179;170;142;126; ; ;207;0;16;19;11;17;9;0;61;44;61;26;0; ; ; ; ; ; ; ; ;10;47;56;44;42;20;30;83;63;84;49;25; ;0;0;0;10;18;23;16;17;18;18;17;14;15;12;12;12;10;10;0;0;1;3; ;0
Mendoza;LAVALLE;Privado;Rural;3;28;147; ; ; ; ; ; ; ; ; ; ; ; ; ; ; ; ; ; ;2;16;87; ; ; ; ; ; ; ; ; ; ; ; ; ; ; ; ; ; ; ; ; ; ; ; ; ; ; ; ; ; ; ; ;3;17;105; ; ; ; ; ; ; ; ; ; ; ; ; ; ; ; ;0;2;13;0;0;0;0;0;0;0;0;0;0;0;0;0;0;0;0;0;4;0; ;0
Mendoza;LUJAN DE CUYO;Estatal;Rural; ; ; ;22;158;175;397;478;450;461;503;492;454;341;313;325;237;178;59; ;21; ; ; ;7;83;98;205;236;249;253;257;256;240;170;163;152;116;78;24; ;8;0;21;14;28;4;6;1;30;39;54;28;0;0; ; ; ; ; ;2;2;5;33;39;50;37;40;52;80;83;98;80;58;8;0;0;0;2;9;12;19;20;19;19;20;22;21;11;11;10;8;6;2;0;7;8; ;0
Mendoza;LUJAN DE CUYO;Estatal;Urbano; ; ; ;224;986;1193;1115;1359;1308;1442;1487;1525;1415;1637;1483;1277;1092;985;180; ;1186; ; ; ;117;518;602;564;695;669;750;727;767;724;872;764;642;564;484;117; ;221;0;70;58;46;56;42;2;178;145;134;33;8;0; ; ; ; ; ;28;36;113;205;204;234;289;241;183;374;320;340;291;194;37;0;0;0;16;52;60;55;60;61;62;62;61;62;56;52;48;40;35;6;0;6;0; ;0
Mendoza;LUJAN DE CUYO;Privado;Urbano;14;133;320;371;563;590;660;619;651;663;622;654;598;499;508;506;500;460; ; ; ;9;61;171;190;283;283;334;303;314;325;343;318;286;218;247;248;218;202; ; ; ;0;0;0;5;0;1;1;7;9;12;7;0; ; ;2;35;117;2; ;5;9;1;2;5;1;2;1;12;17;25;25;25; ;2;12;23;22;26;26;25;24;24;24;23;23;21;18;17;16;17;16;0;0;4;0; ;0
Mendoza;MAIPU;Estatal;Rural; ; ; ;38;387;466;623;642;683;758;790;716;697;436;355;267;243;190;52; ; ; ; ; ;18;227;244;310;336;342;407;399;365;356;250;178;154;136;95;33; ; ;0;28;11;14;13;11;3;42;23;31;11;3;0; ; ; ; ; ;21;26;45;66;72;106;114;89;80;123;102;76;58;38;14;0;0;0;3;25;27;33;32;31;33;34;31;35;15;11;10;9;7;2;0;3;4; ;0
Mendoza;MAIPU;Estatal;Urbano; ; ; ;309;1445;1617;1662;1807;1839;1949;2144;1912;1923;2443;2238;1944;1667;1426;369; ;1670; ; ; ;135;721;838;877;943;962;978;1109;994;985;1247;1183;1010;802;690;230; ;717;2;42;34;23;31;25;2;322;321;253;102;29;0; ; ; ; ;1;73;92;53;75;70;72;105;87;73;579;576;593;409;269;57;0;0;0;23;85;86;75;77;77;81;83;74;76;83;76;70;62;56;15;0;2;2; ;0
Mendoza;MAIPU;Privado;Urbano;14;33;297;215;594;584;652;619;597;612;633;587;555;567;597;586;527;511;60; ;80;6;17;169;106;318;304;327;284;296;312;298;327;279;254;267;261;221;217;37; ;40;0;5;3;1;1;2;0;2;10;31;11;0;0; ;12;9;145;5;3;10; ;6;3;3;2;4; ;4;20;32;18;17; ;1;1;21;14;28;26;26;24;23;24;22;22;21;17;17;17;17;17;2;0;4;0; ;0
Mendoza;MALARGUE;Estatal;Rural; ; ; ;5;33;35;54;56;59;44;70;70;72;89;74;87;71;68;17; ; ; ; ; ;4;18;14;32;27;28;22;30;40;33;41;29;48;41;31;12; ; ;1;3;5;2;4;1;2;7;10;7;1;1;0; ; ; ; ; ;4; ;3;8;7;8;10;8;12;12;15;17;12;14;1;0;0;0;0;0;1;3;1;0;0;1;1;3;6;6;5;5;5;2;0;10;26; ;1
Mendoza;MALARGUE;Estatal;Urbano; ; ; ;33;313;347;357;450;473;460;470;481;451;447;410;344;299;260;131; ;735; ; ; ;18;129;175;152;221;234;228;235;249;244;237;223;184;156;118;79; ;262;0;28;13;20;9;3;1;45;38;30;20;1;0; ; ; ; ; ; ; ;1;37;41;56;43;39;28;131;125;102;75;42;30;0;0;0;3;19;21;18;20;23;22;22;21;21;17;15;14;14;13;7;0;0;0; ;0
Mendoza;RIVADAVIA;Estatal;Rural; ; ; ;30;281;332;351;373;429;410;470;439;391;443;422;343;306;280; ; ;437; ; ; ;11;133;167;173;201;226;203;238;219;201;251;202;161;137;140; ; ;211;0;14;15;13;10;4;0;39;49;41;22;0; ; ; ; ; ; ; ; ;1;27;28;21;19;13;7;63;65;50;36;23; ;0;0;0;3;15;20;19;18;22;18;21;22;18;15;14;13;11;11;0;0;9;22; ;0
Mendoza;RIVADAVIA;Estatal;Urbano; ; ; ;35;373;390;473;474;506;501;565;503;444;587;500;459;387;372;68; ;1674; ; ; ;18;189;207;239;233;271;255;269;239;222;305;285;225;204;166;56; ;369;0;10;11;9;8;7;0;32;24;37;6;7;0; ; ; ; ; ; ; ;53;12;79;75;62;48;7;77;50;81;36;25;6;0;0;0;2;19;22;22;21;21;21;23;22;21;20;18;17;16;14;3;0;2;0; ;0
Mendoza;RIVADAVIA;Privado;Rural;25;103;320; ; ; ; ; ; ; ; ; ; ; ; ; ; ; ; ; ; ;15;51;166; ; ; ; ; ; ; ; ; ; ; ; ; ; ; ; ; ; ; ; ; ; ; ; ; ; ; ; ; ; ; ; ;1;7;8; ; ; ; ; ; ; ; ; ; ; ; ; ; ; ; ;4;14;28;0;0;0;0;0;0;0;0;0;0;0;0;0;0;0;0;0;2;0; ;0
Mendoza;SAN CARLOS;Estatal;Rural; ; ; ; ;189;188;231;244;260;240;264;263;248;207;199;193;143;132;37; ; ; ; ; ; ;91;96;119;128;134;119;124;141;120;111;107;81;65;64;11; ; ;0;10;5;4;0;1;0;26;27;14;12;2;0; ; ; ; ; ;1;6;26;27;39;35;19;42;24;58;66;55;33;38;1;0;0;0;0;7;8;10;10;13;11;11;11;10;8;8;7;6;5;2;0;7;15; ;0
Mendoza;SAN CARLOS;Estatal;Urbano; ; ; ;21;268;361;400;429;399;471;481;393;407;459;366;365;292;263;57; ;1491; ; ; ;12;141;197;218;227;219;236;267;213;199;278;189;187;137;135;44; ;415;0;16;11;13;12;4;0;43;22;39;17;2;0; ; ; ; ; ;35;41;34;54;55;50;87;47;29;178;151;128;65;61;24;0;0;0;2;19;21;18;17;21;20;20;15;15;14;13;12;10;9;2;0;5;11; ;0
Mendoza;SAN CARLOS;Privado;Rural;7;16;76; ; ; ; ; ; ; ; ; ; ; ; ; ; ; ; ; ; ;2;6;35; ; ; ; ; ; ; ; ; ; ; ; ; ; ; ; ; ; ; ; ; ; ; ; ; ; ; ; ; ; ; ; ; ;3;41; ; ; ; ; ; ; ; ; ; ; ; ; ; ; ; ;0;3;6;0;0;0;0;0;0;0;0;0;0;0;0;0;0;0;0;0;4;0; ;0
Mendoza;SAN CARLOS;Privado;Urbano;12;89;273; ;67;80;90;95;88;97;102;105;81;212;203;182;173;172; ; ; ;5;45;143; ;31;43;44;53;43;54;48;45;44;105;93;86;70;68; ; ; ;0;0;0;0;1;0;0;4;18;10;4;0; ; ;4;28;118; ; ; ; ; ; ; ;1; ; ;4;41;11;7; ; ;1;12;35;0;4;4;4;4;4;4;4;4;4;7;6;6;5;5;0;0;5;0; ;0
Mendoza;SAN MARTIN;Estatal;Rural; ; ; ;38;539;631;667;750;774;869;829;832;799;737;665;558;482;358;81; ;23; ; ; ;20;269;314;350;370;386;441;421;428;393;388;354;289;239;174;42; ;2;1;39;26;31;13;20;1;101;66;91;37;4;0; ; ; ; ; ;2;1;1;43;44;56;38;57;13;218;176;164;98;66;14;0;0;0;4;33;37;35;35;40;40;41;41;40;26;23;23;18;17;4;0;9;15; ;0
Mendoza;SAN MARTIN;Estatal;Urbano; ; ; ;147;860;956;1034;1182;1238;1322;1374;1243;1249;1405;1335;1250;1055;926;225; ;2814; ; ; ;76;431;493;526;628;631;686;683;626;637;715;670;605;478;382;144; ;436;0;33;21;19;6;0;0;126;125;111;50;8;0; ; ; ; ; ;1;2;1;38;40;41;44;27;32;208;206;235;167;86;10;0;0;0;14;47;53;48;50;52;54;55;52;52;48;41;42;39;36;10;0;1;0; ;0
Mendoza;SAN MARTIN;Privado;Rural;14;48;207; ; ; ; ; ; ; ; ; ; ; ; ; ; ; ; ; ; ;7;19;107; ; ; ; ; ; ; ; ; ; ; ; ; ; ; ; ; ; ; ; ; ; ; ; ; ; ; ; ; ; ; ; ; ;20;67; ; ; ; ; ; ; ; ; ; ; ; ; ; ; ; ;2;6;18;0;0;0;0;0;0;0;0;0;0;0;0;0;0;0;0;0;1;0; ;0
Mendoza;SAN MARTIN;Privado;Urbano;26;165;639;67;183;202;210;215;221;252;244;225;233;224;240;235;222;215; ; ;293;13;73;324;32;107;108;100;103;113;124;114;105;101;107;106;118;101;104; ; ;48;0;0;0;0;0;0;0;1;6;8;4;0; ; ; ;60;325; ; ;1; ; ;1;1; ; ; ;3;6;9;6;5; ;3;16;58;5;9;9;8;8;8;9;9;9;9;7;7;7;7;7;0;0;4;0; ;0
Mendoza;SAN RAFAEL;Estatal;Rural; ; ; ;131;666;706;722;905;856;865;937;884;898;645;601;484;400;336;198;11; ; ; ; ;77;340;362;396;474;448;458;470;448;464;341;328;246;205;172;89;7; ;0;52;38;33;17;9;2;103;114;88;32;13;0;0; ; ; ; ;9;18;2;66;62;76;73;51;73;141;151;119;61;44;25;0;0;0;10;35;46;45;40;44;40;46;43;47;26;23;23;21;18;12;0;31;70; ;3
Mendoza;SAN RAFAEL;Estatal;Urbano; ; ; ;257;1112;1255;1556;1758;1757;1829;1940;1842;1838;2256;2004;1928;1827;1603;448;42;3150; ; ; ;133;559;671;777;880;906;942;1000;958;905;1185;1032;958;894;743;254;34;986;0;82;64;52;54;28;3;201;183;168;115;15;0;0; ; ; ;2;67;83;53;140;132;159;169;164;108;458;434;465;379;254;68;0;0;0;22;70;78;94;93;93;93;95;89;92;90;87;85;77;74;20;0;11;20; ;0
Mendoza;SAN RAFAEL;Privado;Urbano;104;208;916;234;442;510;532;523;509;541;546;494;429;665;655;610;519;519; ; ;953;58;95;455;109;212;228;247;238;230;249;257;239;176;314;300;281;222;235; ; ;244;0;3;1;3;2;7;0;12;26;33;13;0; ; ;60;11;184; ; ;3; ;3;1;3;4;8;3;28;41;39;19;20; ;13;30;77;15;21;22;22;21;19;19;19;18;17;25;24;23;22;22;0;0;0;0; ;0
Mendoza;SANTA ROSA;Estatal;Rural; ; ; ;33;144;140;225;226;239;249;247;246;236;137;131;111;83;86; ; ; ; ; ; ;16;57;61;116;122;127;140;143;131;142;73;70;51;30;36; ; ; ;0;3;4;7;3;1;1;14;12;17;4;0; ; ; ; ; ; ;18;23;4;3;4;7;5;9;7;20;24;45;12;12; ;0;0;0;1;8;9;10;10;9;9;11;11;12;5;5;5;5;3;0;0;10;22; ;1
Mendoza;SANTA ROSA;Estatal;Urbano; ; ; ;11;86;116;95;84;81;94;101;94;91;244;205;197;190;138;10; ;577; ; ; ;5;60;58;52;43;47;52;54;51;43;137;103;93;104;57;5; ;124;0;2;0;1;1;0;0;12;9;3;2;0;0; ; ; ; ; ; ; ;11;2; ;1;1; ; ;41;39;17;24;10; ;0;0;0;2;4;6;5;4;4;4;4;4;5;10;9;8;8;6;1;0;1;6; ;0
Mendoza;SANTA ROSA;Privado;Rural;22;41;131; ; ; ; ; ; ; ; ; ; ; ; ; ; ; ; ; ; ;8;14;59; ; ; ; ; ; ; ; ; ; ; ; ; ; ; ; ; ; ; ; ; ; ; ; ; ; ; ; ; ; ; ; ;6;5;65; ; ; ; ; ; ; ; ; ; ; ; ; ; ; ; ;4;5;15;0;0;0;0;0;0;0;0;0;0;0;0;0;0;0;0;0;1;0; ;0
Mendoza;SANTA ROSA;Privado;Urbano;2;48;156; ; ; ; ; ; ; ; ; ; ; ; ; ; ; ; ; ; ;1;22;86; ; ; ; ; ; ; ; ; ; ; ; ; ; ; ; ; ; ; ; ; ; ; ; ; ; ; ; ; ; ; ; ;1;4;54; ; ; ; ; ; ; ; ; ; ; ; ; ; ; ; ;0;7;16;0;0;0;0;0;0;0;0;0;0;0;0;0;0;0;0;0;5;0; ;0
Mendoza;TUNUYAN;Estatal;Rural; ; ; ;14;138;191;213;226;277;291;321;270;290;209;168;157;132;119; ; ; ; ; ; ;6;77;102;113;112;146;140;163;133;158;120;87;78;66;40; ; ; ;0;10;10;10;7;5;0;32;26;29;12;0; ; ; ; ; ; ; ;1;1;16;29;33;39;33;35;81;61;69;44;29; ;0;0;0;0;7;14;10;11;13;13;12;12;14;5;5;5;4;4;0;0;8;12; ;0
Mendoza;TUNUYAN;Estatal;Urbano; ; ; ;20;412;490;559;587;608;670;702;623;680;1077;839;764;554;525;169; ;1498; ; ; ;8;215;249;258;311;320;340;375;300;355;583;434;354;232;219;79; ;260;0;30;13;8;8;4;0;215;157;133;45;13;0; ; ; ; ; ; ; ;19;41;62;55;74;54;58;320;276;224;131;67;16;0;0;0;2;27;28;25;25;26;26;27;25;27;32;30;26;21;19;7;0;0;0; ;0
Mendoza;TUNUYAN;Privado;Rural;6;28;112; ; ; ; ; ; ; ; ; ; ; ; ; ; ; ; ; ; ;2;13;50; ; ; ; ; ; ; ; ; ; ; ; ; ; ; ; ; ; ; ; ; ; ; ; ; ; ; ; ; ; ; ; ; ; ;42; ; ; ; ; ; ; ; ; ; ; ; ; ; ; ; ;1;2;7;0;0;0;0;0;0;0;0;0;0;0;0;0;0;0;0;0;4;0; ;0
Mendoza;TUNUYAN;Privado;Urbano;5;74;301; ;110;132;144;145;148;168;157;144;141;103;101;98;88;93; ; ; ;3;32;154; ;42;63;66;71;73;72;77;86;55;43;36;38;39;39; ; ; ;0;0;0;0;0;0;0;1;1;4;0;0; ; ;4;13;113; ; ; ; ; ;1;1;3;1; ;1;1;4; ; ; ;1;10;25;0;6;6;6;6;6;6;6;6;6;3;3;3;3;3;0;0;0;0; ;0
Mendoza;TUPUNGATO;Estatal;Rural; ; ; ;17;197;258;277;315;311;360;364;348;331;258;199;204;168;124;41; ; ; ; ; ;8;87;127;125;174;155;200;165;188;172;132;98;106;93;76;22; ; ;0;27;18;18;7;17;2;21;26;22;24;7;0; ; ; ; ;1; ;1;6;43;51;62;56;58;42;79;50;67;40;20;5;0;0;0;1;12;14;13;15;15;14;15;15;13;8;8;7;7;6;1;0;5;13; ;0
Mendoza;TUPUNGATO;Estatal;Urbano; ; ; ;24;202;217;259;316;291;310;347;341;315;488;427;450;324;312;70; ;845; ; ; ;8;108;114;129;167;149;172;159;180;156;247;222;234;157;137;42; ;214;0;24;13;14;10;4;0;32;48;43;35;0;0; ; ; ; ; ;1; ;31;60;51;73;88;77;77;147;116;147;99;77;6;0;0;0;2;11;15;12;12;13;12;13;12;13;16;14;13;13;13;3;0;1;0; ;0
Mendoza;TUPUNGATO;Privado;Urbano;7;23;173; ;102;109;122;117;114;128;120;116;114;104;98;96;96;89; ; ;95;1;15;91; ;42;58;71;47;54;63;60;66;56;42;43;39;35;43; ; ;15;0;2;1;1;1;1;0;0;0;8;2;0; ; ; ; ;92; ; ;1; ;2;1;1;1;1;1; ; ;8;6;6; ;1;2;8;0;4;4;4;4;4;4;4;4;4;3;3;3;3;3;0;0;3;0; ;0
Misiones;25 DE MAYO;Estatal;Rural; ; ; ;47;311;392;468;484;508;465;496;471;485;320;323;247;210;176;6;2; ; ; ; ;17;151;187;241;241;245;239;223;238;263;179;150;99;92;75;1;1; ;8;29;35;31;22;23;31;12;12;19;7;3;0;0; ; ; ; ; ; ;17;54;86;91;90;85;94;90;84;64;40;30;2;0;0;0;1;10;11;18;15;16;17;16;12;17;14;14;14;13;13;1;0;25;106;15;8
Misiones;25 DE MAYO;Estatal;Urbano; ; ; ; ;101;115;139;107;103;114;112;120;119;155;125;110;90;73;13; ;4; ; ; ; ;45;57;74;57;52;57;47;62;61;81;70;50;49;33;7; ;3;0;6;8;5;5;9;5;2;6;4;3;0;0; ; ; ; ; ; ; ; ;9;15;13;12;19;11;30;34;18;24;7;3;0;0;0;0;5;5;8;6;6;6;7;8;7;6;5;4;4;4;1;0;0;1;3;0
Misiones;APOSTOLES;Estatal;Rural; ; ; ;38;124;144;198;213;214;200;199;192;166;124;97;78;56;50; ; ; ; ; ; ;21;56;82;99;113;118;107;98;92;87;68;50;41;17;14; ; ; ;6;10;14;6;15;5;4;25;17;10;5;0; ; ; ; ; ; ; ; ;8;16;39;24;32;30;27;60;54;28;20;17; ;0;0;0;1;5;7;11;10;11;10;11;9;9;6;4;4;3;2;0;0;7;16;3;1
Misiones;APOSTOLES;Estatal;Urbano; ;17;56;129;459;518;495;532;478;546;552;484;484;565;526;357;284;223;61; ;359; ;6;33;67;233;271;258;282;265;291;287;213;230;306;268;171;123;118;45; ;105;6;40;29;30;23;25;23;65;62;32;8;5;0; ; ; ; ; ; ; ;40;80;72;102;100;109;87;208;211;133;57;36;13;0;3;6;7;22;27;30;33;31;30;31;26;27;28;23;18;15;15;5;0;7;7; ;0
Misiones;APOSTOLES;Privado;Urbano; ; ; ;117;250;213;270;299;278;332;273;272;290;383;312;316;281;242;30; ;759; ; ; ;54;109;102;117;142;148;153;152;130;143;178;172;140;120;109;26; ;211;0;1;0;1;1;0;0;5;12;17;11;3;0; ; ; ; ; ;1; ;3;3;7;9;10;12;15;46;40;27;30;16;2;0;0;0;6;8;8;9;9;9;9;8;8;8;11;11;12;12;12;2;0;1;0; ;0
Misiones;CAINGUAS;Estatal;Rural; ; ;15;107;357;319;204;206;220;210;214;193;214;15;19;16;11;4; ; ; ; ; ;4;61;179;172;110;96;133;122;97;109;115;12;11;6;5;2; ; ; ;7;10;13;19;13;12;10;1;0;0;0;0; ; ; ; ; ; ;10; ;19;12;30;51;33;49;31;4;6;5;2;1; ;0;0;2;3;8;9;8;6;9;3;5;6;7;1;1;1;1;1;0;0;36;57;2;0
Misiones;CAINGUAS;Estatal;Urbano; ; ; ;71;441;555;812;891;894;934;995;912;904;998;994;742;586;505;89; ;815; ; ; ;36;213;291;417;491;483;477;518;487;470;541;479;364;272;225;52; ;251;27;57;66;61;50;59;56;57;100;65;21;10;0; ; ; ; ; ; ; ;76;114;150;171;206;177;201;314;314;232;130;89;5;0;0;0;5;17;24;47;48;54;50;54;47;50;43;35;35;31;30;7;0;17;62;33;4
Misiones;CAINGUAS;Privado;Urbano; ; ; ;89;203;210;231;247;217;230;234;201;194;298;279;205;196;174;8; ;258; ; ; ;42;99;112;119;130;111;111;119;97;90;130;124;82;91;76;6; ;82;0;2;4;5;6;2;3;8;8;4;10;0;0; ; ; ; ; ;1; ;2;2;5;5;10;3;3;47;50;32;26;26;1;0;0;0;9;11;11;12;12;11;10;11;10;10;11;10;10;10;10;1;0;0;0; ;0
Misiones;CANDELARIA;Estatal;Rural; ; ; ;19;123;118;190;200;235;200;201;191;186;200;143;130;86;68;24; ; ; ; ; ;5;70;58;98;102;126;107;100;90;107;115;73;64;49;27;8; ; ;7;10;9;11;15;8;5;32;18;19;19;5;2; ; ; ; ; ; ; ;17;15;26;23;40;36;35;92;61;63;37;30;7;0;0;0;1;4;4;7;8;10;8;9;8;7;9;9;7;6;6;3;0;5;19;1;6
Misiones;CANDELARIA;Estatal;Urbano; ; ; ; ;393;463;478;491;475;557;534;492;489;516;528;385;310;229;23; ;111; ; ; ; ;207;233;236;238;224;293;272;244;259;271;276;182;148;105;12; ;36;6;18;13;12;12;16;8;69;104;83;39;8;0; ; ; ; ; ; ; ;25;55;71;83;104;79;119;166;199;116;72;60;2;0;0;0;0;20;21;20;22;20;24;22;22;22;21;19;14;14;12;2;0;0;3; ;0
Misiones;CAPITAL;Estatal;Rural; ; ; ;23;180;206;553;649;603;596;658;637;539;363;330;214;169;107;10; ; ; ; ; ;12;94;103;290;327;295;303;346;318;290;179;152;102;79;49;8; ; ;1;24;29;28;22;29;13;43;50;24;9;5;1; ; ; ; ; ; ; ;16;68;119;134;111;157;132;88;99;74;45;28;1;0;0;0;1;10;11;26;31;27;26;30;27;26;14;12;9;7;6;1;0;1;3; ;1
Misiones;CAPITAL;Estatal;Urbano;27;124;226;1188;2913;3223;3686;3955;3947;4134;4552;4314;4189;4565;4413;3211;2429;2139;344;65;4953;10;59;124;583;1482;1664;1853;2021;2115;2126;2340;2209;2187;2419;2272;1554;1137;1002;186;44;1928;52;232;235;250;250;215;199;434;525;251;123;51;6;17; ; ; ; ; ; ;179;426;600;710;757;728;729;1534;1658;1219;675;562;44;4;9;16;81;166;180;202;207;209;207;219;207;204;211;176;144;122;115;15;0;23;9; ;0
Misiones;CAPITAL;Privado;Urbano;9;65;139;1044;1895;2002;2380;2358;2401;2282;2338;2221;2102;2988;2842;2584;2323;2066;140;21;15526;5;28;67;490;903;1004;1172;1171;1189;1142;1148;1049;1021;1456;1380;1220;1106;1002;94;11;5070;0;13;17;18;19;23;20;71;109;100;77;39;1;0;3;1; ;1;2;1;15;19;35;53;48;52;48;307;319;301;253;205;12;1;5;9;70;106;107;101;99;96;88;86;85;83;103;99;98;91;84;8;0;1;0; ;0
Misiones;CONCEPCION;Estatal;Rural; ; ; ;3;29;34;67;73;65;68;72;70;65;25;22;12;10;10; ; ; ; ; ; ;1;14;13;32;33;32;30;27;40;35;13;12;5;3;5; ; ; ;0;1;3;2;4;2;0;5;5;1;1;0; ; ; ; ; ; ; ; ;1;1;5;4;4;4; ;9;11;1;4;2; ;0;0;0;0;0;0;3;3;3;2;2;2;2;1;1;1;1;1;0;0;9;20; ;0
Misiones;CONCEPCION;Estatal;Urbano; ; ; ;25;133;142;140;141;126;140;128;132;137;195;163;126;80;69;28; ;126; ; ; ;14;68;69;62;76;65;69;70;66;66;104;88;44;33;32;14; ;31;0;6;8;13;14;6;8;43;26;15;7;8;0; ; ; ; ; ; ; ;4;7;14;18;18;7;12;68;56;28;13;10;1;0;0;0;1;6;7;8;9;9;7;6;8;7;7;6;5;4;3;1;0;1;2; ;0
Misiones;ELDORADO;Estatal;Rural; ; ; ; ;219;273;267;302;244;277;285;263;260;244;254;174;150;108;36; ; ; ; ; ; ;117;137;146;151;137;142;134;151;128;116;129;84;63;52;21; ; ;9;21;17;19;25;24;11;21;17;11;7;2;5; ; ; ; ; ; ; ;12;26;33;42;39;40;44;89;86;58;44;28;5;0;0;0;0;14;16;15;15;12;13;13;12;13;15;13;10;8;7;4;0;5;17; ;5
Misiones;ELDORADO;Estatal;Urbano; ; ; ;61;543;702;900;940;1032;1029;1051;1002;982;1199;1231;866;739;593;145;6;441; ; ; ;33;273;373;459;509;534;526;548;505;492;682;630;443;367;282;92;6;53;9;62;85;76;92;91;48;183;149;82;50;24;3;0; ; ; ; ; ; ;42;144;235;239;245;213;191;443;553;300;229;198;18;0;0;0;6;30;37;51;48;58;53;53;52;54;52;41;32;26;24;6;0;8;15; ;1
Misiones;ELDORADO;Privado;Urbano; ; ;11;212;431;470;514;466;484;464;490;486;460;459;434;367;353;281; ; ;751; ; ;2;101;197;241;234;230;240;237;245;232;237;188;174;134;140;112; ; ;188;7;4;5;3;5;13;6;18;34;23;14;1; ; ; ; ; ;1;1;1;22;22;24;20;24;42;27;49;61;63;42;28; ;0;0;2;12;17;20;20;19;19;18;17;17;17;16;14;12;12;11;0;0;2;0; ;0
Misiones;Enmascarado;Privado;Rural; ; ; ; ;83;85;89;97;107;117;96;113;114;604;534;484;445;313;14; ;1024; ; ; ; ;43;41;47;42;52;62;47;51;60;323;255;235;221;165;7; ;214;0;0;2;0;1;1;1;9;14;18;2;5;0; ; ; ; ; ; ; ;10;3;3;10;14;7;17;75;100;88;46;51;4;0;0;0;0;4;4;4;4;4;4;4;4;4;19;18;20;19;17;1;0;1;3; ;0
Misiones;Enmascarado;Privado;Urbano; ; ; ;45;161;151;181;156;153;162;137;142;110;140;130;135;95;60; ; ;100; ; ; ;23;71;75;91;74;73;74;72;65;62;68;48;62;48;23; ; ;29;0;5;2;3;1;0;0;4;5;4;1;0; ; ; ; ; ; ; ; ; ;6;9;6;6;4;3;7;8;7;7; ; ;0;0;0;4;10;9;8;8;8;8;7;6;5;6;6;6;4;3;0;0;0;0; ;0
Misiones;GENERAL MANUEL BELGRANO;Estatal;Rural; ; ; ;34;246;318;399;402;385;370;386;355;303;191;144;110;72;53;11; ; ; ; ; ;19;140;170;197;223;215;203;203;184;154;98;91;49;35;26;8; ; ;19;45;23;27;24;21;18;31;15;10;4;4;0; ; ; ; ; ; ; ;39;71;91;80;92;93;62;74;52;32;21;11;2;0;0;0;0;5;10;19;20;17;15;15;14;14;7;6;6;5;4;1;0;23;44;9;7
Misiones;GENERAL MANUEL BELGRANO;Estatal;Urbano; ; ; ;50;420;519;598;564;588;602;610;570;483;612;550;324;258;200;31; ;133; ; ; ;27;205;266;313;292;308;312;318;288;243;321;282;147;114;73;19; ;34;27;43;54;79;38;44;30;66;59;20;11;12;0; ; ; ; ; ; ; ;71;79;162;178;155;141;126;294;269;150;72;49;11;0;0;0;3;18;22;29;26;26;26;28;25;22;30;22;20;19;16;4;0;10;43;21;8
Misiones;GENERAL MANUEL BELGRANO;Privado;Urbano; ; ; ;34;137;140;178;173;169;176;159;163;159;238;203;176;134;125; ; ;186; ; ; ;16;59;64;77;81;85;92;67;76;72;106;93;68;59;52; ; ;49;0;0;0;2;2;3;0;20;8;8;8;2; ; ; ; ; ; ;1; ;12; ;1;5;3;16;7;70;57;51;25;13; ;0;0;0;3;7;7;7;7;7;7;7;7;7;8;8;8;6;6;0;0;0;0; ;0
Misiones;GUARANI;Estatal;Rural; ; ;14;22;732;821;555;553;552;594;636;534;503;191;136;121;114;87; ; ; ; ; ;8;8;388;420;267;299;297;297;328;290;229;101;54;63;56;37; ; ; ;13;29;31;33;35;26;22;42;33;22;12;3; ; ; ; ; ; ; ; ;35;53;99;109;131;97;104;100;70;55;51;25; ;0;0;0;0;22;24;18;14;15;17;16;13;10;5;5;5;5;4;0;0;45;113;6;5
Misiones;GUARANI;Estatal;Urbano; ; ; ;18;318;457;1116;1128;1161;1202;1314;1134;1085;1118;1079;847;737;553;86; ;283; ; ; ;8;175;245;567;606;612;613;707;589;505;570;540;406;318;254;40; ;55;16;61;47;37;42;26;24;77;82;45;31;14;2; ; ; ; ; ;3;3;94;124;142;168;175;167;158;243;265;197;185;98;5;0;0;0;2;16;20;49;45;49;48;54;47;47;37;33;29;26;23;4;0;12;97;39;7
Misiones;GUARANI;Privado;Urbano; ; ; ;98;261;191;206;171;171;135;125;124;102;272;241;187;145;78; ; ;506; ; ; ;48;124;115;95;90;87;65;60;60;54;115;103;88;69;33; ; ;126;0;2;2;1;1;1;0;4;6;9;7;2; ; ; ; ; ; ;1; ;8;3;2;1;2;2;2;9;39;29;27;13; ;0;0;0;7;12;11;11;8;8;5;4;5;4;9;8;7;5;3;0;0;1;1; ;0
Misiones;IGUAZU;Estatal;Rural; ; ; ;38;205;279;290;314;312;273;265;226;226;61;35;32;22;19; ; ;33; ; ; ;19;100;162;150;166;175;152;127;112;126;36;17;12;12;9; ; ;22;8;24;28;24;34;25;13;7;5;2;0;0; ; ; ; ; ; ;2; ;42;90;125;88;125;94;77;37;20;21;11;7; ;0;0;0;0;11;13;15;12;15;12;11;10;10;1;1;1;1;1;0;0;10;15;1;3
Misiones;IGUAZU;Estatal;Urbano;11;21;25;149;816;1144;1380;1600;1588;1618;1627;1485;1478;1767;1411;1043;739;658;175; ;422;5;12;15;66;396;564;703;779;794;849;807;738;738;946;710;497;364;331;102; ;144;57;168;143;163;146;107;114;275;253;129;52;21;14; ; ; ; ; ; ; ;187;390;415;488;467;393;428;803;683;477;270;223;36;2;2;2;11;46;59;67;71;75;77;74;65;65;66;56;44;31;31;8;0;7;29; ;4
Misiones;IGUAZU;Privado;Urbano;12;17;37;269;524;582;593;553;527;492;453;470;420;626;573;541;436;348;32; ;918;9;10;15;131;265;290;312;282;269;229;229;254;194;287;256;245;197;159;17; ;300;2;3;5;1;3;3;3;14;25;28;14;26;0; ;3; ; ;3;4;2;12;4;17;4;10;12;10;89;77;85;63;53;1;1;2;2;15;26;29;26;23;22;19;18;19;17;20;19;18;18;14;1;0;0;0; ;0
Misiones;LEANDRO N. ALEM;Estatal;Rural; ; ; ;7;223;266;301;330;312;367;335;334;340;257;255;202;182;137; ; ; ; ; ; ;3;128;133;162;174;146;205;178;179;169;139;119;89;82;71; ; ; ;5;9;15;17;10;14;4;17;32;13;14;7; ; ; ; ; ; ; ; ;21;19;36;50;35;51;33;99;113;69;50;42; ;0;0;0;1;12;18;14;11;13;18;15;14;16;10;11;13;9;9;0;0;15;65;17;3
Misiones;LEANDRO N. ALEM;Estatal;Urbano; ; ; ;38;261;330;373;436;444;450;459;487;468;530;477;372;314;261;46; ;390; ; ; ;25;125;165;203;241;225;242;232;246;234;305;244;160;155;127;32; ;46;1;12;7;10;7;9;6;45;85;44;15;13;0; ; ; ; ; ; ; ;48;42;69;77;49;66;57;151;205;121;85;63;4;0;0;0;3;19;21;26;27;26;23;25;24;26;24;21;19;18;16;3;0;7;16;5;0
Misiones;LEANDRO N. ALEM;Privado;Urbano; ; ;2;54;144;120;161;169;134;153;115;135;100;231;213;218;149;143; ; ;228; ; ;1;21;72;64;75;82;74;61;55;60;49;106;94;100;70;59; ; ;114;1;0;0;2;0;0;1;2;7;2;1;0; ; ; ; ; ; ; ; ;4;1;2;4;2;9;3;6;15;15;5;2; ;0;0;0;5;7;6;7;7;6;6;4;5;4;8;8;7;6;5;0;0;1;0; ;0
Misiones;LIBERTADOR GRL SAN MARTIN;Estatal;Rural; ; ; ;5;127;155;209;226;210;221;213;226;179;159;135;104;95;52;11; ; ; ; ; ;2;66;79;103;118;110;96;108;116;89;83;83;56;47;32;7; ; ;1;9;6;11;3;3;4;7;16;9;4;0;1; ; ; ; ; ; ; ;8;21;22;25;18;30;28;49;42;39;30;11; ;0;0;0;0;2;2;9;9;8;9;9;9;9;8;6;6;4;4;1;0;15;27;5;6
Misiones;LIBERTADOR GRL SAN MARTIN;Estatal;Urbano; ; ; ;90;345;439;488;546;486;527;651;554;561;647;601;533;374;303;77;8;224; ; ; ;48;169;219;238;283;247;273;334;297;297;351;305;264;175;148;41;5;42;2;12;6;22;15;7;13;96;82;82;28;5;0;0; ; ; ; ; ; ;28;44;49;73;95;76;95;273;238;236;130;70;4;0;0;0;7;18;18;26;28;27;28;31;26;27;29;27;21;18;17;5;0;10;33;9;2
Misiones;LIBERTADOR GRL SAN MARTIN;Privado;Rural; ; ; ; ;48;46;65;90;75;57;64;53;63;111;89;83;88;66;55; ; ; ; ; ; ;17;24;34;45;34;27;36;24;24;54;48;39;45;36;39; ; ;0;20;18;7;10;9;13;0;0;0;0;0;0; ; ; ; ; ; ; ;9;29;40;21;27;23;31; ; ;1;1;2; ;0;0;0;0;2;2;2;2;3;1;1;1;1;4;4;4;5;3;4;0;1;8; ;4
Misiones;LIBERTADOR GRL SAN MARTIN;Privado;Urbano; ; ; ;77;187;182;217;229;206;233;222;193;189;209;208;178;174;146;12; ;839; ; ; ;35;85;87;110;108;95;131;117;99;105;99;95;79;74;65;9; ;308;1;3;5;1;0;1;3;3;8;6;3;1;1; ; ; ; ; ; ; ;1;4;5;2;1;8;8;7;16;16;15;7;1;0;0;0;5;7;9;10;8;8;8;8;6;6;7;8;7;7;7;1;0;1;3; ;1
Misiones;MONTECARLO;Estatal;Rural; ; ; ;6;99;147;127;155;120;147;153;140;153;103;90;69;77;49; ; ; ; ; ; ;5;50;69;65;79;59;78;83;68;87;56;44;33;40;16; ; ; ;4;11;3;9;4;6;2;20;33;17;9;3; ; ; ; ; ; ; ; ;7;19;22;36;31;24;36;60;48;29;20;14; ;0;0;0;0;3;4;6;9;6;9;7;7;8;7;5;4;4;4;0;0;9;14; ;3
Misiones;MONTECARLO;Estatal;Urbano; ; ; ;82;269;357;453;447;476;477;613;507;459;526;523;405;302;266;82; ;148; ; ; ;44;135;169;223;230;247;266;327;272;252;274;285;197;152;127;56; ;12;24;26;31;27;31;22;14;69;96;52;19;9;1; ; ; ; ; ; ; ;56;82;93;124;161;150;115;190;249;176;73;75;19;0;0;0;6;14;16;29;28;32;29;35;30;27;26;22;18;16;14;5;0;4;8; ;1
Misiones;MONTECARLO;Privado;Urbano; ; ; ;81;172;164;172;184;196;168;202;173;173;197;208;177;174;135;24; ;414; ; ; ;45;104;85;76;83;95;89;94;89;94;85;93;82;71;56;10; ;255;0;1;5;2;1;2;2;16;19;22;19;11;7; ; ; ; ; ; ; ; ;2;5;2;2;3;2;24;28;31;30;23;8;0;0;0;6;9;8;8;7;8;8;8;7;7;7;7;7;7;6;1;0;0;0; ;0
Misiones;OBERA;Estatal;Rural; ; ; ;86;385;427;802;737;780;777;826;801;783;585;625;482;393;306;34; ; ; ; ; ;43;198;209;408;381;394;389;426;421;394;303;315;238;173;141;17; ; ;14;32;39;25;25;30;22;50;64;29;20;8;0; ; ; ; ; ;1;2;90;77;105;131;123;116;132;205;193;149;83;82;1;0;0;0;6;19;19;39;35;40;33;36;35;36;25;24;25;22;22;3;0;27;86;19;1
Misiones;OBERA;Estatal;Urbano; ;14;15;190;1087;1203;1208;1226;1271;1268;1351;1180;1229;1363;1313;1074;783;654;93;2;482; ;3;8;87;565;590;618;617;683;644;673;627;611;707;672;530;384;313;76;2;109;56;90;74;76;93;74;57;139;162;124;58;11;2;0; ; ; ; ;1; ;143;179;209;253;300;276;256;435;423;348;222;170;23;0;0;0;15;62;67;68;63;70;66;66;58;58;56;49;44;38;36;5;0;24;34;3;0
Misiones;OBERA;Privado;Rural; ; ; ;53;108;110;121;120;118;114;113;129;109;194;166;128;114;103; ; ; ; ; ; ;26;55;51;56;60;57;62;55;62;56;101;82;65;52;38; ; ; ;0;1;0;0;0;0;0;0;5;4;3;0; ; ; ; ; ; ; ; ;2;11; ;2;2;5;6;21;18;16;15;11; ;0;0;0;2;5;5;6;5;4;4;4;4;4;5;4;4;4;4;0;0;1;0; ;0
Misiones;OBERA;Privado;Urbano; ; ;34;121;217;250;244;260;266;244;241;241;239;351;309;266;237;203; ; ;1266; ; ;12;66;106;131;124;118;123;118;108;119;124;153;144;126;107;85; ; ;367;0;1;5;1;2;1;0;10;19;20;9;2; ; ; ; ; ; ; ; ;2;5;7;2;2;3; ;26;35;31;16;10; ;0;0;2;7;10;10;10;10;11;10;9;9;9;12;11;10;10;9;0;0;0;0; ;0
Misiones;SAN IGNACIO;Estatal;Rural; ; ; ; ;173;210;247;306;284;275;326;275;272;122;132;89;64;57; ; ; ; ; ; ; ;82;94;142;140;148;136;148;140;142;71;64;44;25;29; ; ; ;6;15;20;21;18;24;15;23;20;10;6;2; ; ; ; ; ; ; ; ;27;36;57;51;55;60;43;66;56;37;12;16; ;0;0;0;0;8;8;15;18;17;15;17;16;19;6;6;6;6;6;0;0;15;30;4;2
Misiones;SAN IGNACIO;Estatal;Urbano; ; ; ;16;617;769;864;910;884;890;976;863;840;1119;1070;781;559;462;106;9;945; ; ; ;4;332;379;429;480;463;457;509;422;422;567;550;391;256;220;76;7;288;28;43;47;56;46;36;49;137;168;87;45;31;3;0; ; ; ; ;1; ;64;95;144;183;135;153;138;406;459;307;141;99;10;0;0;0;1;38;42;46;47;45;43;48;42;43;44;41;32;30;29;6;0;5;35;12;3
Misiones;SAN IGNACIO;Privado;Rural; ; ; ; ;26;28;32;32;41;39;27;35;24;67;58;30;37;33; ; ; ; ; ; ; ;13;14;15;18;23;21;15;15;13;27;28;16;17;13; ; ; ;3;3;4;3;4;4;1;2;4;1;1;3; ; ; ; ; ; ; ; ;4;7;8;8;6;10;5;38;29;12;30;24; ;0;0;0;0;1;1;2;2;2;2;2;2;2;2;2;2;2;2;0;0;2;5; ;2
Misiones;SAN IGNACIO;Privado;Urbano; ; ; ;54;133;134;171;158;151;137;166;149;133;171;146;135;110;112;7; ;97; ; ; ;33;67;61;87;66;74;74;84;60;65;59;65;52;30;40;1; ;29;0;0;0;0;1;0;0;3;5;2;1;0;0; ; ; ; ; ;1; ; ; ; ; ;2;1; ;8;6;5;3;2; ;0;0;0;3;7;7;7;6;6;5;6;5;5;5;5;5;5;5;1;0;0;1; ;1
Misiones;SAN JAVIER;Estatal;Rural; ; ; ;31;212;180;210;205;230;261;260;261;219;157;126;123;93;73; ; ; ; ; ; ;19;99;91;121;111;122;144;125;134;101;89;60;56;41;26; ; ; ;3;6;5;14;11;7;3;6;10;8;4;1; ; ; ; ; ; ; ; ;4;6;9;21;23;14;14;63;57;39;31;21; ;0;0;0;0;8;7;9;10;12;11;9;8;8;7;6;5;5;4;0;0;17;48; ;1
Misiones;SAN JAVIER;Estatal;Urbano; ; ; ;16;160;177;199;206;209;226;212;209;216;290;284;192;173;131;21; ;70; ; ; ;5;76;89;99;114;101;119;115;94;105;142;135;90;86;59;13; ;24;2;7;6;7;5;11;4;39;22;35;19;12;1; ; ; ; ; ;1; ;6;9;8;10;8;15;13;89;107;64;29;24;2;0;0;0;0;8;10;11;11;11;11;10;10;13;13;8;8;7;6;2;0;4;3; ;0
Misiones;SAN PEDRO;Estatal;Rural; ; ; ;14;345;426;358;407;375;384;404;334;325;157;137;93;72;64; ; ; ; ; ; ;7;161;203;175;212;194;217;206;167;185;84;82;42;33;23; ; ; ;6;23;19;19;15;23;11;17;17;6;1;0; ; ; ; ; ; ; ; ;47;67;61;100;97;73;69;46;51;29;16;14; ;0;0;0;0;7;10;13;11;11;10;10;11;11;5;4;4;4;4;0;0;30;67;4;0
Misiones;SAN PEDRO;Estatal;Urbano; ; ; ;31;162;177;443;385;458;421;482;433;406;507;441;327;236;213;44; ;407; ; ; ;15;81;99;243;193;233;214;227;227;222;260;215;153;110;108;24; ;126;21;20;26;34;40;30;31;24;60;17;11;8;1; ; ; ; ; ; ; ;58;55;92;117;94;112;94;141;152;107;57;45;16;0;0;0;3;7;8;15;15;16;15;17;12;11;19;18;13;13;12;5;0;2;61;9;2
Misiones;SAN PEDRO;Privado;Rural; ; ; ; ;18;13;10;15;15; ; ; ; ;89;87;70;47;48; ; ;33; ; ; ; ;8;6;5;9;10; ; ; ; ;39;44;40;17;23; ; ;8;0;0;0; ; ; ; ;1;2;1;2;0; ; ; ; ; ; ;2;2; ; ; ; ; ; ; ;25;31;19;9;9; ;0;0;0;0;1;1;1;1;1;0;0;0;0;3;3;3;3;3;0;0;0;0; ;0
Neuquén;ALUMINE;Estatal;Rural; ;13;26;46;77;90;50;64;54;65;60;55;61;38;53;41;36;38; ; ; ; ;8;12;21;37;44;22;29;23;28;27;30;40;28;33;23;19;18; ; ; ;0;0;0;1;2;0;0;0;5;0;3;0; ; ; ; ; ; ; ; ;3; ;5;5;5;3;4;14;11;5;16;4; ;0;1;2;3;4;5;3;3;4;4;4;3;3;3;3;3;3;3;0;0;9;14; ;1
Neuquén;AÑELO;Estatal;Urbano; ; ; ;9;297;383;374;419;396;401;463;426;426;454;508;384;309;214;63; ;53; ; ; ;4;153;193;178;233;202;204;233;235;220;208;289;176;120;84;28; ;2;0;0;0;3;3;1;3;14;82;32;13;6;3; ; ; ; ; ;3; ;8; ; ;3;3;2;4;54;179;118;101;59;17;0;0;0;0;16;17;17;20;17;18;19;19;18;19;18;18;15;10;3;0;5;1; ;0
Neuquén;CATAN LIL;Estatal;Rural; ; ; ;6;18;29;40;27;42;42;40;38;52;20;31;21;21;15; ; ; ; ; ; ;2;8;13;21;15;17;24;25;19;29;11;15;10;10;6; ; ; ;0;0;0;0;0;0;0;5;9;3;3;0; ; ; ; ; ; ; ; ;1; ; ; ; ;1; ;5;10;5;4;3; ;0;0;0;0;0;3;2;2;2;1;1;1;2;2;2;1;1;1;0;0;7;13; ;3
Neuquén;CHOS MALAL;Estatal;Rural; ; ; ;14;11;20;32;39;34;39;59;52;44;26;24;23;17;19; ; ; ; ; ; ;5;6;11;15;19;20;19;23;30;24;13;8;7;8;7; ; ; ;0;1;3;0;1;1;3;2;2;6;0;0; ; ; ; ; ; ; ; ; ;1;4; ;1;2;3;2;6;6;6;1; ;0;0;0;2;0;1;1;2;1;1;2;2;2;1;1;1;1;1;0;0;5;16; ;2
Neuquén;CHOS MALAL;Estatal;Urbano; ; ;24;102;163;194;170;179;217;240;247;262;236;271;316;235;224;234;39; ;1178; ; ;14;57;76;104;88;91;116;123;124;133;121;157;159;119;103;114;28; ;278;0;0;0;0;1;1;0;38;79;16;21;15;0; ; ; ; ; ; ; ;24;28;22;27;30;30;31;49;103;50;60;48;4;0;0;2;4;4;8;14;14;18;17;16;16;15;16;16;12;10;10;3;0;10;0; ;0
Neuquén;COLLON CURA;Estatal;Rural; ; ; ;8;8;5;12;11;11;11;13;16;9;7;12;7;11;4; ; ; ; ; ; ;2;3;2;8;6;5;4;5;10;4;7;8;2;4;1; ; ; ;0;0;1;1;1;1;1;2;3;0;1;0; ; ; ; ; ; ; ; ;5; ;3;5;4;3;2;3;5;3;7;1; ;0;0;0;0;0;0;1;1;1;1;1;1;1;1;1;1;1;1;0;0;2;5; ;1
Neuquén;CONFLUENCIA;Estatal;Rural; ;4;4;13;85;95;146;161;140;192;186;185;170;84;93;80;74;64; ; ;36; ;3;1;9;42;51;71;86;67;87;92;83;81;50;55;38;33;29; ; ;12;0;0;0;1;0;1;0;4;13;8;7;4; ; ; ; ; ; ; ; ; ; ; ;1; ;2; ;7;24;21;15;13; ;0;0;0;0;3;3;7;8;7;11;11;9;9;4;4;4;3;3;0;0;11;10; ;1
Neuquén;CONFLUENCIA;Estatal;Urbano; ;13;311;1825;3836;4499;4694;5269;5698;6021;6452;6333;6124;6713;7587;6144;5749;4877;1855; ;5480; ;9;145;918;1954;2307;2333;2733;2835;3066;3339;3302;3136;3540;3994;3169;2944;2426;1135; ;1126;0;6;38;15;46;17;17;384;1085;573;460;223;91; ; ; ; ;14;2;9;51;15;48;55;89;59;59;957;1896;1465;1417;1120;352;0;2;36;101;172;209;302;311;316;310;329;327;319;311;299;277;234;208;72;0;170;3; ;0
Neuquén;CONFLUENCIA;Privado;Urbano;35;77;168;596;1289;1500;1677;1646;1730;1697;1674;1590;1461;1657;1600;1488;1431;1229;40; ;11472;22;34;86;289;652;753;851;776;876;797;839;796;719;771;793;694;685;580;32; ;4148;0;0;3;0;0;0;0;9;58;29;37;7;0; ;2; ;7; ; ;1;3; ;4; ;1;4;5;37;100;90;132;68;2;6;8;15;36;63;77;77;71;72;71;69;69;65;63;61;59;57;55;2;0;34;0; ;0
Neuquén;Enmascarado;Estatal;Rural; ; ; ;2;13;16;18;14;31;19;31;17;18;19;12;26;11;18; ; ; ; ; ; ;1;7;4;6;7;16;8;15;11;9;12;7;18;5;11; ; ; ;0;0;0;0;0;0;0;0;0;0;0;0; ; ; ; ; ; ; ; ; ; ;1; ; ; ;1;4;4;9;3;5; ;0;0;0;0;0;1;1;1;1;1;1;1;1;2;2;2;2;2;0;0;3;4; ;1
Neuquén;Enmascarado;Estatal;Urbano; ;12;49;127;252;258;337;372;381;383;385;390;400;454;533;394;405;362; ; ;478; ;7;24;58;121;135;160;182;212;191;197;196;175;246;295;204;213;164; ; ;84;0;0;1;4;7;8;2;29;84;50;39;10; ; ; ; ; ;1; ; ;1; ;1;4;7;9;2;47;110;77;98;73; ;0;0;4;5;8;10;22;23;24;22;25;24;23;27;23;19;19;18;0;0;23;0; ;0
Neuquén;Enmascarado;Privado;Rural; ; ; ;3;4;11;11;15;23;17;26;21;28;64;86;65;41;41;21; ; ; ; ; ;2;1;7;7;8;11;10;12;13;17;34;47;33;25;20;11; ; ;0;0;0;0;0;0;0;0;8;3;3;0;0; ; ; ; ; ; ; ; ;2;3; ;2;1;1;26;33;26;20;17;13;0;0;0;0;0;1;1;2;2;2;2;2;2;4;3;3;3;2;1;0;1;0; ;0
Neuquén;Enmascarado;Privado;Urbano; ;4;5;35;47;67;65;57;56;57;51;69;58;68;96;73;67;46;18; ;573; ;3;3;22;23;35;35;27;27;36;20;33;29;35;42;34;35;28;7; ;206;0;0;0;1;0;0;0;0;6;0;0;0;0; ; ; ; ; ; ; ; ; ; ;1; ; ; ;7;10;8;7; ; ;0;1;1;3;2;3;4;4;3;3;4;3;3;4;5;4;3;3;2;0;4;1; ;0
Neuquén;HUILICHES;Estatal;Rural; ; ; ;14;20;24;22;27;32;31;40;33;31;34;47;30;31;26; ; ; ; ; ; ;7;10;13;9;13;15;18;21;17;9;13;21;13;15;13; ; ; ;0;0;0;0;2;3;2;0;0;0;0;0; ; ; ; ; ; ; ; ; ; ;1;3;6;4;2; ; ; ; ; ; ;0;0;0;0;1;2;0;0;0;0;0;0;0;3;3;3;2;2;0;0;7;17; ;3
Neuquén;HUILICHES;Estatal;Urbano; ;30;49;107;155;184;169;162;206;175;238;210;210;199;297;188;169;127;47; ;431; ;19;16;53;77;84;85;89;97;75;117;109;104;112;162;102;109;71;32; ;37;0;0;0;0;1;0;2;9;34;23;11;9;0; ; ; ; ; ; ; ; ; ; ; ;1; ;3;25;80;55;66;38;14;0;2;3;7;8;11;10;8;10;9;11;9;9;10;12;8;7;6;3;0;5;0; ;0
Neuquén;HUILICHES;Privado;Urbano; ; ; ;1;11;20;69;78;75;96;78;75;77;88;92;71;83;74;39; ; ; ; ; ;1;5;12;37;43;34;63;42;40;34;30;33;26;23;19;8; ; ;0;0;0;0;0;0;0;6;12;11;2;0;0; ; ; ; ; ; ; ; ; ; ; ; ; ; ;10;20;13;13;10;9;0;0;0;0;0;0;3;4;3;4;3;3;3;4;4;4;4;3;1;0;2;3; ;0
Neuquén;LACAR;Estatal;Rural; ; ;12;63;59;97;23;28;28;21;35;29;30; ; ; ; ; ; ; ; ; ; ;5;33;32;52;12;12;18;11;15;13;20; ; ; ; ; ; ; ; ;0;0;3;0;1;0;2; ; ; ; ; ; ; ; ; ; ; ; ; ; ; ;3; ;5;5;6; ; ; ; ; ; ;0;0;1;3;0;1;1;0;1;0;0;1;1;0;0;0;0;0;0;0;16;20; ;0
Neuquén;LACAR;Estatal;Urbano; ; ;23;119;218;257;380;433;457;459;512;460;488;608;684;574;446;442;160; ;494; ; ;12;51;99;122;177;235;254;268;259;230;248;295;358;294;211;209;92; ;143;0;0;7;3;10;2;1;57;118;71;40;25;0; ; ; ; ; ; ; ;1;1;9;4;10;3;4;86;192;164;112;122;32;0;0;2;9;10;11;24;25;26;25;29;26;26;28;27;24;19;18;7;0;8;0; ;0
Neuquén;LACAR;Privado;Urbano; ;25;63;116;112;129;143;139;139;140;141;139;148;91;89;92;92;77; ; ; ; ;12;23;53;50;58;56;75;59;74;60;67;84;38;35;43;46;29; ; ; ;0;0;0;0;0;0;0;0;0;0;0;0; ; ; ; ; ; ; ; ; ; ; ; ; ; ; ; ;4;2;7;5; ;0;2;3;5;5;5;5;5;5;5;5;5;5;3;3;3;3;3;0;0;7;3; ;0
Neuquén;LONCOPUE;Estatal;Rural; ; ; ;7;17;15;20;22;20;24;21;29;23;20;17;24;28; ; ; ; ; ; ; ;3;8;4;12;9;9;13;11;10;9;9;8;12;14; ; ; ; ;0;0;0;0;1;0;1;0;0;0;0; ; ; ; ; ; ; ; ; ; ; ; ; ;2; ;1;1;2;7;12; ; ;0;0;0;0;0;0;2;2;3;2;3;4;3;2;2;2;2;0;0;0;6;7; ;2
Neuquén;LOS LAGOS;Estatal;Urbano; ;38;71;96;130;170;164;190;239;233;248;227;252;230;251;185;180;132; ; ;182; ;18;37;50;67;93;81;97;127;130;109;108;140;121;122;103;93;58; ; ;64;0;1;1;0;0;0;2;32;78;13;8;7; ; ; ; ; ; ; ; ; ;1;2;2;1; ;10;56;96;33;33;15; ;0;2;4;4;6;10;9;10;12;11;13;10;13;11;11;7;7;6;0;0;6;0; ;0
Neuquén;LOS LAGOS;Privado;Urbano; ; ; ;13;17;29;26;27;21;26;26;31;25;54;53;50;49;50; ; ; ; ; ; ;6;10;15;12;15;10;12;11;17;10;29;28;23;24;28; ; ; ;0;0;0;0;0;0;0;0;0;1;0;0; ; ; ; ; ; ; ; ; ; ; ; ; ; ; ;1;1;3;3;2; ;0;0;0;1;1;1;1;1;1;1;1;1;1;2;2;2;2;2;0;0;1;1; ;0
Neuquén;MINAS;Estatal;Rural; ; ;9;23;49;57;82;97;101;105;88;83;82;75;110;88;98;60;33; ;112; ; ;5;12;26;30;43;35;49;61;43;48;43;40;52;52;59;19;15; ;9;0;0;2;0;8;0;1;4;17;10;10;2;0; ; ; ; ; ; ; ; ; ;3;6;8;8;8;23;50;34;42;17;25;0;0;1;4;3;9;7;6;7;7;6;6;6;6;6;6;6;5;2;0;4;17; ;0
Neuquén;ÑORQUIN;Estatal;Rural; ; ; ;35;56;71;97;88;97;101;89;105;94;97;99;94;100;79; ; ;44; ; ; ;16;22;30;54;47;53;51;45;54;52;48;49;37;40;40; ; ;15;0;0;1;0;1;4;3;4;13;3;2;0; ; ; ; ; ;1; ; ; ;1;2; ;2;13;5;7;20;13;23;12; ;0;0;0;3;4;5;6;7;7;5;8;6;6;5;5;5;5;5;0;0;4;11;2;2
Neuquén;PEHUENCHES;Estatal;Rural; ; ; ;10;17;26;27;21;26;36;34;22;23;35;33;25;21;27; ; ; ; ; ; ;4;7;12;8;8;12;21;15;8;13;13;21;11;9;13; ; ; ;0;0;0;1;0;0;1;4;0;0;0;0; ; ; ; ; ; ; ; ; ; ; ;1;1; ;1;12;20;3;4;12; ;0;0;0;1;1;2;1;1;2;2;2;1;2;3;3;2;2;1;0;0;1;7; ;1
Neuquén;PEHUENCHES;Estatal;Urbano; ; ;22;176;349;401;458;495;532;516;612;512;512;647;819;631;569;406;179; ;224; ; ;9;83;178;215;232;244;264;251;318;259;268;318;420;316;286;207;112; ;38;0;5;7;4;9;7;8;25;52;34;30;14;0; ; ; ; ; ; ; ;2;6;11;7;14;17;10;49;105;65;87;59;5;0;0;2;10;21;24;25;27;28;28;28;27;27;30;33;29;23;16;7;0;2;1; ;0
Neuquén;PICUN LEUFU;Estatal;Rural; ; ; ;3;9;4;4;8;11;12;10;13;18;18;10;24;19;22; ; ; ; ; ; ;1;6;3;3;2;4;6;4;7;12;11;3;13;16;15; ; ; ;0;0;0;0;0;0;1;0;3;2;1;2; ; ; ; ; ; ; ; ; ; ; ;1; ;1;1; ;3;7;5;12; ;0;0;0;0;0;0;0;0;1;0;0;0;0;1;1;1;1;1;0;0;2;7; ;1
Neuquén;PICUN LEUFU;Estatal;Urbano; ; ;20;32;44;61;69;49;69;70;67;85;71;121;116;65;66;48; ; ; ; ; ;15;13;28;36;47;19;34;36;27;45;44;60;51;32;27;25; ; ; ;0;0;0;0;3;2;2;8;13;8;8;1; ; ; ; ; ; ; ; ;1; ; ;1;4;6;8;26;29;7;20;14; ;0;0;2;2;2;3;4;4;4;4;4;5;5;5;5;4;3;2;0;0;1;1; ;0
Neuquén;PICUNCHES;Estatal;Rural; ; ; ;14;31;30;46;65;71;75;68;75;59;23;31;30;24;13; ; ; ; ; ; ;7;14;18;23;35;37;27;37;41;30;13;19;11;9;7; ; ; ;0;0;0;0;0;0;0;0;2;2;0;0; ; ; ; ; ; ; ; ; ; ; ; ; ;1; ;2;3;3;6;2; ;0;0;0;0;0;3;3;5;6;4;5;5;4;1;1;1;1;1;0;0;5;7; ;0
Neuquén;ZAPALA;Estatal;Rural; ; ; ;3;35;37;81;73;73;93;103;107;97;17;20;22;24; ; ; ; ; ; ; ;1;17;19;44;32;38;45;49;54;61;6;9;10;12; ; ; ; ;0;0;0;0;0;0;0;1;5;1;0; ; ; ; ; ; ; ; ; ; ; ; ; ; ; ; ;4;9;7;13; ; ;0;0;0;0;2;4;6;4;6;4;6;6;6;2;2;2;2;0;0;0;3;12; ;5
Neuquén;ZAPALA;Estatal;Urbano; ; ; ;188;319;461;507;515;568;634;680;640;617;737;926;710;649;602;230; ;1035; ; ; ;94;177;224;260;271;296;325;334;317;317;384;464;334;326;289;135; ;268;0;1;5;3;4;3;1;40;116;82;63;42;4; ; ; ; ;15; ;1;1;3;12;9;14;9;6;166;343;239;239;222;40;0;0;0;13;16;22;34;34;35;34;38;35;34;33;33;29;25;24;9;0;12;0; ;0
Río Negro;25 DE MAYO;Estatal;Rural; ; ; ;6;9;12;10;12;18;10;13;14;12;9;13;10;8;9; ; ; ; ; ; ;1;7;5;4;8;9;6;7;9;8;6;6;6;4;8; ; ; ;0;0;0;0;0;0;0;0;0;0;0;0; ; ; ; ; ; ; ; ; ; ; ; ; ; ; ; ; ; ; ; ; ;0;0;0;0;0;0;0;0;0;0;0;1;1;3;2;1;2;3;0;0;3;8;1;2
Río Negro;25 DE MAYO;Estatal;Urbano;9;35;64;103;131;148;168;228;223;218;219;211;214;268;248;270;245;193;57; ;455;2;16;28;55;68;70;74;116;112;111;102;116;104;155;132;132;125;98;19; ;85;0;0;0;0;0;0;0;17;16;14;23;11;0; ; ; ; ; ; ; ; ; ; ;1;1; ; ;23;27;43;51;17;3;0;0;3;0;0;1;12;14;15;15;15;14;14;12;11;12;11;10;3;0;39;0; ;0
Río Negro;9 DE JULIO;Estatal;Rural;5;7;21;31;30;45;37;47;37;53;57;55;59;42;39;41;50;53; ; ;36;2;5;10;20;17;27;18;21;21;26;33;24;34;22;22;18;30;28; ; ;12;0;0;0;0;0;0;0;1;0;1;1;3; ; ; ; ;1;4; ; ; ; ; ; ; ; ; ;1; ;3;2;3; ;0;0;4;1;0;3;2;2;2;3;3;3;3;4;5;4;5;6;0;0;9;7;1;0
Río Negro;ADOLFO ALSINA;Estatal;Rural; ; ; ;30;52;48;67;71;81;76;84;88;84;186;155;136;108;102;40; ; ; ; ; ;13;27;34;34;39;48;38;38;51;41;112;87;72;53;54;19; ; ;0;0;2;1;0;2;2;20;21;14;6;2;0; ; ; ; ; ; ; ; ; ;2;3;2;3;6;31;45;37;24;19;5;0;0;0;0;0;1;5;5;5;5;5;5;5;9;8;9;8;8;2;0;9;5; ;0
Río Negro;ADOLFO ALSINA;Estatal;Urbano;84;152;218;384;491;550;612;725;772;820;853;812;809;755;831;699;581;464;82; ;1714;32;81;124;194;254;293;336;382;407;413;424;412;420;427;406;379;269;243;49; ;1011;0;1;5;1;3;6;4;53;167;140;70;23;9; ; ; ; ; ; ; ;11;4;24;12;27;24;30;85;245;241;134;105;9;14;14;18;20;5;5;38;41;43;42;43;42;42;31;32;30;28;26;4;0;73;0; ;0
Río Negro;ADOLFO ALSINA;Privado;Urbano;22;66;101;148;235;250;290;285;285;298;300;300;297;320;358;322;323;283; ; ;3751;10;34;45;78;126;137;132;147;147;152;151;144;137;151;170;136;158;127; ; ;695;0;0;0;0;0;0;0;3;15;18;13;2; ; ; ; ; ; ; ; ; ; ; ; ; ; ; ;4;22;31;26;14; ;4;6;8;11;15;14;14;13;12;12;12;11;12;12;13;13;13;12;0;0;0;0; ;0
Río Negro;AVELLANEDA;Estatal;Rural; ; ; ;22;60;67;89;105;91;97;97;108;93;70;83;62;65;74; ; ; ; ; ; ;10;30;34;44;51;50;46;54;48;49;35;46;28;32;34; ; ; ;0;0;0;0;0;0;0;1;1;2;2;2; ; ; ; ; ; ; ; ; ; ; ; ; ;1; ;2;10;5;16;11; ;0;0;0;0;0;1;8;8;6;7;8;7;7;4;4;4;4;4;0;0;11;1;1;1
Río Negro;AVELLANEDA;Estatal;Urbano;12;24;27;169;393;435;502;546;511;562;579;560;513;585;643;551;553;498;129; ;2163;6;11;11;92;196;221;260;271;259;287;272;277;269;309;316;290;284;258;70; ;719;0;0;0;2;0;0;0;33;67;34;37;55;6; ; ; ; ; ; ;1; ;2;4;3;4;4;8;42;141;102;80;110;11;2;2;2;0;8;22;28;30;31;32;34;34;30;25;25;22;25;22;6;0;39;6; ;0
Río Negro;AVELLANEDA;Privado;Urbano; ; ; ;39;48;42;66;68;76;65;65;59;72;98;97;97;92;89; ; ; ; ; ; ;16;20;24;35;28;39;30;30;30;29;36;41;40;36;35; ; ; ;1;0;0;0;0;0;0;2;4;4;1;0; ; ; ; ; ; ; ; ;2;1;2;1;1;2;2;3;3;6;9;7; ;0;0;0;2;2;3;4;3;3;3;3;3;3;3;3;3;3;3;0;0;1;0; ;0
Río Negro;BARILOCHE;Estatal;Rural; ; ; ;19;69;73;127;150;160;171;195;169;190;66;58;37;43;28;19; ; ; ; ; ;7;35;26;64;77;71;90;101;92;107;44;28;24;26;18;7; ; ;0;0;0;0;2;4;0;12;9;3;7;0;0; ; ; ; ; ; ; ;1; ;1; ;5;8;1;18;11;14;12;4;3;0;0;0;0;0;0;8;9;8;9;9;9;8;3;3;3;4;3;1;0;16;22; ;0
Río Negro;BARILOCHE;Estatal;Urbano;16;92;196;510;817;963;1076;1271;1421;1597;1703;1619;1660;1513;1619;1513;1394;1278;122; ;2404;10;51;91;240;428;507;564;650;715;798;855;824;879;762;855;769;727;663;77; ;316;1;4;5;8;14;2;10;37;193;155;128;30;2; ; ; ; ; ; ; ;3;5;15;20;40;25;32;133;361;341;250;159;15;3;7;9;5;0;0;71;75;76;85;93;85;85;67;64;63;62;61;6;0;197;3; ;0
Río Negro;BARILOCHE;Privado;Urbano;21;92;197;347;618;742;784;795;806;823;784;769;775;1020;1027;968;894;842;88; ;750;13;53;107;189;314;354;373;374;390;397;423;379;364;494;497;452;443;411;63; ;163;0;0;0;0;0;0;2;8;15;19;15;11;4; ; ;2;1;1;2;1;1;2;2;1;1; ;7;13;28;44;40;41;6;6;9;16;24;30;36;33;33;35;34;33;34;33;38;40;39;40;39;6;0;9;0; ;0
Río Negro;CONESA;Estatal;Urbano;6;26;28;36;71;82;59;89;101;100;98;90;91;118;170;135;98;90;54; ;63;1;15;13;18;41;38;31;45;46;47;43;48;44;66;89;72;51;41;25; ;4;0;0;0;0;0;0;0;6;29;20;5;2;0; ; ; ; ; ; ; ; ; ;4;3;3;3;11;21;54;34;18;24;3;0;1;1;1;0;0;3;5;7;5;5;5;5;6;7;6;5;5;2;0;15;0; ;0
Río Negro;EL CUY;Estatal;Rural; ; ; ;2;24;22;25;24;27;30;36;37;33;33;38;30;25;42; ; ; ; ; ; ;2;12;13;8;16;16;19;17;22;18;22;20;14;12;18; ; ; ;0;0;0;0;0;0;0;0;3;0;2;2; ; ; ; ; ; ;1; ; ; ; ; ; ;3;1;4;12; ;4;5; ;0;0;0;0;1;0;2;1;1;1;2;1;1;5;5;4;5;6;0;0;5;10;2;2
Río Negro;Enmascarado;Estatal;Rural; ; ; ;13;43;49;43;74;67;69;67;70;73;52;55;36;29;19;9; ; ; ; ; ;6;25;22;21;39;28;42;46;37;39;22;27;19;18;4;4; ; ;0;1;4;0;1;1;1;8;12;9;11;3;0; ; ; ; ; ; ; ; ;5;4;1;4;4;1;12;15;20;19;6; ;0;0;0;0;0;0;3;2;3;4;4;2;2;2;2;2;1;1;1;0;11;22; ;0
Río Negro;Enmascarado;Estatal;Urbano; ; ; ;15;143;113;97;144;142;146;141;165;145;124;139;138;118;101; ; ;41; ; ; ;4;75;63;47;71;67;78;67;85;65;65;80;76;65;52; ; ;21;0;0;0;0;0;0;0;5;15;8;12;8; ; ; ; ; ; ;8; ; ; ; ;4; ;1;5;6;33;17;30;11; ;0;0;0;0;5;3;6;8;7;9;7;9;8;6;6;6;5;5;0;0;8;0; ;0
Río Negro;Enmascarado;Privado;Rural; ; ; ; ; ; ; ; ; ; ; ; ; ;56;55;22;16; ; ; ; ; ; ; ; ; ; ; ; ; ; ; ; ; ;34;30;11;11; ; ; ; ; ; ; ; ; ; ; ;1;0;2;2; ; ; ; ; ; ; ; ; ; ; ; ; ; ; ; ;2;1;2;2; ; ;0;0;0;0;0;0;0;0;0;0;0;0;0;1;1;1;1;0;0;0;0;0;1;0
Río Negro;Enmascarado;Privado;Urbano; ; ;28;51;51;49;133;144;145;157;143;149;147;122;112;112;93;87; ; ;26; ; ;15;26;26;28;69;72;56;86;69;73;76;54;49;37;32;34; ; ;3;0;0;0;0;0;0;0;2;3;4;1;1; ; ; ; ;1;1; ;1; ; ; ; ; ; ; ;2;5;8;7;9; ;0;0;4;4;3;3;8;8;8;9;8;8;8;5;5;4;4;4;0;0;5;0; ;0
Río Negro;GENERAL ROCA;Estatal;Rural; ; ; ;50;347;394;590;631;665;701;764;640;691;221;276;280;240;192; ; ; ; ; ; ;27;185;182;310;311;358;358;404;326;354;105;115;136;120;81; ; ; ;0;1;7;6;5;9;11;5;33;58;39;6; ; ; ; ; ; ; ; ; ;1;8;8;10;17;21;30;66;84;76;27; ;0;0;0;0;12;17;38;36;38;41;44;36;37;12;11;14;13;13;0;0;30;6;2;1
Río Negro;GENERAL ROCA;Estatal;Urbano;47;93;156;1095;3194;3660;3748;4080;4253;4545;4965;4704;4589;5368;5761;5169;4727;3992;1083; ;3314;23;47;88;512;1589;1867;1968;2018;2173;2284;2504;2372;2345;2792;3029;2629;2428;2011;675; ;854;2;7;9;14;14;13;12;315;670;549;329;147;37; ;1; ; ;25; ;2;6;35;52;70;80;87;103;530;1007;1015;882;592;171;11;9;12;19;83;118;217;228;234;248;258;247;237;205;214;206;198;182;43;0;312;0; ;0
Río Negro;GENERAL ROCA;Privado;Urbano; ;26;178;377;1052;1174;1331;1415;1462;1482;1436;1358;1275;1275;1291;1206;1186;1111;53; ;4628; ;14;78;190;530;554;678;674;741;734;729;640;605;585;584;584;538;485;33; ;1136;0;0;0;1;0;1;0;8;37;21;20;22;0; ; ;10;14;2;1; ;1;1;2;8;4;5;4;36;49;54;49;44;3;0;6;15;29;61;66;67;67;66;63;63;59;55;50;49;47;47;45;4;0;7;3;2;0
Río Negro;ÑORQUINCO;Estatal;Rural; ; ; ;3;11;13;21;13;20;19;27;19;25;14;15;18;15;12; ; ; ; ; ; ;1;6;7;10;6;8;14;20;9;16;6;7;11;7;6; ; ; ;0;0;0;0;0;0;0;0;0;2;1;0; ; ; ; ; ; ; ; ; ; ; ; ;1; ;1;1; ;5;2; ; ;0;0;0;0;0;0;1;1;1;1;1;2;2;2;3;4;3;3;0;0;2;8; ;1
Río Negro;PICHI MAHUIDA;Estatal;Urbano;7;19;30;107;145;142;134;135;167;139;137;164;158;197;209;163;134;100;24; ;1463;3;15;19;51;63;75;70;63;92;65;72;88;82;110;133;102;68;52;19; ;226;0;3;0;1;2;2;2;22;53;20;17;3;0; ; ; ; ; ; ;1;2;3; ;2;2;2;4;35;76;48;50;37;5;2;2;3;0;0;0;9;9;9;8;8;8;8;8;8;6;5;6;1;0;24;0; ;0
Río Negro;PILCANIYEU;Estatal;Rural; ; ; ;40;65;93;85;110;101;142;130;123;134;89;98;95;88;110; ; ;59; ; ; ;23;36;47;51;49;55;71;68;63;64;47;52;48;47;66; ; ;11;0;0;0;2;2;0;0;0;1;3;0;0; ; ; ; ; ; ; ; ; ; ;1;6;2;2;6;2;7;15;6;11; ;0;0;0;0;1;1;6;7;5;7;6;6;7;5;6;5;7;7;0;0;18;17; ;1
Río Negro;SAN ANTONIO;Estatal;Urbano;5;35;28;184;398;435;486;474;566;564;599;625;606;677;753;584;515;493;171; ;899;5;12;11;77;196;231;257;244;279;295;329;305;300;372;406;303;258;244;86; ;110;0;0;0;0;0;0;0;69;139;74;55;34;2; ; ; ; ; ; ; ; ;1;1;25;4;8;13;102;217;190;164;135;20;0;4;0;1;1;6;27;28;30;31;35;34;33;28;28;25;25;23;8;0;56;0; ;0
Río Negro;VALCHETA;Estatal;Rural; ; ; ;3;5;1;6;2;4;9;7;4;8; ;2;6;3;5; ; ; ; ; ; ;1;3;0;3;0;3;5;4;2;5; ;2;3;1;3; ; ; ;0;0;0;0;0;0;0; ;0;0;0;0; ; ; ; ; ; ; ; ;1; ; ; ; ; ; ; ; ;1; ;2; ;0;0;0;0;0;1;0;0;0;0;0;0;0;0;0;1;0;0;0;0;1;5;2;2
Salta;ANTA;Estatal;Rural; ; ; ;46;238;283;307;312;305;309;330;302;324;351;334;282;211;177;6; ; ; ; ; ;21;119;146;149;141;155;166;169;141;170;174;158;125;96;80;1; ; ;1;9;12;20;13;10;13;61;35;18;9;0;0; ; ; ; ; ; ; ;4;15;14;33;25;29;56;97;82;60;43;28;1;0;0;0;3;10;10;14;13;12;12;15;15;15;15;14;11;12;14;1;0;13;48;8;10
Salta;ANTA;Estatal;Urbano; ; ;36;154;741;827;876;889;910;957;994;947;931;1179;985;858;711;620;188; ;1559; ; ;22;79;377;399;458;468;464;491;487;475;482;616;471;441;328;287;103; ;427;2;22;25;18;15;25;11;160;85;63;29;14;1; ; ; ;8;8;12;2;27;40;36;49;50;60;54;266;262;187;132;99;58;0;0;3;7;34;38;39;39;44;41;41;42;39;48;44;36;35;33;11;0;4;10; ;4
Salta;CACHI;Estatal;Rural; ; ; ;22;51;44;55;54;66;67;79;66;55;71;83;62;47;41;13; ; ; ; ; ;13;27;24;24;17;36;34;32;33;31;35;38;30;23;24;6; ; ;0;0;0;0;0;1;0;9;12;3;3;1;1; ; ; ; ; ; ; ; ; ;2; ;2;1;1;33;38;27;17;23;3;0;0;0;1;2;2;2;2;3;3;3;2;3;2;2;2;2;5;1;0;6;23;8;4
Salta;CAFAYATE;Estatal;Rural; ; ; ;3;7;15;17;22;27;35;23;36;29; ; ; ; ; ; ; ; ; ; ; ;2;4;8;8;11;14;16;14;21;17; ; ; ; ; ; ; ; ;0;0;1;1;2;1;2; ; ; ; ; ; ; ; ; ; ; ; ; ; ;1;4;5;9;6;6; ; ; ; ; ; ;0;0;0;0;1;1;1;1;1;1;1;1;2;0;0;0;0;0;0;0;2;4; ;1
Salta;CAFAYATE;Estatal;Urbano; ; ; ;115;167;224;234;242;264;296;316;304;273;375;395;249;244;194;74; ;479; ; ; ;55;89;101;112;123;135;141;174;150;128;203;207;108;112;100;38; ;133;1;1;9;4;6;2;6;88;75;30;15;10;7; ; ; ; ; ; ; ;27;2;24;24;30;45;24;156;135;120;102;64;26;0;0;0;9;13;12;12;13;12;13;13;13;12;17;14;13;11;9;6;0;0;0; ;0
Salta;CAPITAL;Estatal;Rural; ; ; ; ;78;118;135;153;158;174;195;151;159;61;44;37;34;20; ; ; ; ; ; ; ;37;56;51;76;71;84;89;74;79;37;15;26;13;12; ; ; ;0;1;9;8;11;6;8;13;3;5;0;0; ; ; ; ; ; ; ; ;1;1;15;18;11;12;18;32;10;12;5;5; ;0;0;0;0;5;8;7;7;7;8;8;7;6;3;2;2;1;1;0;0;1;3; ;1
Salta;CAPITAL;Estatal;Urbano;28;39;197;1806;4107;5175;6123;6332;6844;7313;7592;7575;7440;9828;8485;6903;5822;4714;817; ;11425;15;13;99;881;2088;2648;3194;3270;3472;3673;3850;3878;3807;5316;4371;3601;2889;2256;548; ;3987;1;6;77;86;69;52;43;2282;1746;1062;666;205;22; ;7;1; ;12;2; ;49;49;135;205;297;277;346;3322;3424;2868;2215;1553;174;5;6;17;117;238;267;308;309;323;325;328;325;330;410;368;311;282;256;44;0;16;0; ;0
Salta;CAPITAL;Privado;Urbano; ;4;136;589;1517;2355;2786;2858;2899;3025;3158;2852;3129;4294;3975;3572;3232;2917;128;363;19881; ;2;66;287;774;1164;1374;1412;1392;1446;1574;1420;1522;2024;1870;1666;1483;1336;49;211;4468;2;7;3;10;17;9;16;245;204;127;79;38;0;27; ; ; ;1;4;30;87;83;88;112;119;41;74;435;488;497;410;305; ;0;0;10;40;80;116;118;114;116;118;115;105;115;145;137;128;118;117;7;0;3;3; ;0
Salta;CERRILLOS;Estatal;Rural; ; ; ;32;60;130;152;151;185;171;184;178;174;163;153;115;107;65; ; ; ; ; ; ;13;28;68;78;76;102;92;108;95;89;78;88;40;52;34; ; ; ;1;2;4;3;4;1;1;45;29;12;6;0; ; ; ; ; ; ; ; ;2;4;13;6;14;11;19;59;59;37;49;27; ;0;0;0;3;5;8;7;7;9;9;9;7;9;4;4;2;2;5;0;0;0;2;6;1
Salta;CERRILLOS;Estatal;Urbano; ;7;23;208;485;559;539;594;569;595;668;587;605;491;453;344;226;236;49; ;78; ;5;13;106;249;310;256;308;297;300;352;286;316;264;223;158;104;111;31; ;41;0;3;7;7;10;1;1;106;73;30;11;3;3; ; ; ; ;8;10; ; ;6;11;26;35;20;32;128;139;117;83;56;17;0;1;2;11;23;29;25;26;23;23;25;23;25;22;18;14;12;9;4;0;4;0; ;0
Salta;CHICOANA;Estatal;Rural; ; ; ;22;47;46;44;51;68;86;81;66;75;35;34;22;29;22; ; ; ; ; ; ;15;26;25;21;27;32;31;39;29;39;16;17;11;15;13; ; ; ;0;0;1;2;0;2;0;10;6;1;2;0; ; ; ; ; ; ; ; ; ; ;1;3;4;4;3;12;16;4;7;2; ;0;0;0;2;2;3;3;3;4;3;4;4;4;3;2;2;2;2;0;0;7;16; ;1
Salta;CHICOANA;Estatal;Urbano; ;11;13;74;248;230;268;274;265;303;301;308;296;529;448;330;335;225;17; ;529; ;6;8;37;116;116;133;137;141;135;145;164;148;276;236;164;165;96;15; ;64;0;0;1;3;2;0;1;143;116;71;50;1;0; ; ; ; ; ; ; ; ; ;3;10;6;8;8;228;197;225;157;53;1;0;1;1;4;13;12;13;12;12;14;14;16;13;21;19;15;13;13;2;0;0;0; ;0
Salta;Enmascarado;Estatal;Urbano; ; ; ;82;165;173;199;220;232;229;231;257;230;297;211;168;163;131;42; ;860; ; ; ;40;89;88;95;120;112;109;99;130;113;158;109;77;85;56;23; ;230;1;0;1;3;1;4;0;42;21;7;12;1;0; ; ; ; ; ; ; ;1; ;1;6;3;12;5;72;49;39;37;25;8;0;0;0;7;10;12;11;11;12;12;11;12;11;15;12;12;9;9;4;0;0;1; ;1
Salta;Enmascarado;Privado;Rural; ; ; ; ;5;22;40;37;47;44;44;56;45;46;47;38;38;35; ; ; ; ; ; ; ;2;12;20;19;23;26;18;35;29;23;23;21;12;12; ; ; ;0;1;1;0;0;3;4;4;3;4;0;0; ; ; ; ; ; ; ;2; ;9;3;4;2;3;6;13;10;23;10;9; ;0;0;0;0;1;2;2;2;2;2;2;2;2;2;2;2;2;2;0;0;0;0; ;0
Salta;Enmascarado;Privado;Urbano; ; ; ;43;240;345;473;503;469;505;472;460;494;743;631;591;523;468;13; ;1760; ; ; ;17;122;164;269;258;225;243;250;215;239;321;293;252;187;214;5; ;450;0;0;2;1;1;1;1;21;36;19;7;1;0; ; ; ; ; ; ; ;2;3;4;4;7;4;5;43;47;37;33;38; ;0;0;0;4;16;20;25;23;23;25;23;21;23;30;25;24;21;20;1;0;0;0; ;0
Salta;GENERAL GUEMES;Estatal;Rural; ; ; ;26;50;34;48;51;56;62;55;62;55;40;46;51;34;37; ; ; ; ; ; ;10;22;22;25;22;31;37;35;36;33;20;18;21;19;12; ; ; ;0;0;0;0;0;0;0;6;1;2;2;0; ; ; ; ; ; ; ; ;2; ; ;1; ;6;5;26;23;29;19;17; ;0;0;0;1;3;3;3;3;3;3;3;4;3;2;2;2;2;4;0;0;2;10;3;8
Salta;GENERAL GUEMES;Estatal;Urbano; ;12;76;362;519;677;768;774;799;844;938;892;886;1005;1054;853;778;661;251; ;660; ;8;36;177;261;349;384;390;405;428;495;443;431;533;559;391;389;304;171; ;127;0;1;4;2;6;2;4;151;149;84;48;33;20; ; ; ; ; ; ; ;2;1;4;5;10;19;13;195;258;211;196;109;43;0;2;7;23;30;34;36;35;37;36;39;39;36;47;44;36;35;32;10;0;2;1; ;1
Salta;GENERAL JOSE DE SAN MARTIN;Estatal;Rural; ; ; ;84;585;668;760;758;791;716;784;718;710;655;435;358;274;211;23; ; ; ; ; ;37;291;338;395;382;369;385;401;366;349;342;225;153;136;98;7; ; ;0;6;26;25;19;13;18;179;92;75;60;22;1; ; ; ; ;1;8;6;13;38;66;94;94;82;97;351;197;186;132;112;6;0;0;0;5;26;29;33;31;34;31;33;30;35;16;13;11;8;21;2;0;17;59;31;9
Salta;GENERAL JOSE DE SAN MARTIN;Estatal;Urbano; ; ;14;384;2056;2376;2710;2696;2890;2948;3032;2966;2890;3574;2975;2318;1854;1631;520; ;4005; ; ;10;178;1019;1205;1314;1364;1490;1467;1533;1488;1464;1831;1496;1176;936;798;345; ;1359;1;31;108;110;91;84;102;515;459;293;164;101;16; ; ; ; ; ;6;4;58;95;223;275;301;306;342;1218;1083;871;646;475;64;0;0;1;21;92;105;119;115;114;120;119;118;122;126;111;97;79;68;20;0;11;14; ;6
Salta;GENERAL JOSE DE SAN MARTIN;Privado;Urbano; ; ; ;102;251;277;330;323;345;333;337;333;359;720;622;542;473;435; ;7;729; ; ; ;57;106;152;165;166;164;162;173;173;185;307;274;223;203;209; ;4;155;2;4;2;4;5;1;3;24;40;23;27;13; ;0; ; ; ; ; ; ;5;6;7;7;9;5;10;56;90;80;74;55; ;0;0;0;4;10;11;11;11;12;11;11;11;11;22;20;18;18;18;0;0;0;0; ;2
Salta;GUACHIPAS;Estatal;Rural; ; ; ;4;3;11;9;16;10;15;16;16;11;28;32;21;15;14; ; ; ; ; ; ;3;1;5;4;7;3;9;11;9;6;20;13;12;8;10; ; ; ;0;0;0;1;0;1;0;5;5;6;2;1; ; ; ; ; ; ; ;1; ; ; ;1; ;1; ;5;15;9;6;8; ;0;0;0;0;0;0;1;1;1;0;1;1;1;1;1;1;1;2;0;0;2;10;5;1
Salta;IRUYA;Estatal;Rural;1;3;9;19;57;81;97;91;112;97;124;123;101;140;124;91;124;90;16; ;103;0;1;3;10;30;39;50;37;56;47;62;63;43;64;59;48;63;45;10; ;30;0;0;0;0;2;5;1;19;11;5;9;3;0; ; ; ; ; ; ; ;4;5;6;3;7;9;7;28;26;21;35;21;2;0;0;0;0;4;6;4;5;4;5;5;6;7;7;7;7;6;13;1;0;4;26;13;10
Salta;LA CALDERA;Estatal;Rural;3;10;13;17;6;7;13;13;14;14;17;10;14; ; ; ; ; ; ; ; ;0;3;8;6;1;3;4;4;10;5;12;9;10; ; ; ; ; ; ; ; ;0;0;0;1;2;1;3; ; ; ; ; ; ; ; ; ; ; ; ; ; ; ; ;2;2;1;4; ; ; ; ; ; ;1;1;1;1;0;1;0;0;1;0;0;0;0;0;0;0;0;0;0;0;1;7; ;2
Salta;LA CALDERA;Estatal;Urbano; ;30;47;69;136;128;144;150;157;169;170;176;159;145;141;120;96;67; ; ;1086; ;17;27;38;74;63;69;79;85;100;81;96;79;80;72;60;44;28; ; ;447;1;0;7;2;1;2;3;17;17;23;9;10; ; ; ; ; ; ; ; ;1;3;8;10;7;6;5;32;46;47;26;27; ;0;5;4;5;11;8;8;7;7;7;7;7;7;6;6;6;5;4;0;0;2;0; ;0
Salta;LA CANDELARIA;Estatal;Rural; ; ; ;32;45;53;55;48;69;55;77;58;60;67;85;66;54;47; ; ; ; ; ; ;17;25;23;29;20;41;27;41;28;32;33;41;33;28;22; ; ; ;0;0;0;0;0;0;0;7;5;2;0;0; ; ; ; ; ; ; ; ; ; ;1;1; ; ;1;10;15;13;11;15; ;0;0;0;2;3;3;4;5;6;5;5;4;4;4;4;3;3;3;0;0;2;2; ;1
Salta;LA POMA;Estatal;Rural; ; ; ; ;13;25;31;35;29;28;33;43;34;23;29;20;28;31; ; ;46; ; ; ; ;6;9;18;15;14;10;17;24;13;19;12;9;17;15; ; ;10;0;0;1;0;0;0;0;0;0;2;1;0; ; ; ; ; ; ; ; ;2; ;1;1;1; ; ;5;4;5;3;7; ;0;0;0;0;1;3;1;1;1;1;1;1;1;1;1;1;1;3;0;0;3;13;4;1
Salta;LA VIÑA;Estatal;Rural; ; ; ;21;42;33;40;49;42;49;47;56;44;80;65;64;50;45; ; ; ; ; ; ;13;22;16;25;31;20;28;19;35;25;39;32;27;17;23; ; ; ;0;1;0;0;0;0;0;10;0;0;0;0; ; ; ; ; ; ; ; ;1;1; ; ;1;7;3;11;10;9;13;10; ;0;0;0;2;2;2;2;2;2;2;2;2;2;3;3;3;3;3;0;0;1;3; ;1
Salta;LA VIÑA;Estatal;Urbano; ; ; ;40;61;74;76;77;96;98;106;63;98;90;85;59;50;34; ; ;348; ; ; ;24;30;36;40;42;51;53;49;32;46;44;49;16;29;10; ; ;72;0;0;2;6;2;2;0;23;19;11;7;0; ; ; ; ; ; ; ; ; ; ;10;12;6;8;12;28;32;21;20;1; ;0;0;0;2;4;5;5;5;4;5;5;3;4;4;3;2;2;2;0;0;0;2; ;0
Salta;LOS ANDES;Estatal;Rural; ; ; ;6;15;21;18;17;17;16;18;16;26;17;17;15;18;13; ; ; ; ; ; ;1;7;8;11;9;12;8;13;8;17;11;12;8;8;7; ; ; ;0;0;0;0;0;0;0;0;0;0;0;2; ; ; ; ; ; ; ; ; ; ; ; ; ; ; ; ;3;2;1;2; ;0;0;0;1;1;2;1;1;1;1;1;1;1;0;0;1;2;3;0;0;2;5;6;1
Salta;LOS ANDES;Estatal;Urbano; ; ; ;33;92;94;126;131;170;123;140;155;133;161;125;141;135;131;35; ;200; ; ; ;18;49;48;67;51;87;53;72;84;73;88;67;65;62;55;16; ;49;0;0;2;0;0;0;0;4;3;1;3;1;0; ; ; ; ; ; ; ; ;15;21;11;13;27;16;21;22;25;33;17;5;0;0;0;3;5;6;6;7;7;6;6;7;6;7;7;6;6;6;1;0;0;0; ;0
Salta;METAN;Estatal;Rural; ; ; ;31;75;83;117;109;110;103;135;112;119;104;104;104;78;79;10; ;261; ; ; ;17;40;40;64;58;51;47;76;55;62;57;59;49;53;43;9; ;9;0;0;1;3;2;1;1;14;16;10;0;1;0; ; ; ; ; ; ;1; ; ;7;8;2;6;4;24;24;27;13;12;3;0;0;0;2;4;4;4;4;5;5;6;5;7;7;7;7;7;6;1;0;5;22; ;5
Salta;METAN;Estatal;Urbano; ; ;35;270;372;421;489;521;546;559;607;617;535;733;686;542;420;440;99; ;1067; ; ;21;116;201;226;247;258;277;289;303;308;252;383;362;260;205;208;67; ;403;0;0;5;0;3;6;0;68;56;35;28;21;3; ; ; ; ;2; ; ;4; ;25;16;30;24;13;204;171;142;95;113;39;0;0;3;17;22;22;27;27;30;29;29;30;27;36;33;29;24;22;6;0;1;0; ;0
Salta;MOLINOS;Estatal;Rural; ; ; ;24;59;84;81;92;104;100;137;115;101;146;125;136;88;98;8; ;127; ; ; ;7;27;39;46;46;54;50;63;65;54;85;59;72;44;44;5; ;26;0;0;3;1;6;1;1;19;17;13;6;5;1; ; ; ; ; ; ; ; ; ;3;1;6;6;5;23;28;37;25;27;1;0;0;0;2;3;4;4;3;4;4;6;4;3;6;7;5;5;12;1;0;5;17;10;5
Salta;ORAN;Estatal;Rural; ;5;20;14;46;57;74;64;85;77;80;85;86;25;46;30;38;20; ; ; ; ;3;8;5;23;24;35;37;51;45;45;40;52;15;22;15;22;9; ; ; ;0;1;7;4;0;0;0;2;0;2;0;0; ; ; ; ; ; ;2; ; ;1;10;6;5;4;11;11;14;12;12;7; ;0;1;2;1;3;3;4;4;4;4;4;3;3;3;3;3;3;6;0;0;4;17;6;6
Salta;ORAN;Estatal;Urbano; ;24;59;620;1794;2380;2700;2781;2873;2941;3161;3140;2873;3456;3065;2617;2130;1887;254; ;2862; ;14;30;305;891;1217;1377;1439;1457;1466;1637;1587;1423;1857;1442;1318;1074;892;161; ;831;0;7;44;53;67;42;28;570;393;269;174;33;0; ; ; ; ; ;1;6;43;26;125;145;218;208;176;1124;960;845;717;560;48;0;3;5;38;88;111;118;118;114;117;119;119;114;111;95;84;72;69;12;0;7;16;4;8
Salta;ORAN;Privado;Urbano; ; ; ;18;156;206;241;248;216;247;245;238;233;329;319;321;277;248;25; ;872; ; ; ;6;71;102;117;115;106;97;109;106;115;157;141;139;124;113;16; ;314;0;0;0;0;0;0;0;3;2;2;5;2;0; ; ; ; ; ; ; ; ; ; ;1; ;1; ;3;70;19;20;9; ;0;0;0;1;8;8;9;9;9;9;8;8;8;11;11;11;10;9;1;0;0;0; ;0
Salta;RIVADAVIA;Estatal;Rural; ; ; ;117;678;727;877;868;949;915;927;837;849;792;453;359;202;181;22; ;377; ; ; ;65;335;368;432;430;486;471;464;421;415;369;204;158;95;73;4; ;140;4;6;46;54;45;37;42;179;77;40;7;13;0; ; ; ; ; ;34;4;60;57;164;164;210;218;236;520;240;214;102;106;18;0;0;0;3;25;27;36;31;32;32;33;28;37;19;17;15;11;19;2;0;40;135;17;23
Salta;RIVADAVIA;Estatal;Urbano; ; ;7;46;231;275;311;321;315;321;369;326;290;474;259;225;211;129;88; ;806; ; ;5;24;121;138;152;162;160;168;174;169;133;236;120;115;92;55;46; ;258;0;6;20;16;23;9;17;111;51;43;22;2;0; ; ; ; ; ; ;10;12;24;47;58;71;53;50;255;117;99;98;46;22;0;0;0;2;12;15;16;16;15;15;16;14;14;17;14;11;9;7;4;0;3;5;2;1
Salta;ROSARIO DE LA FRONTERA;Estatal;Rural; ; ;3;21;48;49;58;52;69;67;81;75;71;90;83;70;54;54;19; ; ; ; ;0;12;19;32;30;28;36;36;41;38;42;49;45;37;34;26;11; ; ;0;0;0;1;0;0;0;18;12;10;4;1;3; ; ; ; ; ; ; ; ; ; ;4; ;1;2;30;24;16;6;10;6;0;0;0;2;4;7;5;5;5;5;7;6;5;6;6;7;7;7;3;0;5;19;1;4
Salta;ROSARIO DE LA FRONTERA;Estatal;Urbano; ; ;40;215;355;371;428;459;445;416;521;516;422;628;561;428;363;317;61; ;875; ; ;17;102;190;192;193;214;207;213;262;258;215;336;257;195;159;153;42; ;177;0;1;2;1;4;6;2;133;101;61;15;9;0; ; ; ; ; ; ; ;1;1;4;3;11;10;12;187;175;124;109;56;16;0;0;3;17;22;21;22;24;22;22;25;23;21;26;23;17;17;17;4;0;1;0; ;0
Salta;ROSARIO DE LERMA;Estatal;Rural; ; ; ;74;128;132;203;183;203;222;223;195;214;138;110;87;89;72; ; ; ; ; ; ;40;70;73;105;87;111;109;124;102;112;67;58;42;42;26; ; ; ;0;2;7;7;5;6;3;58;28;12;6;2; ; ; ; ; ; ;2; ;1;4;11;13;18;17;15;82;63;46;39;27; ;0;0;0;5;5;7;6;7;8;7;8;7;7;6;5;4;4;4;0;0;6;26; ;8
Salta;ROSARIO DE LERMA;Estatal;Urbano; ; ;12;233;416;499;547;641;618;632;679;648;581;641;555;447;410;317;98; ;1274; ; ;6;110;217;255;282;322;327;327;353;334;298;351;269;220;214;172;67; ;443;3;8;15;9;19;18;10;104;65;36;17;3;9; ; ; ; ; ; ; ;3;11;30;30;48;38;46;145;150;141;111;83;21;0;0;1;16;20;25;23;23;24;24;26;25;22;22;19;15;14;12;5;0;1;6; ;2
Salta;SAN CARLOS;Estatal;Rural; ; ; ;30;69;83;70;87;74;95;100;115;93;104;93;85;68;60;4; ; ; ; ; ;19;33;38;30;49;42;53;52;55;55;60;52;49;33;23;4; ; ;2;1;1;2;3;1;0;17;23;22;8;4;0; ; ; ; ; ; ; ;2;1;1;4;7;11;2;42;44;48;29;31;1;0;0;0;3;4;7;4;4;3;5;5;6;4;5;4;5;3;7;1;0;7;27;8;4
Salta;SANTA VICTORIA;Estatal;Rural; ; ; ;20;108;137;123;164;165;196;184;209;194;235;206;195;147;151; ; ;232; ; ; ;15;58;70;55;97;75;94;93;106;103;124;101;98;67;73; ; ;60;0;0;0;0;0;1;0;38;27;24;14;10; ; ; ; ; ; ;1; ;1;1;1;1;1;2;10;53;76;108;83;70; ;0;0;0;0;3;8;7;7;8;10;9;8;13;10;10;8;8;17;0;0;12;56;20;17
San Juan;25 DE MAYO;Estatal;Rural; ; ; ;101;184;216;290;291;248;305;300;276;322;283;213;189;182;135;36; ; ; ; ; ;41;92;107;153;143;121;150;151;140;172;133;107;85;90;60;12; ; ;19;43;30;33;30;25;63;81;56;30;20;6;0; ; ; ; ; ; ; ;44;66;57;81;81;80;157;141;116;100;84;68;21;0;0;0;12;14;16;16;14;11;15;14;14;15;15;15;16;16;10;2;0;4;8; ;1
San Juan;25 DE MAYO;Estatal;Urbano; ; ; ;91;105;112;208;191;170;181;205;186;187;172;163;157;106;112; ; ; ; ; ; ;50;56;55;114;100;89;93;106;90;101;75;80;78;51;50; ; ; ;4;18;11;8;5;1;15;15;22;21;7;2; ; ; ; ; ; ; ; ;6;39;23;57;44;30;60;40;46;46;31;27; ;0;0;0;9;9;10;12;10;11;10;12;12;7;7;7;6;6;6;0;0;1;0; ;0
San Juan;9 DE JULIO;Estatal;Rural; ; ; ;81;113;134;103;110;103;121;111;103;87;63;43;52;40;28;15; ; ; ; ; ;39;53;74;54;62;50;60;57;51;45;29;19;27;17;9;10; ; ;3;12;5;6;4;1;26;22;11;12;9;1;0; ; ; ; ; ; ; ;5;21;18;27;27;8;49;47;30;19;24;10;5;0;0;0;7;7;8;5;6;6;6;5;5;3;4;3;3;3;3;1;0;0;0; ;0
San Juan;ALBARDON;Estatal;Rural; ; ; ;53;117;119;137;170;150;164;190;173;136;126;110;77;84;72; ; ; ; ; ; ;26;59;61;68;91;84;82;103;94;70;59;51;47;41;30; ; ; ;4;24;18;11;17;11;19;31;40;19;18;18; ; ; ; ; ; ; ; ;13;29;33;43;43;22;36;49;58;26;23;27; ;0;0;0;4;9;9;9;9;8;8;7;7;4;4;4;3;3;3;0;0;4;3; ;0
San Juan;ALBARDON;Estatal;Urbano; ; ; ;197;292;303;335;366;374;368;418;422;441;433;375;313;264;245;66; ; ; ; ; ;101;152;153;178;189;200;199;192;209;244;223;196;134;131;128;40; ; ;11;24;21;13;3;9;55;80;104;53;33;0;0; ; ; ; ; ;1; ;15;32;44;52;34;46;108;140;170;106;97;59;4;0;0;0;17;17;17;17;17;17;17;17;17;15;15;13;12;12;11;3;0;0;0; ;0
San Juan;ANGACO;Estatal;Rural; ; ; ;37;70;96;92;100;101;112;114;100;100;113;80;62;51;38; ; ;125; ; ; ;14;32;46;46;55;59;58;54;48;54;74;36;29;20;10; ; ;93;2;3;3;9;3;2;18;37;15;8;2;0; ; ; ; ; ; ; ; ;5;10;15;21;15;8;56;67;37;27;11;12; ;0;0;0;3;7;8;6;7;7;7;7;7;6;7;7;3;3;3;0;0;2;10; ;0
San Juan;CALINGASTA;Estatal;Rural; ; ; ;38;109;113;89;117;109;89;106;122;119;94;113;65;39;39;24; ; ; ; ; ;21;52;65;33;68;60;48;58;77;59;37;53;39;27;15;11; ; ;3;17;9;5;7;12;8;23;25;4;8;1;3; ; ; ; ;1; ;2;10;20;18;12;31;44;28;36;38;21;11;12;6;0;0;0;4;6;7;5;5;5;5;6;6;5;4;5;2;2;2;1;0;7;9;3;1
San Juan;CALINGASTA;Estatal;Urbano; ; ; ;24;40;41;77;73;76;83;71;78;63;55;41;60;31;30; ; ; ; ; ; ;12;12;25;41;32;41;42;43;45;37;27;22;32;16;12; ; ; ;2;5;3;5;0;1;6;16;7;6;6;3; ; ; ; ; ; ; ; ;8;8;11;14;6;13;22;22;16;18;11;8; ;0;0;0;3;2;2;5;5;5;5;5;5;2;2;2;2;2;2;0;0;2;0; ;1
San Juan;CAPITAL;Estatal;Urbano; ; ; ;718;1129;1344;1575;1651;1633;1653;1754;1708;2967;2882;2745;2384;2207;1967;690; ;4071; ; ; ;353;571;694;812;849;803;861;932;867;1570;1633;1469;1311;1183;1003;474; ;636;32;94;61;88;71;61;312;418;387;332;262;105;10; ; ; ; ;31;28;32;107;162;148;173;231;182;671;819;802;721;671;465;75;0;0;0;62;79;83;85;82;81;81;79;81;108;103;99;98;96;88;28;0;6;0; ;0
San Juan;CAPITAL;Privado;Urbano;2;55;145;859;1110;1209;1274;1334;1383;1417;1438;1448;1722;1748;1632;1476;1421;1340;67; ;3907;1;30;66;419;547;584;650;712;696;699;706;730;813;802;753;677;646;624;38; ;1379;1;9;1;3;1;6;26;58;58;56;49;6;0; ; ; ; ; ;1;4;4;10;7;14;6;15;166;229;185;205;204;132;34;0;2;10;67;65;59;57;56;55;55;55;54;64;64;60;61;60;58;4;0;8;0; ;0
San Juan;CAUCETE;Estatal;Rural; ; ; ;136;187;213;240;266;266;267;252;256;237;218;192;147;120;117; ; ;56; ; ; ;65;94;107;132;122;137;137;133;134;128;122;99;76;55;52; ; ;18;5;28;28;19;9;9;23;45;44;36;12;3; ; ; ; ; ; ; ; ;17;43;63;58;46;47;113;143;96;105;66;76; ;0;0;0;12;15;17;17;15;18;15;15;17;11;10;10;7;7;7;0;0;4;6;1;1
San Juan;CAUCETE;Estatal;Urbano; ; ; ;287;356;428;500;506;503;502;512;478;699;735;637;572;564;462;78; ;770; ; ; ;145;193;217;246;236;268;262;261;242;389;363;325;264;270;213;53; ;132;14;21;37;26;14;12;96;99;83;94;68;6;0; ; ; ; ; ; ;2;26;46;74;53;23;64;377;317;258;260;252;182;9;0;0;0;23;26;26;23;23;22;22;22;21;26;27;24;25;24;23;4;0;0;0; ;0
San Juan;CHIMBAS;Estatal;Rural; ; ; ;144;206;263;315;333;309;365;342;314; ; ; ; ; ; ; ; ; ; ; ; ;70;114;129;150;177;148;184;185;157; ; ; ; ; ; ; ; ; ;14;43;27;27;14;17; ; ; ; ; ; ; ; ; ; ; ; ; ; ;21;53;48;77;41;50; ; ; ; ; ; ; ;0;0;0;10;12;15;15;14;14;16;15;13;0;0;0;0;0;0;0;0;0;0; ;0
San Juan;CHIMBAS;Estatal;Urbano; ; ; ;362;674;761;712;844;831;800;897;853;1036;1083;811;759;586;475; ; ;18; ; ; ;177;349;403;361;435;434;432;428;426;538;517;408;373;281;199; ; ;14;30;85;78;63;60;45;248;245;223;189;124;16; ; ; ; ; ; ; ; ;66;199;231;217;226;224;447;503;420;397;291;182; ;0;0;0;28;39;42;42;45;44;43;48;43;41;39;36;37;36;32;0;0;2;0; ;0
San Juan;CHIMBAS;Privado;Urbano; ; ; ;109;183;210;251;259;274;257;276;278;300;288;259;233;216;197;86; ; ; ; ; ;59;92;108;119;129;140;127;142;136;150;137;122;105;93;79;40; ; ;0;6;0;0;2;1;9;30;24;14;17;5;0; ; ; ; ; ; ; ; ;6; ; ;2;1;19;39;43;31;35;38;3;0;0;0;8;10;10;10;10;10;10;10;10;10;10;10;10;9;9;5;0;0;0; ;0
San Juan;Enmascarado;Estatal;Rural; ; ; ;83;108;123;71;80;74;73;91;89;230;199;162;116;118;74;57; ; ; ; ; ;47;56;64;28;50;31;40;43;58;128;100;76;58;59;30;32; ; ;1;7;3;1;2;1;29;35;20;19;12;4;0; ; ; ; ; ; ; ;4;8;10;1;7;14;73;92;58;26;32;14;15;0;0;0;6;9;8;4;3;3;3;4;4;10;9;8;7;4;4;3;0;0;0; ;0
San Juan;Enmascarado;Estatal;Urbano; ; ; ;111;171;189;317;368;354;339;369;316;138;143;129;97;69;67;23; ;110; ; ; ;55;92;81;166;169;180;179;176;157;66;61;71;51;32;40;12; ;38;6;23;15;11;28;4;10;16;34;12;10;2;0; ; ; ; ; ; ;2;23;27;39;57;62;28;43;38;49;34;18;42;3;0;0;0;9;12;14;17;20;17;16;18;15;5;5;5;6;6;5;2;0;0;0; ;0
San Juan;Enmascarado;Privado;Rural; ; ; ;12;63;85;104;103;98;101;109;100;60;60;58;36;38;40;32; ; ; ; ; ;5;32;47;44;63;44;45;51;49;28;29;21;19;21;16;11; ; ;0;0;0;0;0;0;0;0;6;1;4;1;0; ; ; ; ; ; ; ; ; ; ; ; ; ; ; ;6;2;4;2;3;0;0;0;2;4;5;4;4;4;4;4;4;3;3;3;2;2;2;2;0;0;0; ;0
San Juan;Enmascarado;Privado;Urbano; ; ; ;200;283;335;374;382;398;348;402;385;437;428;380;392;358;384;24; ;532; ; ; ;96;149;162;186;189;219;168;189;164;185;194;154;187;154;177;15; ;119;1;9;2;2;3;2;9;25;13;17;11;3;0; ; ; ; ; ; ; ;87;107;93;107;91;98;17;38;28;62;55;46;8;0;0;0;16;17;17;14;15;15;14;14;14;15;15;15;15;15;15;2;0;0;0; ;0
San Juan;IGLESIA;Estatal;Rural; ; ; ;27;63;67;68;68;57;61;84;99;113;126;122;98;98;80; ; ; ; ; ; ;18;32;30;27;38;31;31;35;43;67;61;55;49;47;38; ; ; ;0;0;1;2;1;2;6;14;19;11;14;16; ; ; ; ; ; ; ; ;1; ;1;6;2;4;30;46;41;27;36;21; ;0;0;0;3;4;7;6;4;5;6;5;4;8;8;7;6;6;5;0;0;5;8;3;0
San Juan;JACHAL;Estatal;Rural; ; ; ;48;181;135;176;180;162;173;201;188;120;173;170;140;120;109;49; ;34; ; ; ;29;95;67;95;95;69;92;106;99;65;78;88;64;62;51;23; ;11;0;11;9;10;14;8;4;6;18;25;24;7;0; ; ; ; ; ; ; ;2;14;11;17;27;20;15;29;35;36;51;24;5;0;0;0;3;12;10;12;12;11;12;12;13;8;7;9;7;7;7;3;0;15;40;12;1
San Juan;JACHAL;Estatal;Urbano; ; ; ;98;178;214;236;228;199;243;234;194;244;264;251;240;196;180;84; ;416; ; ; ;46;94;112;117;117;100;113;132;94;117;146;126;111;99;81;44; ;60;0;3;0;0;6;5;10;19;17;22;20;17;0; ; ; ; ; ; ; ;7;4;2;11;25;16;49;46;49;67;42;35;14;0;0;0;10;14;15;12;13;9;11;10;9;13;12;12;13;12;12;5;0;0;0; ;0
San Juan;POCITO;Estatal;Rural; ; ; ;83;301;343;327;416;430;386;428;383;517;456;377;326;251;187; ; ; ; ; ; ;46;156;176;159;217;223;193;218;193;285;225;180;150;105;95; ; ; ;7;43;50;28;29;15;141;125;113;113;47;8; ; ; ; ; ; ; ;1;23;60;76;61;79;74;213;224;195;180;109;71; ;0;0;0;9;22;23;19;24;22;22;20;18;19;17;14;13;13;13;0;0;3;2; ;0
San Juan;POCITO;Estatal;Urbano; ; ; ;121;389;432;495;567;521;594;604;508;578;545;429;371;300;217; ; ;95; ; ; ;69;191;203;263;294;257;313;294;260;289;255;171;183;123;86; ; ;18;8;50;20;36;32;7;56;84;64;45;44;8; ; ; ; ; ; ; ; ;34;92;78;131;114;72;215;192;194;135;148;65; ;0;0;0;10;26;26;25;28;25;25;23;22;18;17;16;12;12;12;0;0;0;0; ;0
San Juan;RAWSON;Estatal;Rural; ; ; ;56;122;161;249;277;274;289;295;266;280;274;212;213;186;122;17; ; ; ; ; ;27;71;78;111;144;125;142;139;124;142;144;116;111;73;69;10; ; ;10;28;30;28;13;8;36;43;39;36;15;4;0; ; ; ; ; ; ; ;13;33;50;48;47;45;105;105;109;96;60;38;1;0;0;0;5;9;12;17;14;13;18;17;14;10;10;9;9;8;8;1;0;2;5; ;0
San Juan;RAWSON;Estatal;Urbano; ; ; ;706;1187;1235;1312;1380;1373;1457;1424;1356;1331;1198;1051;799;770;676;78; ;449; ; ; ;332;609;622;674;743;706;714;742;657;696;613;528;417;382;341;48; ;121;17;145;114;96;96;67;245;258;243;143;105;38;1; ; ; ; ; ;1; ;65;197;248;281;274;232;463;471;431;329;301;264;16;0;0;0;61;78;82;71;71;65;70;67;66;49;46;43;37;37;34;3;0;3;0; ;0
San Juan;RAWSON;Privado;Urbano; ; ; ;168;317;329;464;439;442;451;439;490;391;404;389;338;327;318; ; ; ; ; ; ;96;152;162;236;238;212;229;219;265;174;207;184;167;139;131; ; ; ;2;4;1;0;2;0;3;23;24;21;6;2; ; ; ; ; ; ; ; ;4;7;8;5;7;3;72;73;82;84;79;60; ;0;0;0;13;20;21;19;19;19;19;19;19;13;13;13;13;13;13;0;0;0;0; ;0
San Juan;RIVADAVIA;Estatal;Rural; ; ; ;59;113;115;289;271;304;270;306;310;172;146;115;81;56;29; ; ; ; ; ; ;27;61;53;132;115;160;129;150;168;80;80;74;41;28;14; ; ; ;2;17;24;15;17;23;70;77;37;18;7;0; ; ; ; ; ; ; ; ;15;24;48;28;44;38;82;107;80;36;24;11; ;0;0;0;7;10;8;16;15;15;15;16;16;7;7;6;4;4;4;0;0;0;0; ;0
San Juan;RIVADAVIA;Estatal;Urbano; ; ; ;415;779;768;811;920;902;904;903;838;842;808;696;648;528;442;49; ;210; ; ; ;217;386;380;449;484;456;463;488;421;442;381;356;321;258;214;26; ;122;32;93;105;95;65;52;78;115;86;91;51;8;0; ; ; ; ; ; ;3;53;137;209;205;199;158;250;275;276;229;249;128;15;0;0;0;36;53;54;45;45;45;43;43;43;29;29;26;25;24;23;2;0;3;0; ;0
San Juan;RIVADAVIA;Privado;Urbano; ;19;36;275;361;414;491;524;469;500;529;520;368;378;366;359;330;307; ; ;735; ;9;22;121;184;218;252;269;238;245;274;236;183;188;173;177;162;146; ; ;411;0;1;2;0;2;0;8;20;22;27;7;0; ; ; ; ; ;1;2; ;4;1;3;2;4;4;12;33;39;37;27;18; ;0;2;4;27;22;22;21;20;20;20;21;21;13;13;13;14;14;13;0;0;1;0; ;0
San Juan;SAN MARTIN;Estatal;Rural; ; ; ;121;187;227;213;222;212;232;232;247;304;307;234;225;188;139; ; ;127; ; ; ;57;91;125;113;122;112;110;115;120;158;151;105;102;83;62; ; ;54;2;16;10;5;5;3;33;61;40;39;30;0; ; ; ; ; ; ; ; ;10;19;21;46;29;26;99;111;90;102;84;35; ;0;0;0;11;14;15;13;12;12;11;12;13;10;11;10;8;8;8;0;0;2;7; ;0
San Juan;SANTA LUCIA;Estatal;Rural; ; ; ;52;100;105;200;205;216;210;244;205;134;143;108;98;75;60; ; ; ; ; ; ;27;52;52;94;99;113;110;138;107;65;77;57;44;37;25; ; ; ;22;24;22;15;17;12;40;52;33;18;15;0; ; ; ; ; ; ; ;1;25;50;44;41;47;51;61;81;54;47;29;21; ;0;0;0;5;7;8;12;11;12;11;12;12;6;6;5;4;4;4;0;0;0;0; ;0
San Juan;SANTA LUCIA;Estatal;Urbano; ; ; ;108;359;421;425;411;444;433;408;418;389;330;311;258;216;188;21; ;670; ; ; ;51;181;221;229;218;217;226;189;203;203;159;156;125;96;92;12; ;411;25;28;26;16;26;14;33;49;51;41;33;12;0; ; ; ; ; ; ; ;49;57;77;94;69;65;107;122;139;85;75;45;1;0;0;0;11;23;25;22;21;24;21;20;22;14;12;11;11;11;11;1;0;2;0; ;0
San Juan;SANTA LUCIA;Privado;Urbano; ; ; ;95;151;157;166;160;173;155;184;150;56;57;58;45;50;41; ; ; ; ; ; ;42;70;81;67;90;89;72;102;74;21;32;31;13;21;16; ; ; ;0;0;0;1;1;0;1;0;1;0;1;0; ; ; ; ; ; ; ; ; ; ; ;1;1; ;1;2;5;1;4;1; ;0;0;0;6;6;5;4;4;4;4;4;6;2;2;2;2;2;2;0;0;8;14; ;0
San Juan;SARMIENTO;Estatal;Rural; ; ; ;81;169;188;247;282;257;251;275;248;262;264;236;171;159;116; ;10;79; ; ; ;36;67;86;134;134;134;120;137;132;138;133;114;84;74;55; ;4;14;3;29;21;9;17;3;35;48;52;28;27;7; ;0; ; ; ; ; ; ;8;49;49;54;60;50;107;137;133;92;88;61; ;0;0;0;8;15;15;16;17;16;15;16;15;13;13;12;10;10;9;0;0;4;12;4;0
San Juan;SARMIENTO;Estatal;Urbano; ; ; ;133;181;224;228;263;262;267;276;265;336;293;244;196;195;155;54; ; ; ; ; ;69;95;122;108;129;127;132;155;128;158;160;111;104;97;76;29; ; ;0;30;22;17;20;16;35;67;49;19;16;3;1; ; ; ; ; ; ; ;3;46;52;48;77;63;74;105;83;46;40;39;7;0;0;0;11;14;17;11;12;12;12;12;12;12;10;9;8;8;8;2;0;0;3;1;0
San Juan;VALLE FERTIL;Estatal;Rural; ; ; ;26;27;44;44;61;70;64;45;49;44;62;27;36;30;19; ; ; ; ; ; ;12;13;21;24;36;41;32;26;24;25;34;10;27;13;9; ; ; ;0;5;5;1;1;0;3;6;3;0;1;0; ; ; ; ; ; ; ; ;1;6;9;6;6;7;16;29;13;25;18;9; ;0;0;0;5;7;8;3;3;3;3;3;3;5;4;3;2;2;2;0;0;8;15;8;3
San Juan;VALLE FERTIL;Estatal;Urbano; ; ; ;28;62;89;70;85;81;95;72;93;106;100;96;85;76;95;36; ;127; ; ; ;16;28;48;33;41;48;54;28;42;64;43;44;50;41;44;20; ;22;0;0;0;1;0;0;1;11;6;2;3;3;0; ; ; ; ; ; ; ; ; ; ;4; ; ;14;25;23;18;13;19;8;0;0;0;4;6;6;6;6;5;5;5;5;3;3;3;3;3;3;1;0;0;0; ;0
San Luis;AYACUCHO;Estatal;Rural; ; ; ;7;12;22;28;22;34;45;40;40;40;47;41;32;40;34; ; ; ; ; ; ;3;4;16;8;14;17;25;16;22;21;28;21;17;22;18; ; ; ;0;1;1;0;0;1;0;1;2;0;1;0; ; ; ; ; ; ; ; ;1;1;2;3;4;5;6;16;15;12;17;17; ;0;0;0;0;3;6;3;2;3;3;5;4;10;14;9;11;11;12;0;0;4;21;10;5
San Luis;AYACUCHO;Estatal;Urbano; ; ; ;88;239;263;282;269;285;295;285;299;323;299;285;245;185;165;135; ;192; ; ; ;41;117;131;148;136;141;157;132;170;174;152;144;107;102;85;70; ;54;0;4;11;17;19;28;35;51;26;16;2;1;1; ; ; ; ; ;3; ;5;11;12;22;25;41;95;124;112;60;42;52;28;0;0;0;5;12;14;17;16;15;16;16;17;15;15;15;14;13;13;8;0;4;0;1;1
San Luis;BELGRANO;Estatal;Rural; ; ; ;22;52;48;73;83;76;67;88;87;70;95;89;89;82;58;8; ; ; ; ; ;14;26;22;34;38;36;40;50;37;38;49;43;51;37;29;3; ; ;0;2;3;3;5;1;1;1;3;0;1;3;0; ; ; ; ; ;2;1; ;4;5;8;13;15;5;16;15;20;27;13;3;0;0;0;2;4;4;4;5;5;6;6;7;10;14;13;13;18;15;1;0;4;11;2;4
San Luis;BELGRANO;Estatal;Urbano; ; ; ;95;165;179;212;214;245;268;282;287;284;316;306;295;300;263; ; ;1399; ; ; ;49;85;94;104;106;127;148;152;148;128;147;145;142;150;143; ; ;550;0;1;1;1;3;2;3;11;12;14;5;1; ; ; ; ; ; ; ; ; ;1;1;1;8;7;19;27;30;57;32;30; ;0;0;0;4;9;9;11;11;12;14;13;13;12;13;13;13;12;11;0;0;0;0; ;0
San Luis;CHACABUCO;Estatal;Rural; ; ; ;54;71;78;99;113;125;132;142;111;147;130;131;98;101;82;13; ; ; ; ; ;32;39;44;50;58;70;69;71;51;71;70;73;48;46;35;10; ; ;1;1;2;9;7;2;14;18;12;6;11;7;0; ; ; ; ; ; ; ;1;4;4;17;20;14;24;32;37;37;32;19; ;0;0;0;5;7;8;6;8;9;10;10;8;14;14;15;12;12;11;1;0;1;9;4;2
San Luis;CHACABUCO;Estatal;Urbano;3;9;4;62;193;174;225;245;233;228;238;249;218;266;246;245;184;180;51; ;13;2;4;2;31;94;83;114;139;119;123;117;132;126;132;144;129;83;74;29; ;13;0;1;4;1;1;4;17;25;16;24;7;7;0; ;1;1; ; ; ; ;7;12;28;11;26;26;69;117;101;92;68;54;14;1;1;1;5;12;12;13;13;14;14;14;14;14;13;13;13;13;13;5;0;0;1; ;2
San Luis;CORONEL PRINGLES;Estatal;Rural; ; ; ;31;78;89;87;85;111;89;107;99;99;115;121;93;101;76;14; ; ; ; ; ;11;26;47;46;42;54;52;59;48;53;62;54;57;48;31;6; ; ;1;1;10;12;7;6;5;17;13;4;12;5;1; ; ; ; ; ; ; ;1;1;23;17;20;23;20;42;49;41;39;20;5;0;0;0;4;7;13;9;7;12;10;9;9;14;14;12;16;15;12;1;0;2;9;3;4
San Luis;Enmascarado;Estatal;Urbano; ; ; ;94;188;196;213;214;244;229;225;240;257;245;239;236;210;169;42; ;62; ; ; ;48;99;93;95;110;125;116;116;120;136;132;108;107;85;77;19; ;6;2;14;9;8;8;9;18;32;22;8;13;2;0; ; ; ; ; ; ; ;7;17;17;34;28;27;43;59;61;56;48;23; ;0;0;0;7;10;9;13;13;13;12;13;12;12;12;11;10;11;10;3;0;0;0; ;0
San Luis;Enmascarado;Privado;Rural; ; ; ; ;3; ;1;3;2;3;6;11;11;20;25;21;17;18; ; ; ; ; ; ; ;2; ;0;2;2;2;4;9;0;9;11;8;6;10; ; ; ;0;0;0;0;1;0;0;0;0;0;0;0; ; ; ; ; ; ; ; ; ; ; ; ;1; ;11;20;25;3; ;8; ;0;0;0;0;1;0;1;1;1;1;1;1;1;1;1;1;1;1;0;0;0;0; ;0
San Luis;Enmascarado;Privado;Urbano; ;1;4;42;35;29;61;58;60;65;55;51;85;77;91;80;87;74; ; ;129; ;0;2;21;15;16;32;25;33;37;33;25;40;33;36;32;40;36; ; ;36;0;0;0;1;0;1;2;5;6;4;1;0; ; ; ; ; ; ; ; ; ; ;1;5;1;1;31;19;25;22;22;29; ;0;0;0;4;3;3;3;3;3;3;3;3;3;3;3;3;3;3;0;0;1;0;1;0
San Luis;GENERAL JUAN MARTIN DE PUEYRREDON;Estatal;Rural; ; ; ;37;112;86;103;116;151;146;153;156;121;156;120;121;103;99;6; ;123; ; ; ;13;62;40;45;65;84;82;71;73;62;93;61;60;53;48;1; ;75;1;7;8;9;8;9;11;11;13;3;2;0;0; ; ; ; ; ; ; ;1;7;11;12;18;25;47;50;40;49;43;36;2;0;0;0;4;11;7;9;8;9;9;9;9;14;13;14;14;14;12;1;0;3;15;6;4
San Luis;GENERAL JUAN MARTIN DE PUEYRREDON;Estatal;Urbano;23;84;162;1221;1956;2165;2338;2527;2797;2853;2888;2968;2985;3101;2916;2783;2607;2556;392; ;4534;13;39;90;631;998;1125;1217;1275;1410;1477;1449;1559;1505;1583;1442;1345;1253;1256;237; ;1777;5;70;109;113;84;69;149;217;196;124;88;77;11; ; ;4;4;6;39;13;91;106;249;325;280;270;578;755;735;630;548;553;63;5;8;9;68;110;123;133;136;141;138;139;141;136;135;132;131;130;124;20;0;2;3;2;3
San Luis;GENERAL JUAN MARTIN DE PUEYRREDON;Privado;Urbano;7;9;105;377;565;562;632;580;637;688;639;669;629;631;638;646;638;612; ; ;1148;4;5;51;192;295;277;311;289;338;351;328;331;299;321;308;318;308;285; ; ;510;0;1;2;4;4;2;1;7;4;7;0;3; ; ; ; ; ;1;9;8;9;12;13;20;16;10;27;54;91;56;56;40; ;1;1;8;29;34;36;33;32;30;30;29;31;30;29;27;30;28;30;0;0;1;1; ;0
San Luis;GENERAL PEDERNERA;Estatal;Rural; ; ; ;110;182;156;179;193;194;225;241;251;242;337;289;278;267;206;74; ; ; ; ; ;49;95;86;85;110;119;119;136;137;145;188;153;174;144;121;52; ; ;0;3;1;3;1;4;8;18;23;20;12;6;4; ; ; ; ; ; ;3;16;5;5;11;6;7;43;85;87;86;55;49;23;0;0;0;6;7;6;10;11;10;10;11;11;17;17;17;17;18;16;3;0;7;10;8;4
San Luis;GENERAL PEDERNERA;Estatal;Urbano;11;21;43;535;1439;1465;1672;1772;1809;2002;1974;1866;2038;2207;1895;1721;1546;1490;425; ;1507;6;11;25;263;665;764;839;881;946;1052;987;972;1086;1092;924;846;747;692;246; ;518;6;21;66;71;68;56;104;195;167;94;59;21;6; ;9; ; ;6;3;11;47;43;108;142;172;156;317;511;491;447;359;275;64;1;2;3;29;82;87;102;100;102;106;103;106;91;88;85;80;76;74;25;0;3;0; ;0
San Luis;GENERAL PEDERNERA;Privado;Urbano; ;2;69;189;189;205;234;266;260;265;248;289;261;264;252;274;263;253; ; ;696; ;1;31;90;97;112;107;137;113;127;114;144;130;117;111;144;129;113; ; ;240;0;0;0;0;0;0;0;1;0;0;0;0; ; ; ; ;1; ; ; ;39;44;29;1;44;29;2;6;12;15;13;16; ;0;1;4;12;14;14;13;13;14;14;13;14;11;12;12;13;12;11;0;0;0;0; ;0
San Luis;GOBERNADOR DUPUY;Estatal;Rural; ; ; ;49;79;94;86;109;93;113;111;103;138;120;117;112;104;80;29; ; ; ; ; ;21;32;43;47;55;49;54;65;59;75;65;57;59;48;30;11; ; ;0;1;0;3;3;0;9;15;8;8;6;2;0; ; ; ; ; ; ; ;5;6;5;14;19;11;40;37;34;46;32;14;4;0;0;0;4;9;10;8;9;9;9;8;9;13;13;13;12;11;11;2;0;0;4;1;0
San Luis;JUNIN;Estatal;Rural; ; ; ;25;71;96;88;128;131;148;151;127;141;153;156;121;115;92; ; ; ; ; ; ;11;36;46;47;61;58;77;82;66;77;82;84;64;67;43; ; ; ;0;1;1;2;8;4;6;16;13;14;4;3; ; ; ; ; ; ; ; ; ;1;3;5;9;7;22;31;46;33;23;11; ;0;0;0;2;7;8;5;6;6;5;6;6;8;8;8;9;9;7;0;0;2;18;15;2
San Luis;JUNIN;Estatal;Urbano; ; ; ;82;309;326;341;374;406;412;423;426;418;431;392;321;339;294;29; ;149; ; ; ;44;162;155;172;188;208;183;211;211;230;217;185;162;168;125;18; ;32;3;10;12;7;15;13;30;65;29;30;12;1;0; ; ; ; ; ; ; ;4;12;19;27;29;19;80;120;86;102;78;52;8;0;0;0;6;18;18;18;18;18;18;18;19;17;17;17;19;18;16;1;0;0;0; ;0
San Luis;JUNIN;Privado;Urbano; ; ;10;35;59;66;64;62;71;78;79;83;137;148;104;129;133;133; ; ;153; ; ;5;16;28;26;33;31;30;31;37;38;68;62;50;60;67;53; ; ;21;0;0;0;0;0;0;0;9;6;2;4;6; ; ; ; ; ; ; ;8;3;4;8;6;11;8;20;26;27;25;26;27; ;0;0;1;2;4;4;4;4;4;4;4;4;6;6;6;7;7;6;0;0;0;0; ;0
San Luis;LIBERTADOR GRL SAN MARTIN;Estatal;Rural; ; ; ;14;35;35;54;62;70;46;56;67;58;65;58;66;55;47; ; ; ; ; ; ;8;18;17;29;30;34;20;27;36;33;35;29;35;24;23; ; ; ;0;1;0;0;0;1;5;3;1;3;2;4; ; ; ; ; ; ; ; ;5;7;5;3;5;12;8;8;5;20;19;11; ;0;0;0;2;5;8;9;8;8;5;8;4;11;9;7;12;13;9;0;0;2;14;7;7
Santa Cruz;CORPEN AIKE;Estatal;Urbano; ; ;45;136;165;195;189;211;211;231;199;229;219;248;223;236;230;193;50; ; ; ; ;25;70;77;100;102;106;108;105;106;124;125;137;122;103;118;92;31; ; ;0;0;0;1;0;0;0;25;29;42;40;4;0; ; ; ; ; ; ; ; ; ;1;1;1;1; ;32;62;56;60;18;2;0;0;3;8;9;11;11;11;11;11;11;11;11;11;11;10;10;9;3;0;0;0; ;0
Santa Cruz;DESEADO;Estatal;Rural; ; ; ;33;32;35;31;49;34;33;35;28;45;33;44;36;40;32; ; ; ; ; ; ;10;12;21;15;31;19;14;15;17;27;16;22;20;20;19; ; ; ;0;0;0;0;0;0;0;2;2;1;10;0; ; ; ; ; ; ; ; ; ; ; ; ; ; ; ;5;3;3;11;1; ;0;0;0;1;3;4;2;2;1;1;1;1;4;3;3;3;3;3;0;0;3;10; ;0
Santa Cruz;DESEADO;Estatal;Urbano; ; ; ;925;1281;1466;1510;1555;1769;1769;1973;1858;1946;2167;2034;2006;1982;1445;452; ;1325; ; ; ;463;659;732;788;812;918;922;978;955;1005;1154;1055;1048;1013;738;261; ;419;0;0;1;0;0;1;73;334;512;489;522;140;0; ; ; ; ; ; ; ; ;3;2;1;5;8;92;481;640;620;629;203;14;0;0;0;53;80;84;79;79;81;81;88;82;86;78;72;69;70;61;20;0;0;0; ;0
Santa Cruz;DESEADO;Privado;Urbano; ; ; ;72;234;278;400;462;457;491;453;434;432;438;397;361;321;308; ; ; ; ; ; ;35;107;139;193;213;208;220;225;213;199;180;172;158;144;135; ; ; ;0;0;0;0;1;0;2;20;16;21;17;1; ; ; ; ; ; ; ; ; ; ; ; ;1; ;2;20;26;23;22;7; ;0;0;0;5;11;13;18;22;21;21;21;18;19;16;16;13;13;13;0;0;3;0; ;0
Santa Cruz;Enmascarado;Estatal;Rural; ; ; ;24;34;32;47;50;54;52;56;41;52;55;55;58;31;35; ; ; ; ; ; ;10;15;18;28;24;24;27;26;24;36;31;28;31;10;23; ; ; ;0;0;0;0;0;0;0;4;4;4;3;0; ; ; ; ; ; ; ; ; ; ; ; ; ;2;1;4;5;7;1;6; ;0;0;0;2;1;2;4;2;2;4;3;3;5;4;4;4;3;3;0;0;3;3; ;0
Santa Cruz;Enmascarado;Privado;Rural; ; ; ; ; ; ;1; ;1; ;1;1;1; ; ; ; ; ; ; ; ; ; ; ; ; ; ;0; ;1; ;1;1;1; ; ; ; ; ; ; ; ;0; ;0; ;0;0;0; ; ; ; ; ; ; ; ; ; ; ; ; ; ; ; ; ; ; ; ; ; ; ; ; ; ;0;0;0;0;0;0;0;0;0;0;0;0;0;0;0;0;0;0;0;0;0;1; ;0
Santa Cruz;Enmascarado;Privado;Urbano; ; ; ;19;86;91;114;120;121;123;128;116;112;73;86;61;62;65; ; ; ; ; ; ;8;44;38;58;51;58;69;64;46;51;33;41;25;21;29; ; ; ;0;0;0;0;0;0;1;1;3;0;0;0; ; ; ; ; ; ; ; ; ; ; ; ; ; ;1;3;5;3;2;3; ;0;0;0;1;5;5;6;5;5;6;6;5;5;4;4;3;2;2;0;0;0;0; ;0
Santa Cruz;GUER AIKE;Estatal;Rural; ; ; ;18;20;16;20;29;27;25;30;22;29;22;25;17;17;13; ; ; ; ; ; ;8;7;11;10;13;14;15;14;13;12;15;14;6;14;7; ; ; ;0;0;0;0;0;0;0;1;1;2;0;0; ; ; ; ; ; ; ; ; ; ; ; ; ; ;1;4;6;8;5;3; ;0;0;0;2;2;2;3;4;3;2;4;2;3;1;2;1;1;1;0;0;2;6;7;0
Santa Cruz;GUER AIKE;Estatal;Urbano;13;35;41;718;989;1155;1326;1534;1597;1708;1787;1758;1670;2101;1888;1931;1896;1576;354; ;1397;8;26;19;355;519;579;716;779;802;891;875;942;849;1107;979;983;981;798;224; ;518;0;0;0;1;4;2;40;257;296;405;388;140;0; ; ; ; ; ; ; ;1;3;3;6;16;3;62;347;372;479;499;266;11;2;2;2;49;69;71;78;80;80;83;81;82;81;81;74;76;75;72;15;0;0;0; ;0
Santa Cruz;GUER AIKE;Privado;Urbano; ;53;134;281;354;429;432;476;489;514;502;503;504;489;505;445;385;377; ; ;206; ;24;74;134;171;221;218;238;233;247;239;242;223;239;231;205;190;163; ; ;68;0;0;0;0;0;0;8;25;20;11;7;14; ; ; ; ; ; ; ; ; ; ; ;1; ;3;11;12;28;21;21;3; ;0;4;7;17;22;24;19;20;21;21;20;20;21;18;19;19;18;16;0;0;1;1; ;0
Santa Cruz;LAGO ARGENTINO;Estatal;Urbano; ; ; ;163;240;244;275;327;375;351;348;339;357;321;321;356;332;251;44; ; ; ; ; ;77;120;129;153;160;193;184;165;179;180;149;164;188;188;116;30; ; ;0;0;1;0;0;3;3;22;63;62;47;28;2; ; ; ; ; ; ; ;2; ;1; ; ;3;4;50;74;114;85;41;2;0;0;0;8;16;15;14;14;15;14;14;15;15;11;11;11;13;11;2;0;0;0; ;0
Santa Cruz;LAGO ARGENTINO;Privado;Urbano; ; ;7;13;13;26;50;74;84;79;76;88;93;163;166;122;91;90; ; ;247; ; ;6;5;9;12;23;32;46;37;34;37;48;84;86;61;33;35; ; ;78;0;0;0;0;0;3;3;2;4;5;2;0; ; ; ; ; ; ; ; ; ; ; ;1;4;8;9;16;7;12;3;1; ;0;0;1;1;1;1;2;3;3;3;3;3;4;6;6;4;2;2;0;0;0;0; ;0
Santa Cruz;LAGO BUENOS AIRES;Estatal;Urbano; ; ; ;115;127;162;148;199;220;205;191;167;215;279;272;224;200;130;31; ; ; ; ; ;63;75;77;72;110;123;96;101;77;113;144;132;132;83;69;15; ; ;0;0;0;0;0;0;10;57;81;70;45;8;0; ; ; ; ; ; ; ; ; ; ;1; ;1;12;88;95;79;44;10;2;0;0;0;7;8;9;9;9;10;10;10;8;11;11;10;6;6;4;2;0;0;0; ;0
Santa Cruz;MAGALLANES;Estatal;Urbano; ; ; ;74;121;158;139;160;158;204;205;203;198;231;206;197;183;159;39; ; ; ; ; ;42;60;73;73;82;86;102;109;97;93;125;112;105;90;75;26; ; ;0;0;0;0;0;0;0;32;48;49;44;10;0; ; ; ; ; ; ; ; ; ; ; ; ; ; ;45;52;57;51;17;6;0;0;0;4;8;9;8;8;8;8;8;8;7;9;8;7;8;6;2;0;0;0; ;0
Santa Cruz;RIO CHICO;Estatal;Urbano; ; ; ;38;66;86;97;84;113;92;89;108;104;111;120;130;116;70;32; ; ; ; ; ;19;36;42;50;40;52;46;46;61;54;49;56;64;57;32;18; ; ;0;0;0;0;0;0;2;11;18;19;26;5;0; ; ; ; ; ; ; ; ; ; ; ; ;1;4;16;25;27;39;13;5;0;0;0;3;4;5;5;5;5;5;5;6;5;5;4;5;5;4;2;0;0;0; ;0
Santa Fe;9 DE JULIO;Estatal;Rural; ; ; ;66;126;131;165;149;152;159;182;152;149;184;146;131;112;92; ; ; ; ; ; ;37;64;68;79;84;75;64;90;84;82;94;73;53;39;38; ; ; ;4;5;6;5;9;6;0;44;32;30;22;0; ; ; ; ; ;1; ; ;6;7;6;9;13;19;11;62;55;40;31;14; ;0;0;0;3;5;8;14;13;12;11;14;10;12;11;10;10;8;8;0;0;31;46;3;3
Santa Fe;9 DE JULIO;Estatal;Urbano; ; ;11;218;296;289;312;371;377;364;380;404;359;555;345;291;193;245;47; ;806; ; ;5;97;141;148;170;201;192;163;180;211;180;320;177;161;97;106;20; ;138;12;9;16;12;14;11;0;179;124;101;32;10;0; ; ; ; ; ; ; ;14;13;27;19;26;31;26;253;173;144;70;121;13;0;0;1;13;14;15;20;21;21;21;20;20;19;23;15;14;11;10;4;0;8;2; ;0
Santa Fe;BELGRANO;Estatal;Rural; ; ; ;16;11;18;15;18;26;21;22;19;21;12;10;18;17;11; ; ; ; ; ; ;5;5;10;7;8;9;10;16;12;9;8;4;10;5;3; ; ; ;0;0;0;0;0;0;0;0;0;5;2;0; ; ; ; ; ; ; ; ; ; ; ; ; ;2;1;1; ;5;3;2; ;0;0;0;1;1;1;1;1;2;2;1;1;2;1;1;1;1;1;0;0;3;7; ;0
Santa Fe;BELGRANO;Estatal;Urbano; ; ; ;299;402;441;461;590;534;593;588;620;579;671;551;477;430;343;42; ;350; ; ; ;147;202;232;246;302;278;288;295;324;306;353;282;230;219;163;32; ;73;0;0;4;3;2;2;2;137;98;89;60;12;0; ; ; ; ; ; ; ; ;2;10;10;6;18;14;177;149;140;91;36;6;0;0;0;17;22;22;30;29;29;31;28;29;29;26;24;21;19;20;3;0;3;4;3;0
Santa Fe;BELGRANO;Privado;Urbano; ; ;22;118;107;112;113;89;97;101;98;91;106;151;138;134;134;120; ; ;49; ; ;16;56;62;61;57;39;54;55;39;43;44;67;77;65;63;37; ; ;4;0;0;0;0;0;0;0;3;1;14;7;0; ; ; ; ; ; ; ; ; ; ; ; ; ; ;1;5;3;18;9;5; ;0;0;3;7;5;5;5;4;4;4;4;4;4;5;5;5;5;5;0;0;1;0; ;0
Santa Fe;CASEROS;Estatal;Rural; ; ;16;65;72;77;67;83;83;91;120;97;89;72;74;41;46;55; ; ; ; ; ;7;40;40;34;37;43;47;43;71;52;43;30;39;16;25;30; ; ; ;1;0;1;0;1;0;0;10;11;2;2;1; ; ; ; ; ; ; ; ;1;1;2; ;2; ; ;12;20;5;5;7; ;0;0;1;4;4;5;5;5;5;6;8;7;5;3;3;3;3;3;0;0;4;6; ;0
Santa Fe;CASEROS;Estatal;Urbano; ; ;20;441;661;629;744;734;852;783;929;861;858;1077;1002;868;724;597;139; ;693; ; ;12;242;345;335;398;366;461;425;474;435;457;558;525;426;356;275;89; ;171;3;3;7;0;2;6;0;177;191;150;66;15;0; ; ; ; ; ; ; ;3;5;16;9;16;21;32;246;272;236;151;125;8;0;0;0;21;33;31;44;45;48;42;48;49;46;47;41;39;37;37;8;0;13;1;4;0
Santa Fe;CASEROS;Privado;Urbano; ; ;68;158;198;238;227;233;217;228;246;225;260;305;292;268;291;204;62; ;261; ; ;40;85;93;117;118;109;108;123;109;124;118;176;152;141;164;112;58; ;37;0;0;0;0;0;0;0;13;16;11;9;5;0; ; ; ; ; ; ; ;1;1;1;2;2;3; ;17;29;26;17;14;2;0;0;4;9;9;10;9;10;9;10;10;9;9;12;12;13;13;13;5;0;0;0; ;0
Santa Fe;CASTELLANOS;Estatal;Rural; ; ; ;126;335;380;441;439;464;438;489;490;476;501;407;359;292;236; ; ; ; ; ; ;62;170;195;234;233;240;222;249;246;238;235;209;181;127;104; ; ; ;4;8;8;7;9;5;2;91;64;71;39;0; ; ; ; ; ; ;1; ;5;10;16;20;25;27;28;129;109;112;77;41; ;0;0;0;4;20;19;26;19;21;22;22;23;23;23;20;22;19;19;0;0;40;85;4;0
Santa Fe;CASTELLANOS;Estatal;Urbano;27;52;150;578;1380;1491;1817;1888;2102;2135;2144;2192;2037;2291;1986;1868;1459;1338;314; ;1460;15;25;71;286;671;795;907;946;1037;1106;1101;1119;1015;1237;1033;987;760;655;203; ;226;10;25;37;23;26;27;6;530;510;444;224;66;0; ; ; ; ;1;1;1;11;37;60;65;65;88;115;729;756;718;482;393;45;7;8;17;36;80;90;101;96;102;99;100;100;102;81;79;70;68;66;19;0;17;5;1;0
Santa Fe;CASTELLANOS;Privado;Rural; ; ;3;44;38;48;28;39;28;39;37;38;46;150;150;121;87;88;17; ; ; ; ;3;23;17;26;15;16;14;18;22;23;29;80;79;49;39;44;11; ; ;0;0;0;0;0;0;0;18;21;16;4;0;0; ; ; ; ; ; ; ; ; ;1; ; ;1;1;24;30;24;21;11;1;0;0;0;3;3;3;2;2;2;2;2;2;2;8;8;5;4;4;1;0;1;0; ;0
Santa Fe;CASTELLANOS;Privado;Urbano; ; ;99;307;349;382;334;329;340;353;350;346;314;561;544;526;456;455; ; ;340; ; ;51;153;180;201;175;166;149;167;169;161;144;259;247;226;202;210; ; ;132;0;0;0;0;0;0;0;23;24;35;12;2; ; ; ; ; ; ; ; ;1; ; ; ;1;3;1;39;37;55;34;24; ;0;0;7;15;17;17;15;13;14;14;14;14;13;20;20;20;20;20;0;0;1;0; ;0
Santa Fe;CONSTITUCION;Estatal;Rural; ; ; ;30;119;146;117;153;150;153;170;152;155;153;132;114;87;90; ; ; ; ; ; ;18;55;69;69;79;76;76;100;76;79;78;63;44;48;46; ; ; ;0;0;1;0;0;0;0;13;25;20;17;0; ; ; ; ; ; ; ; ; ; ;4;2;3;1;5;22;29;26;22;1; ;0;0;0;0;3;9;8;9;8;9;8;8;9;6;6;6;5;8;0;0;11;19;8;0
Santa Fe;CONSTITUCION;Estatal;Urbano; ; ; ;289;571;677;806;883;932;1018;988;1014;942;1054;910;843;746;625;157; ;1361; ; ; ;143;297;356;431;467;492;533;514;517;469;548;494;418;346;276;105; ;347;6;10;18;17;10;6;3;278;208;230;102;18;0; ; ; ; ; ;2;2;10;27;56;76;83;90;51;347;305;334;201;150;18;0;0;0;15;27;31;50;49;49;49;48;46;45;42;35;32;31;31;7;0;7;5; ;0
Santa Fe;CONSTITUCION;Privado;Urbano; ; ;71;239;251;275;237;231;227;238;247;235;248;403;360;372;332;275;67; ;208; ; ;39;114;128;137;119;129;125;135;122;127;110;209;194;202;179;152;67; ;145;0;0;0;0;0;0;0;26;32;41;12;8;0; ; ; ; ; ; ;1; ;1;1;2;2;3;2;34;34;46;27;17;6;0;0;5;13;12;13;10;9;10;9;9;9;9;14;14;12;12;12;4;0;0;0; ;0
Santa Fe;Enmascarado;Privado;Rural; ; ; ; ; ; ; ; ; ; ; ; ;4;270;226;199;153;129;31; ; ; ; ; ; ; ; ; ; ; ; ; ; ;3;123;117;109;75;53;21; ; ; ; ; ; ; ; ;0;38;34;38;11;0;0; ; ; ; ; ; ; ; ; ; ; ; ; ; ;51;46;66;25;9;2;0;0;0;0;0;0;0;0;0;0;0;0;1;12;11;10;10;10;2;0;0;0; ;0
Santa Fe;Enmascarado;Privado;Urbano; ; ; ;38;56;44;50;54;62;50;69;50;64;170;196;167;133;117; ; ; ; ; ; ;20;26;21;31;24;32;18;45;25;29;81;83;72;67;51; ; ; ;0;0;0;0;0;0;0;15;31;46;11;0; ; ; ; ; ; ; ; ;1; ; ; ;1;1;1;18;35;51;20;10; ;0;0;0;2;3;2;2;3;3;2;3;2;2;6;6;6;6;6;0;0;1;0; ;0
Santa Fe;GARAY;Estatal;Rural; ; ; ;14;44;51;64;73;55;56;55;63;64;119;77;64;29;34;17; ; ; ; ; ;7;24;27;29;47;25;27;35;31;27;72;37;38;16;20;10; ; ;0;0;0;0;0;0;0;33;18;18;6;1;0; ; ; ; ;1; ; ; ;1; ;3; ;1;1;38;21;20;11;6;5;0;0;0;1;3;3;4;4;4;4;4;4;5;4;3;3;2;2;1;0;4;7; ;0
Santa Fe;GARAY;Estatal;Urbano; ; ; ;134;314;360;347;374;361;380;395;363;384;454;327;217;144;162;74; ;553; ; ; ;70;150;188;212;181;195;202;205;167;214;253;182;107;62;65;37; ;94;0;2;3;1;0;0;1;173;144;71;19;9;0; ; ; ; ; ; ; ;1;4;4;6;8;4;8;183;162;88;36;55;10;0;0;0;6;13;18;18;16;21;19;19;16;17;16;13;12;9;10;3;0;9;10; ;0
Santa Fe;GENERAL LOPEZ;Estatal;Rural; ; ;18;176;245;217;250;282;299;289;276;306;277;261;238;186;137;97;8; ; ; ; ;6;84;113;109;140;150;149;155;138;164;129;144;102;97;65;52;3; ; ;1;1;1;0;0;2;0;34;37;40;19;0;0; ; ; ; ; ; ; ;4;3;2;9;2;10;6;49;58;57;34;19;1;0;0;1;7;11;10;17;16;15;17;15;15;17;13;13;12;12;11;2;0;26;36;2;0
Santa Fe;GENERAL LOPEZ;Estatal;Urbano; ; ;74;969;1411;1622;1772;1822;1979;1969;2147;2067;2038;2368;1818;1686;1184;995;296; ;1656; ; ;33;502;727;844;935;948;1000;1041;1124;1010;984;1197;922;822;585;451;206; ;357;15;16;23;19;19;30;6;559;418;444;180;27;0; ; ; ; ;1;1;5;27;28;40;61;61;75;69;770;639;651;355;200;34;0;0;5;53;69;86;114;104;110;108;111;108;106;89;82;75;67;65;17;0;36;8; ;0
Santa Fe;GENERAL LOPEZ;Privado;Rural; ; ; ; ;4;2;6;5;7;4;6;10;6;67;68;68;70;72; ; ;15; ; ; ; ;3;0;3;3;5;3;2;3;4;31;29;39;29;31; ; ;6;1;0;0;0;0;0;0;6;11;12;4;0; ; ; ; ; ; ; ; ;1; ;1; ; ; ; ;7;14;14;6;6; ;0;0;0;0;0;0;1;1;1;1;1;1;1;4;4;4;4;4;0;0;1;1; ;0
Santa Fe;GENERAL LOPEZ;Privado;Urbano; ; ;114;468;572;575;623;643;618;645;675;689;648;850;834;772;678;613;60; ;1144; ; ;55;232;291;281;299;312;285;326;367;349;337;443;425;380;335;298;36; ;371;1;2;5;2;1;1;0;59;58;61;26;8;0; ; ; ; ; ; ;2;3;5;11;8;7;3;4;83;89;104;67;38;1;0;0;10;26;27;28;27;28;27;28;27;27;26;31;31;34;33;34;5;0;2;0; ;0
Santa Fe;GENERAL OBLIGADO;Estatal;Rural; ; ; ;138;316;322;425;406;426;429;429;434;344;450;363;316;257;183;32; ; ; ; ; ;67;157;174;220;204;222;234;214;212;194;250;174;174;120;94;13; ; ;14;12;18;15;20;7;6;119;90;101;41;5;0; ; ; ; ; ;2; ;17;22;45;57;57;51;48;177;151;147;77;27;2;0;0;0;3;9;15;24;21;21;20;20;21;19;24;23;22;20;20;2;0;51;89;3;0
Santa Fe;GENERAL OBLIGADO;Estatal;Urbano; ; ; ;362;1707;1951;2204;2276;2375;2223;2407;2235;2235;2604;2259;1963;1573;1159;349; ;3394; ; ; ;163;862;1023;1127;1169;1202;1103;1187;1145;1153;1453;1203;1039;780;574;221; ;1043;33;50;59;30;51;21;5;585;608;513;251;31;0; ; ; ; ;3;4;1;51;110;153;174;185;200;184;848;885;796;496;231;38;0;0;0;18;83;91;126;124;125;122;125;115;120;106;97;88;79;72;16;0;30;16;2;0
Santa Fe;GENERAL OBLIGADO;Privado;Rural; ; ; ; ; ; ; ; ; ; ; ; ;77;148;138;113;105;117; ; ; ; ; ; ; ; ; ; ; ; ; ; ; ;32;61;73;53;45;56; ; ; ; ; ; ; ; ; ;1;6;7;4;5;0; ; ; ; ; ; ; ; ; ; ; ; ; ; ;2;6;8;6;8; ; ;0;0;0;0;0;0;0;0;0;0;0;0;3;6;6;5;5;5;0;0;0;0; ;0
Santa Fe;GENERAL OBLIGADO;Privado;Urbano; ;5;28;333;423;484;494;526;489;521;522;505;538;654;606;611;534;433; ; ;1427; ;2;16;138;202;232;247;245;232;267;248;261;283;255;261;245;233;175; ; ;302;0;0;0;0;0;0;0;50;64;70;27;3; ; ; ; ; ;1; ;1; ; ; ;1;3;5;3;67;100;99;76;49; ;0;1;2;20;22;22;21;21;21;21;21;21;22;26;26;24;21;21;0;0;0;0; ;0
Santa Fe;IRIONDO;Estatal;Rural; ; ; ;43;114;96;184;174;172;178;205;197;192;177;159;138;106;109;11; ; ; ; ; ;20;50;47;88;83;96;96;102;107;110;86;92;72;45;52;6; ; ;0;3;1;0;1;0;0;31;26;20;13;2;0; ; ; ; ; ; ; ;1;6;2;7;6;3;8;46;42;38;25;23;1;0;0;0;3;8;5;10;7;9;7;7;9;7;9;9;8;8;7;1;0;9;25;2;0
Santa Fe;IRIONDO;Estatal;Urbano; ; ; ;402;569;608;635;641;717;768;798;760;735;832;723;662;572;482;65; ;1601; ; ; ;201;268;310;322;349;378;374;436;371;377;471;381;329;283;220;55; ;431;1;3;5;2;12;3;0;134;123;119;58;9;1; ; ; ; ; ; ; ;6;10;8;12;27;16;23;203;192;206;119;81;11;0;0;0;22;30;33;35;36;36;38;37;36;36;33;28;28;26;28;4;0;4;1;3;0
Santa Fe;IRIONDO;Privado;Urbano; ; ;70;136;179;171;182;168;210;178;167;167;183;286;248;233;218;176;6; ;195; ; ;33;76;96;87;90;77;104;107;79;87;95;148;129;114;98;98;2; ;25;0;0;3;0;0;0;0;19;17;11;11;1;0; ; ; ; ; ; ;1; ; ;4; ;2; ;1;29;29;25;20;9; ;0;0;4;7;7;7;7;7;7;7;7;7;7;9;8;7;7;7;1;0;0;0; ;0
Santa Fe;LA CAPITAL;Estatal;Rural; ; ; ;33;91;142;143;151;150;179;190;166;144;126;88;78;61;33;8; ; ; ; ; ;17;32;65;67;89;80;91;94;86;52;67;35;34;36;15;1; ; ;5;4;4;8;9;5;0;34;23;17;5;0;0; ; ; ; ; ; ; ;5;4;6;12;14;12;6;46;48;35;17;6;2;0;0;0;0;2;6;7;8;9;8;9;8;8;5;5;4;3;3;1;0;9;19; ;0
Santa Fe;LA CAPITAL;Estatal;Urbano;23;86;182;1961;3975;4142;5018;5333;5741;5820;6189;6034;5578;7279;6677;5872;4572;3441;916; ;10295;13;53;80;973;2065;2177;2561;2735;2941;3066;3226;3110;2881;3954;3615;3140;2364;1741;599; ;2955;22;59;97;91;65;72;30;1789;1873;1667;879;188;0; ; ; ;1;2;1;1;43;100;177;239;217;243;214;2251;2658;2559;1641;955;181;3;8;11;119;176;175;284;287;295;288;298;299;289;307;278;251;232;225;63;0;154;14; ;0
Santa Fe;LA CAPITAL;Privado;Urbano; ;75;326;1722;2582;2748;3029;3035;3107;3199;3248;3238;3214;3254;3321;3144;2914;2576;144; ;6128; ;30;155;869;1270;1390;1468;1483;1501;1616;1634;1632;1587;1540;1595;1508;1368;1126;81; ;1752;1;2;2;1;3;1;0;143;193;227;134;10;0; ; ; ; ;1;2;1;4;5;8;11;10;13;17;184;278;356;304;126;8;0;6;21;104;126;128;131;126;128;128;127;126;126;122;121;117;116;113;8;0;31;4;2;0
Santa Fe;LAS COLONIAS;Estatal;Rural; ; ;26;184;267;278;292;307;366;328;357;326;362;313;259;235;205;181;21; ; ; ; ;13;93;149;148;151;153;188;162;193;175;185;170;122;132;102;90;13; ; ;0;3;3;3;2;0;1;47;40;48;21;0;0; ; ; ; ; ; ; ;1;4;3;9;9;9;22;66;74;86;40;25;1;0;0;2;6;7;10;16;13;12;13;13;13;15;16;15;16;16;16;2;0;54;80;3;0
Santa Fe;LAS COLONIAS;Estatal;Urbano; ; ;107;495;762;768;862;899;996;1015;1047;1019;1016;1135;995;928;650;576;284; ;774; ; ;68;265;384;366;446;469;496;508;536;500;513;639;532;506;322;287;170; ;134;1;4;8;17;14;7;1;260;265;254;95;30;4; ; ; ; ; ;1; ;1;6;10;28;26;30;45;334;347;357;184;108;48;0;0;3;15;24;31;48;49;49;47;49;46;46;45;39;36;35;35;17;0;50;9;2;0
Santa Fe;LAS COLONIAS;Privado;Rural; ; ;10;27;18;12;19;8;18;15;15;17;14;113;95;103;65;73; ; ;70; ; ;5;16;10;6;8;4;9;4;7;9;4;63;49;50;34;31; ; ;23;0;0;0;0;0;0;0;18;13;8;3;0; ; ; ; ; ; ; ; ; ; ; ; ; ; ; ;19;16;16;5;7; ;0;0;1;1;1;1;1;1;1;1;1;1;1;6;4;4;4;4;0;0;1;0; ;0
Santa Fe;LAS COLONIAS;Privado;Urbano; ;9;67;234;250;268;270;279;316;307;319;329;306;509;460;428;361;374;12; ;361; ;3;29;102;130;122;128;142;154;150;151;166;162;225;202;184;154;169;12; ;170;0;1;0;0;0;0;0;38;41;33;15;0;0; ; ; ; ; ;1; ; ;2; ;1;2;1;2;48;55;49;28;13;2;0;1;4;14;13;13;13;14;13;13;13;13;13;18;17;18;17;17;1;0;1;0; ;0
Santa Fe;ROSARIO;Estatal;Rural; ; ; ;15;107;122;175;168;209;198;201;198;215;99;93;74;74;62; ; ;75; ; ; ;5;54;64;90;95;110;115;102;97;112;55;45;48;43;28; ; ;57;2;2;5;8;1;7;0;20;18;11;10;0; ; ; ; ; ; ; ;1;2;3;13;19;13;22;21;26;25;20;23;7; ;0;0;0;0;4;4;10;10;10;9;8;10;12;5;5;5;5;5;0;0;10;11;1;0
Santa Fe;ROSARIO;Estatal;Urbano;7;30;33;2644;7774;8910;10572;11618;12296;12812;13372;12946;12061;15404;12562;10704;8117;6287;1308; ;17114;3;19;16;1357;3978;4588;5519;5973;6322;6731;6886;6646;6240;8235;6589;5567;4081;3116;892; ;5058;327;512;567;478;369;299;91;3502;3395;2911;1400;283;2; ; ; ; ;4;11;61;511;1009;1388;1682;1737;1636;1470;5513;5318;4896;2911;1751;278;2;3;3;145;381;430;592;598;590;611;636;603;586;587;501;445;409;377;86;0;146;14; ;0
Santa Fe;ROSARIO;Privado;Urbano;3;31;673;2505;5689;6554;7211;7379;7559;7698;7924;7850;7457;8403;7982;7586;6925;6299;308; ;8842;1;15;341;1257;2855;3310;3530;3721;3845;3832;3986;3945;3628;4105;3837;3574;3287;2926;279; ;2851;6;19;18;19;25;13;10;479;524;607;319;17;0; ;2; ; ;8;9;15;31;65;88;115;134;145;159;760;873;982;715;308;12;0;2;53;141;286;310;301;299;298;292;296;292;287;281;277;281;274;273;15;0;22;19; ;0
Santa Fe;SAN CRISTOBAL;Estatal;Rural; ; ; ;126;198;229;237;257;271;286;300;259;241;229;232;169;160;119;9; ; ; ; ; ;66;94;111;116;133;147;145;152;157;118;115;106;78;71;46;5; ; ;4;10;6;7;2;3;2;42;41;30;21;2;0; ; ; ; ;3; ; ;7;11;8;16;17;18;33;81;68;55;52;29;1;0;0;0;5;10;10;13;12;13;14;16;11;13;7;6;9;9;11;1;0;60;96;28;0
Santa Fe;SAN CRISTOBAL;Estatal;Urbano; ; ;22;366;485;544;569;691;699;726;726;758;687;1035;850;691;567;458;126; ;531; ; ;11;197;242;280;297;363;340;350;369;379;343;542;437;375;280;229;77; ;105;5;7;20;4;1;9;1;280;249;195;93;35;0; ; ; ; ; ;3;1;6;12;32;14;19;28;40;392;363;311;223;142;18;0;0;2;22;27;32;39;42;39;41;37;37;38;38;34;33;30;27;10;0;12;10;7;0
Santa Fe;SAN CRISTOBAL;Privado;Urbano; ; ;97;136;184;193;218;205;180;195;215;249;181;216;226;201;168;174; ; ;308; ; ;55;59;108;96;103;109;88;91;117;131;96;99;85;96;67;74; ; ;51;0;0;1;0;0;0;0;8;28;16;3;0; ; ; ; ; ; ; ; ; ; ;2; ; ;1; ;10;35;23;15;9; ;0;0;5;7;10;10;10;11;10;9;10;11;8;9;9;9;9;9;0;0;0;0; ;0
Santa Fe;SAN JAVIER;Estatal;Rural; ; ; ;72;76;87;116;106;99;124;124;121;113;57;39;41;25;25; ; ; ; ; ; ;35;40;32;62;57;51;70;63;63;65;26;20;20;14;12; ; ; ;2;1;4;2;2;1;0;16;8;9;3;0; ; ; ; ; ; ; ; ;3;1;4;10;6;6;3;22;10;14;4;4; ;0;0;0;3;0;3;6;3;5;5;6;6;6;4;4;4;4;4;0;0;21;32;2;0
Santa Fe;SAN JAVIER;Estatal;Urbano; ; ; ;199;308;311;331;328;362;354;382;346;293;494;431;335;234;177;16; ;329; ; ; ;100;158;165;177;164;172;193;192;161;148;249;248;177;109;77;12; ;47;1;4;11;3;2;0;0;146;149;79;42;8;0; ; ; ; ; ;1; ;1;8;20;13;14;13;4;188;193;126;76;52;2;0;0;0;11;14;16;17;18;16;17;19;17;17;20;17;15;14;13;2;0;6;1;1;0
Santa Fe;SAN JAVIER;Privado;Urbano; ; ; ;99;112;132;140;155;163;179;167;156;165;141;107;112;87;101; ; ;233; ; ; ;47;55;68;70;83;84;98;73;79;75;64;48;38;37;44; ; ;30;0;0;0;0;0;0;0;6;7;4;3;0; ; ; ; ; ; ; ; ; ;1; ;1;1;2; ;9;9;12;4;9; ;0;0;0;5;6;6;8;7;7;7;7;7;7;4;4;4;4;4;0;0;0;0; ;0
Santa Fe;SAN JERONIMO;Estatal;Rural; ; ;1;101;217;208;271;310;320;297;362;288;293;304;247;213;178;148; ; ; ; ; ;0;55;102;99;119;161;172;156;203;155;144;162;125;100;60;63; ; ; ;0;1;2;2;3;2;0;59;48;52;23;0; ; ; ; ; ; ; ; ; ;3;8;8;14;9;15;81;94;80;46;22; ;0;0;0;5;4;9;14;15;18;14;18;13;15;13;12;12;12;11;0;0;26;32; ;0
Santa Fe;SAN JERONIMO;Estatal;Urbano; ; ;75;308;627;716;746;880;898;949;921;920;877;1197;953;822;575;475;187; ;968; ; ;43;150;331;395;394;457;461;484;457;494;450;647;474;419;270;233;116; ;226;0;10;4;7;8;1;0;309;239;199;51;6;0; ; ; ;1;1;1;1;2;16;14;20;25;19;23;372;327;313;128;80;20;0;0;2;12;7;7;45;44;46;48;45;45;42;42;37;35;34;35;8;0;68;3;2;0
Santa Fe;SAN JERONIMO;Privado;Urbano; ; ; ;79;130;149;131;117;141;115;119;125;114;206;193;196;138;140; ; ;139; ; ; ;44;66;71;65;60;64;59;51;46;58;109;74;100;53;55; ; ;43;0;0;0;0;0;0;0;24;18;24;10;0; ; ; ; ; ; ; ; ; ; ;1; ; ;1; ;33;25;35;22;6; ;0;0;0;5;7;7;7;7;7;6;6;5;5;7;7;7;7;7;0;0;0;1; ;0
Santa Fe;SAN JUSTO;Estatal;Rural; ; ; ;160;177;192;217;195;218;202;225;194;196;165;151;128;93;76;6; ; ; ; ; ;87;94;91;113;131;98;103;119;95;94;93;68;66;40;27;5; ; ;0;0;3;0;0;0;0;46;34;25;6;0;0; ; ; ; ; ; ; ; ; ;4;1;2;8;7;52;50;39;24;12;1;0;0;0;10;10;10;14;13;11;12;12;9;9;10;10;10;10;9;1;0;18;36; ;0
Santa Fe;SAN JUSTO;Estatal;Urbano;4;15;60;268;308;350;376;377;388;441;446;468;384;602;471;381;335;356;141; ;1115;1;5;26;146;152;171;181;178;184;216;241;218;193;342;246;207;171;169;82; ;288;3;6;14;8;6;4;2;157;139;104;52;12;0; ; ; ; ; ; ;1;6;6;15;15;23;34;21;235;198;183;114;159;15;2;2;4;18;15;18;19;19;19;21;21;21;19;21;20;15;15;16;6;0;6;0; ;0
Santa Fe;SAN JUSTO;Privado;Urbano; ; ; ;63;79;68;96;88;84;102;112;97;90;105;99;122;87;63; ; ;26; ; ; ;37;43;30;45;39;37;57;57;50;49;57;52;59;37;31; ; ;15;0;0;0;0;0;0;0;1;3;10;1;0; ; ; ; ; ; ; ; ; ; ; ; ; ; ; ;1;4;10;4;1; ;0;0;0;4;4;3;4;4;4;4;4;4;4;4;4;4;4;4;0;0;1;2; ;0
Santa Fe;SAN LORENZO;Estatal;Rural; ; ; ;17;47;84;118;125;152;135;159;162;133;49;38;39;37;27; ; ; ; ; ; ;7;24;37;57;57;76;65;77;85;68;24;16;18;21;17; ; ; ;0;3;2;2;0;1;0;1;2;1;4;0; ; ; ; ; ; ; ;1; ;5;9;11;7;15;12;4;4;11;9;2; ;0;0;0;1;2;7;7;7;8;7;8;7;7;2;2;2;2;2;0;0;3;3; ;0
Santa Fe;SAN LORENZO;Estatal;Urbano; ; ;13;425;1572;1876;2171;2206;2357;2463;2592;2535;2469;3167;2568;2338;1817;1441;436; ;2576; ; ;8;211;810;931;1122;1131;1221;1235;1348;1309;1241;1666;1424;1252;970;690;278; ;945;38;55;80;64;47;53;20;682;570;586;266;113;0; ; ; ; ; ;6;5;70;91;156;167;158;207;209;940;871;853;528;384;65;0;0;1;26;77;95;103;100;105;112;110;106;108;113;101;88;77;70;21;0;18;6; ;0
Santa Fe;SAN LORENZO;Privado;Urbano; ; ;17;164;518;656;725;735;766;768;714;760;723;780;770;715;661;601;31; ;370; ; ;8;68;265;327;358;356;386;390;345;377;373;365;349;333;260;235;17; ;74;0;0;2;0;2;2;2;34;35;48;19;1;0; ; ; ; ; ;1;2;2;4;4;6;5;5;12;51;59;77;50;25;3;0;0;1;8;22;29;31;29;29;30;27;28;28;30;30;24;24;23;2;0;3;3; ;0
Santa Fe;SAN MARTIN;Estatal;Rural; ; ; ;50;124;94;115;115;115;139;142;146;127;148;148;112;85;72;7; ; ; ; ; ;24;62;50;60;65;53;70;67;67;66;80;77;59;41;37;2; ; ;1;0;2;1;0;1;0;37;32;8;5;0;0; ; ; ; ; ; ; ;2;1;2;1;1;7;4;56;49;28;14;6;1;0;0;0;2;6;6;6;6;8;8;6;7;7;9;8;8;8;8;1;0;19;25; ;0
Santa Fe;SAN MARTIN;Estatal;Urbano; ; ; ;357;583;580;646;726;714;723;751;754;758;642;483;440;330;327;109; ;612; ; ; ;192;288;302;312;372;371;350;381;409;383;347;249;228;164;132;56; ;92;3;10;9;8;1;4;3;202;122;106;43;12;0; ; ; ; ; ; ; ;3;12;16;17;9;19;20;243;179;159;89;95;4;0;0;0;22;35;32;38;37;36;40;37;36;39;26;22;19;17;18;5;0;6;9; ;0
Santa Fe;SAN MARTIN;Privado;Urbano; ; ;20;100;118;107;127;123;136;133;128;131;119;411;351;308;280;225; ; ; ; ; ;7;37;56;48;59;63;79;61;70;71;51;199;152;139;123;100; ; ; ;0;0;0;0;0;0;0;33;35;28;6;1; ; ; ; ; ; ;1; ; ; ; ; ; ; ; ;42;59;44;23;25; ;0;0;1;6;6;5;6;5;6;5;6;6;5;15;15;14;13;13;0;0;0;0; ;0
Santa Fe;VERA;Estatal;Rural; ; ; ;147;161;178;228;207;221;253;260;267;183;235;250;164;152;124; ; ; ; ; ; ;67;73;88;115;112;117;136;151;139;94;118;150;86;64;55; ; ; ;3;6;7;2;3;7;0;40;51;32;24;0; ; ; ; ; ;1;1; ;3;9;12;10;15;17;20;61;93;52;42;17; ;0;0;0;7;8;7;13;8;11;11;11;11;10;14;13;11;10;11;0;0;38;76;5;1
Santa Fe;VERA;Estatal;Urbano; ; ; ;203;467;489;516;620;573;568;586;555;511;680;525;428;304;308;69; ;1417; ; ; ;93;243;245;243;329;272;295;307;279;283;371;258;201;155;150;46; ;289;9;12;31;19;12;13;6;224;177;126;45;7;0; ; ; ; ;1;2; ;16;28;44;34;34;45;50;284;234;172;106;119;3;0;0;0;11;22;22;26;30;28;28;30;27;30;25;22;19;17;18;5;0;20;17;2;0
Santa Fe;VERA;Privado;Rural; ; ; ; ;18;20;26;20;27;20;26;25;50;80;47;48;45;35; ; ; ; ; ; ; ;5;10;13;10;6;8;13;12;26;47;32;34;26;15; ; ; ;0;0;0;0;0;0;0;5;4;1;3;0; ; ; ; ; ; ; ; ; ; ;1; ; ; ; ;9;7;4;8;3; ;0;0;0;0;1;1;1;1;1;1;1;1;3;3;3;3;3;3;0;0;0;0; ;0
Santa Fe;VERA;Privado;Urbano; ; ;19;79;79;129;162;149;164;162;156;157;153;239;230;209;189;167; ; ;542; ; ;8;34;42;63;79;83;86;71;78;80;75;115;108;103;83;73; ; ;222;0;0;2;0;0;0;0;19;38;35;24;1; ; ; ; ; ; ;1; ; ;1;2;1; ; ; ;39;63;69;52;30; ;0;0;2;4;4;6;7;6;6;6;6;6;6;10;9;9;9;9;0;0;1;2; ;0
Santiago del Estero;AGUIRRE;Estatal;Rural; ; ; ;31;30;41;29;48;38;52;47;49;39;66;42;42;24;32;8; ; ; ; ; ;14;9;22;14;25;15;33;28;22;21;29;23;21;10;15;3; ; ;0;2;1;2;0;0;0;3;3;1;2;1;0; ; ; ; ; ; ; ; ;2;1;3; ; ; ;23;20;16;7;10;6;0;0;0;1;1;2;1;2;2;2;2;1;1;3;2;3;3;3;1;0;6;12;2;0
Santiago del Estero;ALBERDI;Estatal;Rural; ; ; ;75;104;132;115;136;137;138;155;131;144;36;23;15;14;8; ; ; ; ; ; ;40;50;74;55;71;65;67;81;65;80;20;14;6;7;3; ; ; ;0;3;6;5;2;2;0;4;2;1;1;0; ; ; ; ; ;2;2;4;1;5;7;6;10;4;6;8;5;3;1; ; ;0;0;0;1;2;2;2;2;2;2;2;2;2;2;2;1;1;1;0;0;25;58;2;0
Santiago del Estero;ALBERDI;Estatal;Urbano; ; ; ;22;180;249;274;249;296;291;259;251;229;195;189;187;166;142; ; ;95; ; ; ;10;93;139;131;134;152;143;126;113;112;103;83;86;77;64; ; ;28;0;8;31;16;12;18;10;18;31;12;0;0; ; ; ; ; ; ; ; ;10;12;77;56;44;47;42;52;45;64;46;46; ;0;0;0;2;8;9;12;11;13;13;11;10;10;8;7;5;5;4;0;0;2;0; ;0
Santiago del Estero;ATAMISQUI;Estatal;Rural; ; ; ;80;128;139;137;146;164;182;158;160;180;165;134;95;76;58; ; ;85; ; ; ;42;68;70;68;75;98;85;75;75;93;82;69;45;31;30; ; ;23;0;1;6;6;9;12;4;4;0;2;0;0; ; ; ; ; ; ;2;5;12;5;19;24;24;33;31;57;28;26;25;18; ;0;0;0;1;4;9;9;8;9;8;7;6;7;9;9;5;5;4;0;0;19;29;2;0
Santiago del Estero;AVELLANEDA;Estatal;Rural; ; ; ;193;290;314;363;404;445;457;423;411;411;364;366;249;212;206; ; ;133; ; ; ;97;145;160;163;214;246;226;215;219;201;178;194;101;77;98; ; ;34;1;18;27;42;26;37;32;41;69;33;6;3; ; ; ; ; ; ; ; ;6;24;52;88;42;78;81;110;158;104;47;75; ;0;0;0;6;8;10;18;16;18;16;16;15;13;20;18;10;9;9;0;0;25;78;8;0
Santiago del Estero;BANDA;Estatal;Rural; ; ; ;371;528;654;704;714;753;741;772;692;669;527;448;367;326;235;62; ; ; ; ; ;195;267;329;354;375;403;401;397;356;337;266;217;158;130;86;27; ; ;0;19;64;36;60;40;33;29;37;14;4;5;0; ; ; ; ;18;6;10;48;77;124;144;172;146;126;158;152;100;59;44;7;0;0;0;19;26;38;35;29;36;28;28;28;30;28;28;14;13;11;3;0;43;80;7;1
Santiago del Estero;BANDA;Estatal;Urbano; ;8;38;1421;1574;1888;2191;2156;2326;2203;2344;2184;2050;1867;1816;1614;1402;1120;298; ;2277; ;4;20;708;809;960;1084;1110;1212;1162;1206;1121;1046;919;886;746;660;512;159; ;803;22;84;110;102;67;62;56;92;116;73;51;10;0; ; ; ; ; ;11;13;119;176;309;311;259;286;275;390;455;508;298;243;35;0;1;3;82;92;104;97;95;98;92;98;93;86;66;61;48;48;43;14;0;19;4; ;0
Santiago del Estero;BANDA;Privado;Urbano; ; ;30;170;163;176;284;264;281;257;275;224;265;480;491;413;372;357; ; ;407; ; ;13;84;81;89;153;129;150;136;134;125;111;225;219;186;158;159; ; ;147;0;0;0;0;0;0;0;5;25;17;9;8; ; ; ; ; ; ; ; ; ; ; ; ; ;8;10;66;66;46;35;38; ;0;0;2;8;9;9;10;10;10;10;10;10;10;14;15;12;12;12;0;0;1;0;2;0
Santiago del Estero;CAPITAL;Estatal;Rural; ; ; ;172;160;228;287;292;321;303;328;258;287;189;204;155;128;105; ; ; ; ; ; ;78;74;119;145;153;167;163;161;133;144;93;96;74;57;58; ; ; ;0;12;23;19;14;6;9;22;39;20;2;3; ; ; ; ; ; ; ; ;4;21;26;30;42;37;47;62;77;57;33;34; ;0;0;0;7;5;12;13;12;11;11;14;11;10;6;6;9;9;9;0;0;28;46;24;0
Santiago del Estero;CAPITAL;Estatal;Urbano; ; ; ;2666;2912;3350;3170;3263;3367;3407;3661;3374;3215;4070;3797;3108;2558;2179;315; ;4524; ; ; ;1318;1469;1667;1609;1618;1697;1746;1848;1723;1659;2087;1953;1491;1207;1018;212; ;1469;20;114;170;152;133;101;48;631;564;283;103;63;3; ; ; ; ;66;76;58;151;279;371;455;444;414;321;1400;1280;1059;728;804;95;0;0;0;152;162;181;145;153;151;155;159;152;144;142;134;102;94;84;15;0;47;3;2;0
Santiago del Estero;CAPITAL;Privado;Urbano; ;2;301;737;771;895;1633;1678;1727;1708;1816;1710;1718;1949;1893;1794;1728;1643; ; ;3646; ;1;154;368;364;456;832;785;849;822;916;863;856;967;864;837;813;774; ; ;1150;0;2;5;3;7;5;1;38;59;47;16;20; ; ; ; ; ; ;3; ; ;2;10;5;13;16;3;87;138;130;151;197; ;0;0;13;52;51;55;64;64;64;62;63;61;61;72;66;62;61;61;0;0;5;0; ;0
Santiago del Estero;CHOYA;Estatal;Rural; ; ; ;108;126;126;148;156;160;156;159;129;156;132;161;140;140;104; ; ; ; ; ; ;57;64;62;69;94;90;89;87;56;81;72;84;63;67;44; ; ; ;0;4;14;10;9;5;3;10;9;4;15;0; ; ; ; ; ; ; ; ;2;5;18;18;20;13;19;35;60;43;41;26; ;0;0;0;3;5;7;6;6;8;5;7;5;6;9;12;7;6;7;0;0;21;41;11;0
Santiago del Estero;CHOYA;Estatal;Urbano; ; ; ;277;269;275;361;374;411;419;415;401;381;425;400;380;253;270;81; ;954; ; ; ;154;149;154;190;203;188;229;220;197;187;232;211;193;113;140;48; ;235;0;6;24;13;11;18;18;29;34;32;16;9;3; ; ; ; ; ; ; ; ;21;50;57;55;57;44;89;108;121;42;33;10;0;0;0;14;9;11;25;21;25;23;26;24;23;16;14;13;11;11;5;0;17;3; ;0
Santiago del Estero;CHOYA;Privado;Urbano; ; ; ;74;117;125;149;146;147;162;161;166;179;146;149;164;140;147; ; ;133; ; ; ;39;57;60;78;77;62;78;93;84;92;75;74;77;66;70; ; ;29;0;0;0;0;1;0;0;1;2;0;0;1; ; ; ; ; ; ; ; ; ; ;2; ;1; ;1;2;7;6;9;10; ;0;0;0;5;8;9;6;6;6;6;6;6;6;5;5;5;5;5;0;0;0;0; ;0
Santiago del Estero;COPO;Estatal;Rural; ; ; ;55;140;131;214;221;223;198;223;221;212;146;156;126;108;92;28; ; ; ; ; ;31;72;65;117;111;123;109;125;109;105;65;94;61;39;44;13; ; ;0;9;12;6;3;11;6;6;12;3;3;3;2; ; ; ; ; ;8; ;3;13;21;23;23;31;28;36;44;29;24;13;8;0;0;0;2;4;3;8;5;4;6;6;6;6;7;7;4;4;4;2;0;16;74;8;0
Santiago del Estero;COPO;Estatal;Urbano; ; ; ;16;270;328;446;427;405;420;487;404;371;369;248;252;196;173; ; ;159; ; ; ;8;132;150;237;232;207;212;255;184;201;188;118;98;87;74; ; ;31;1;20;32;14;31;17;14;46;24;19;11;0; ; ; ; ; ; ; ; ;3;29;62;61;137;60;48;143;133;94;102;131; ;0;0;0;1;13;15;20;20;20;20;24;21;20;11;11;8;7;5;0;0;0;0; ;0
Santiago del Estero;Enmascarado;Estatal;Rural; ; ; ;1;30;33;31;36;46;40;39;22;29;32;27;23;24;23; ; ; ; ; ; ;1;17;23;12;14;23;15;16;17;15;15;13;13;12;8; ; ; ;1;1;2;2;2;2;1;11;3;3;2;4; ; ; ; ; ; ; ; ;1;2;10;10;7;7;4;23;7;5;8;10; ;0;0;0;0;2;3;2;2;2;2;3;2;2;3;3;3;3;3;0;0;2;6; ;0
Santiago del Estero;Enmascarado;Estatal;Urbano; ; ; ;375;635;779;896;913;838;853;864;836;822;764;668;590;475;390;95;29;1158; ; ; ;191;325;376;473;475;418;437;438;412;407;376;304;265;191;158;46;6;235;10;24;21;20;19;17;8;95;104;45;13;12;0;0; ; ; ; ; ; ;18;61;62;127;115;110;121;224;181;191;105;93;8;0;0;0;18;31;38;41;42;39;40;38;38;38;28;24;21;16;14;4;0;4;2; ;0
Santiago del Estero;Enmascarado;Privado;Rural; ; ; ; ;5;7;31;41;32;27;39;30;27;238;237;242;248;186;29; ;157; ; ; ; ;2;2;14;22;17;9;19;16;9;119;124;114;116;97;11; ;18;0;2;2;3;2;1;0;9;13;13;4;21;2; ; ; ; ; ;1;1; ;3;4;4;3;6;2;24;33;44;27;16;4;0;0;0;0;1;1;2;2;2;2;2;2;2;10;9;9;9;9;2;0;0;0; ;0
Santiago del Estero;Enmascarado;Privado;Urbano; ; ; ;37;153;198;240;233;242;253;237;251;222;964;906;820;673;662;47; ;561; ; ; ;22;65;100;127;113;119;128;122;116;98;445;384;377;286;271;29; ;128;0;0;2;4;3;0;1;18;32;26;11;7;0; ; ; ; ; ; ; ; ; ;2;5;5;1;4;81;92;75;52;69;10;0;0;0;2;8;10;9;9;9;9;9;9;9;32;32;29;29;27;4;0;2;0; ;0
Santiago del Estero;FIGUEROA;Estatal;Rural; ; ; ;216;287;265;409;395;376;354;440;361;399;451;300;342;251;230; ; ;258; ; ; ;108;160;144;195;208;162;181;210;200;206;224;137;152;110;109; ; ;42;1;18;18;20;20;20;18;7;11;4;0;0; ; ; ; ; ; ; ; ;7;25;21;43;59;58;65;182;107;148;57;68; ;0;0;0;9;10;12;17;18;17;14;16;15;17;12;12;13;11;12;0;0;38;88;13;0
Santiago del Estero;GENERAL TABOADA;Estatal;Rural; ; ; ;90;280;300;320;312;327;305;306;324;301;46;37;27;33;25; ; ; ; ; ; ;46;143;137;156;149;180;165;152;165;156;15;23;13;18;13; ; ; ;7;8;27;12;11;4;6;1;4;2;4;1; ; ; ; ; ; ; ; ;10;14;66;51;49;53;56;13;11;10;16;19; ;0;0;0;3;9;10;13;11;12;11;12;10;13;3;3;2;2;2;0;0;26;58; ;0
Santiago del Estero;GENERAL TABOADA;Estatal;Urbano; ; ; ; ;422;493;652;558;645;639;599;604;577;377;319;280;194;161;24; ;813; ; ; ; ;217;271;324;284;322;347;326;313;269;201;139;115;76;66;8; ;159;1;6;56;59;26;28;20;58;39;24;23;1;0; ; ; ; ; ; ; ;6;11;76;120;84;99;94;122;157;150;85;16;3;0;0;0;0;17;21;27;24;27;27;25;23;24;18;14;10;9;6;1;0;1;2; ;0
Santiago del Estero;GUASAYAN;Estatal;Rural; ; ; ;58;104;121;143;155;155;137;164;113;128;62;75;39;49;40;13; ;94; ; ; ;32;51;59;68;78;86;73;87;55;64;32;33;23;21;18;9; ;9;0;3;4;5;2;0;1;5;10;5;10;9;0; ; ; ; ; ; ; ; ;3;6;8;11;12;25;6;21;8;16;13; ;0;0;0;1;5;6;7;6;6;7;6;5;5;5;5;4;3;4;1;0;12;29;3;0
Santiago del Estero;JIMENEZ;Estatal;Rural; ; ; ;109;169;224;259;250;225;254;257;248;228;272;256;218;171;167; ; ; ; ; ; ;60;79;108;124;118;112;130;131;118;111;145;125;114;71;71; ; ; ;2;10;10;15;11;11;3;33;20;23;6;4; ; ; ; ; ; ; ; ;5;13;23;49;35;35;37;88;73;78;31;35; ;0;0;0;4;5;6;12;8;9;8;8;9;10;15;13;12;10;11;0;0;21;49;15;0
Santiago del Estero;JUAN F IBARRA;Estatal;Rural; ; ; ;115;161;173;211;230;210;176;232;226;221;151;143;177;128;109; ; ; ; ; ; ;63;85;90;114;111;109;95;123;113;115;73;68;88;53;43; ; ; ;2;14;9;3;10;6;10;16;5;11;6;4; ; ; ; ; ; ; ;1;3;19;20;28;33;33;34;29;18;40;25;18; ;0;0;0;6;8;10;8;7;7;5;8;8;6;8;9;7;6;7;0;0;17;46;2;0
Santiago del Estero;JUAN F IBARRA;Estatal;Urbano; ; ; ;117;161;142;168;165;160;157;201;180;198;152;152;151;159;126; ; ;507; ; ; ;62;85;71;70;84;85;75;102;102;97;63;78;69;73;63; ; ;134;0;3;3;3;1;3;2;2;8;2;0;0; ; ; ; ; ; ; ; ;13;9;4;7;1;3;2;28;20;34;31;20; ;0;0;0;7;9;7;9;9;9;7;8;8;10;5;6;6;6;6;0;0;2;0; ;0
Santiago del Estero;LORETO;Estatal;Rural; ; ; ;85;146;141;122;129;127;161;161;150;170;84;88;81;61;63; ; ; ; ; ; ;53;74;76;69;70;71;82;98;85;87;34;51;34;32;36; ; ; ;1;4;8;7;5;6;5;3;8;0;0;0; ; ; ; ; ; ;3; ;1;5;18;26;22;27;24;19;30;25;13;23; ;0;0;0;0;1;3;4;3;6;3;5;4;4;11;11;6;6;6;0;0;34;67;4;0
Santiago del Estero;LORETO;Estatal;Urbano; ; ; ;71;87;80;192;170;183;196;192;153;168;152;172;139;142;110;48; ;746; ; ; ;39;41;33;102;80;82;93;114;82;70;81;74;66;53;54;28; ;149;0;5;6;14;12;15;7;9;12;5;6;4;0; ; ; ; ; ; ; ;2;5;7;17;16;15;16;26;38;37;26;38; ;0;0;0;5;4;3;11;11;12;13;12;11;12;6;6;6;6;6;2;0;3;0; ;0
Santiago del Estero;MITRE;Estatal;Rural; ; ; ;7;10;23;24;16;13;18;28;17;18;27;23;27;31;28; ; ; ; ; ; ;3;3;10;15;8;5;9;15;11;9;16;8;12;13;16; ; ; ;0;1;0;0;1;0;0;0;0;0;0;0; ; ; ; ; ; ; ; ; ;1; ;2;3;2;1;9;5;9;13;11; ;0;0;0;1;1;1;1;2;2;3;1;2;2;3;3;3;3;3;0;0;4;6;1;0
Santiago del Estero;MORENO;Estatal;Rural; ; ; ;83;218;220;276;265;242;254;247;272;242;147;158;119;99;95; ; ; ; ; ; ;45;106;110;162;143;114;141;130;139;120;68;77;52;37;44; ; ; ;6;14;13;13;13;12;6;1;7;2;1;1; ; ; ; ; ; ; ; ;9;21;28;39;38;36;36;26;29;10;10;13; ;0;0;0;2;5;7;12;9;8;9;8;7;9;7;8;6;6;6;0;0;31;68;9;0
Santiago del Estero;MORENO;Estatal;Urbano; ; ; ;18;321;399;439;499;446;398;462;397;345;396;332;298;259;249;43; ;276; ; ; ;8;152;194;213;251;229;199;243;193;186;204;166;130;122;104;25; ;78;2;11;16;21;13;12;14;35;9;8;2;1;1; ; ; ; ; ; ; ;9;29;40;41;56;37;43;79;70;86;65;60;5;0;0;0;1;14;18;20;22;18;17;20;17;16;12;11;9;8;7;2;0;0;0; ;0
Santiago del Estero;MORENO;Privado;Urbano; ; ; ;33;67;62;128;128;141;130;125;130;129;206;190;193;185;145; ; ;154; ; ; ;15;33;32;58;58;73;65;66;67;64;92;85;84;78;55; ; ;18;0;0;0;0;0;0;0;6;5;7;0;0; ; ; ; ; ; ; ; ; ; ; ;3;1;17;8;6;4;8;1;1; ;0;0;0;2;3;3;4;4;5;4;4;4;6;7;7;6;6;6;0;0;0;0; ;0
Santiago del Estero;OJO DE AGUA;Estatal;Rural; ; ; ;53;43;56;58;63;60;51;58;69;57;10;8; ; ; ; ; ; ; ; ; ;22;22;28;29;32;27;28;30;34;27;4;5; ; ; ; ; ; ;0;1;1;1;1;0;3;1;1; ; ; ; ; ; ; ; ; ; ; ;3;2;3;4;2;1;7;2;1; ; ; ; ;0;0;0;0;1;3;1;1;1;1;1;0;0;0;0;0;0;0;0;0;22;43;3;0
Santiago del Estero;OJO DE AGUA;Estatal;Urbano; ; ; ;69;76;92;211;213;183;172;192;192;179;181;210;176;174;150; ; ;291; ; ; ;38;41;49;106;108;100;82;92;98;96;83;97;73;85;63; ; ;75;1;9;22;10;8;4;4;5;12;9;2;0; ; ; ; ; ; ; ; ;2;17;32;28;18;15;16;18;37;37;18;25; ;0;0;0;4;4;6;9;10;8;7;8;9;7;10;9;9;9;9;0;0;0;3; ;0
Santiago del Estero;PELLEGRINI;Estatal;Rural; ; ; ;166;244;267;310;356;332;310;377;336;340;342;330;307;220;177; ; ; ; ; ; ;79;129;128;157;164;160;164;206;156;192;179;157;142;97;81; ; ; ;0;17;11;5;9;5;14;25;18;24;3;2; ; ; ; ; ;7;4; ;3;23;26;29;43;29;44;89;61;81;46;36; ;0;0;0;6;8;10;14;14;14;14;16;20;17;14;17;9;8;7;0;0;39;80;15;0
Santiago del Estero;QUEBRACHOS;Estatal;Rural; ; ; ;50;61;67;98;112;104;107;94;100;105;18;17;19;18;9; ; ; ; ; ; ;23;25;24;61;59;56;54;52;57;53;8;8;8;7;3; ; ; ;0;9;6;13;12;21;16;0;0;1;0;0; ; ; ; ; ; ; ; ; ;11;8;18;14;24;25;4;3;5;6;4; ;0;0;0;1;2;1;3;0;1;2;2;1;3;1;0;1;1;1;0;0;21;50;3;0
Santiago del Estero;QUEBRACHOS;Estatal;Urbano; ; ; ;31;102;124;127;125;126;121;120;121;109;173;136;114;88;80;29; ;195; ; ; ;16;54;65;61;66;61;56;69;59;56;80;63;62;41;31;21; ;32;0;1;0;8;8;4;9;18;11;10;3;11;0; ; ; ; ; ; ; ; ;1; ;10;17;5;9;63;30;26;11;22;18;0;0;0;2;5;8;7;7;6;5;5;6;5;6;5;4;3;3;1;0;0;0; ;0
Santiago del Estero;RIO HONDO;Estatal;Rural; ; ; ;105;413;424;500;486;550;516;549;518;496;380;326;218;201;196; ; ; ; ; ; ;58;219;204;291;247;276;263;280;255;273;208;157;97;90;91; ; ; ;0;14;40;32;19;24;13;66;37;15;2;2; ; ; ; ; ; ; ; ;3;16;54;61;45;55;50;154;116;75;51;59; ;0;0;0;3;12;14;21;20;24;20;20;18;21;14;12;8;8;7;0;0;40;73;15;0
Santiago del Estero;RIO HONDO;Estatal;Urbano; ; ; ;158;534;554;612;641;612;628;702;619;632;648;639;482;465;382;43; ;369; ; ; ;80;266;264;313;330;328;338;332;323;306;329;320;223;214;161;34; ;112;0;14;23;18;14;14;0;91;76;59;48;31;0; ; ; ; ; ; ; ; ;20;51;61;55;69;59;129;110;85;60;43;13;0;0;0;5;22;29;26;27;25;24;26;24;23;20;19;14;14;14;2;0;8;0; ;0
Santiago del Estero;RIO HONDO;Privado;Urbano; ; ;28;90;136;125;116;116;118;113;114;106;117;141;130;119;98;107; ; ;223; ; ;12;46;59;73;54;60;65;54;50;50;52;59;61;43;38;47; ; ;58;0;0;0;0;0;0;0;6;5;4;1;1; ; ; ; ; ; ; ; ; ; ; ; ;1; ; ;8;9;8;6;1; ;0;0;2;5;7;6;4;4;4;4;4;4;4;5;4;4;4;4;0;0;0;0; ;0
Santiago del Estero;RIVADAVIA;Estatal;Rural; ; ; ;22;37;28;20;38;44;35;40;37;33;4;2;5;3;1; ; ; ; ; ; ;13;23;16;7;17;24;16;18;18;15;4;1;3;1;0; ; ; ;0;1;5;1;1;0;2;0;0;0;0;0; ; ; ; ; ; ; ; ; ;1;7;1;1;5;2;2; ;2;2; ; ;0;0;0;0;0;1;1;1;1;1;1;1;1;1;1;1;1;1;0;0;10;16; ;0
Santiago del Estero;ROBLES;Estatal;Rural; ; ; ;133;243;286;288;294;294;304;318;292;282;235;232;196;139;135;18; ; ; ; ; ;57;130;138;155;135;158;170;149;133;141;124;125;77;76;63;10; ; ;0;4;10;10;7;13;12;9;20;7;0;1;0; ; ; ; ; ; ; ;6;16;23;29;23;28;41;58;71;61;23;19;3;0;0;0;5;9;13;15;15;14;14;15;14;13;9;9;6;6;6;2;0;21;32;7;0
Santiago del Estero;ROBLES;Estatal;Urbano; ; ; ;128;442;494;729;652;673;714;710;616;571;753;680;584;461;356;72; ;727; ; ; ;64;221;242;373;338;369;372;337;314;275;398;313;257;205;148;42; ;149;3;12;24;40;14;23;23;160;107;63;29;12;0; ; ; ; ; ; ; ;19;25;57;76;132;107;59;197;193;142;110;70;17;0;0;0;6;22;25;28;28;28;31;28;25;24;26;23;18;16;12;2;0;4;4; ;0
Santiago del Estero;ROBLES;Privado;Urbano; ; ; ;36;45;61;56;65;74;60;59;55;69;122;125;109;104;91;19; ;52; ; ; ;15;25;38;25;29;35;32;41;32;33;61;58;52;46;35;12; ;8;0;0;0;0;0;0;0;2;7;2;0;0;0; ; ; ; ; ; ; ; ; ; ; ; ;1; ;3;11;5;4;13;2;0;0;0;2;3;3;3;3;3;3;3;3;3;5;4;4;4;4;1;0;0;0; ;0
Santiago del Estero;SALAVINA;Estatal;Rural; ; ; ;107;141;151;164;177;161;175;193;186;192;177;135;122;87;99; ; ; ; ; ; ;61;78;67;85;99;77;88;95;95;92;90;61;57;44;37; ; ; ;3;12;7;10;5;5;2;9;8;2;0;0; ; ; ; ; ; ; ; ;6;22;23;31;27;29;30;59;48;38;23;21; ;0;0;0;5;4;5;7;5;6;4;4;7;5;11;10;9;8;8;0;0;23;59;5;0
Santiago del Estero;SAN MARTIN;Estatal;Rural; ; ; ;68;176;206;172;194;182;209;202;209;213;235;182;132;142;129; ; ; ; ; ; ;30;88;105;88;108;87;113;107;105;109;128;84;49;55;54; ; ; ;3;15;16;15;22;13;18;28;8;7;2;2; ; ; ; ; ; ; ; ;16;18;25;46;37;35;48;57;37;26;26;35; ;0;0;0;4;4;4;11;9;9;9;7;7;11;11;12;6;6;6;0;0;21;42;5;0
Santiago del Estero;SARMIENTO;Estatal;Rural; ; ; ;10;18;18;29;23;37;31;37;38;37;16;16; ; ; ; ; ; ; ; ; ;5;11;10;16;15;20;13;20;17;16;6;10; ; ; ; ; ; ;0;0;2;1;2;0;0;1;0; ; ; ; ; ; ; ; ; ; ; ; ;1;5;3;3;4;1;1; ; ; ; ; ;0;0;0;0;1;1;1;1;1;1;1;1;1;4;4;0;0;0;0;0;7;15;2;0
Santiago del Estero;SILIPICA;Estatal;Rural; ; ; ;86;127;122;169;154;128;170;163;163;127;128;150;120;107;80; ; ; ; ; ; ;44;65;64;87;81;73;91;82;67;60;59;71;52;52;28; ; ; ;0;4;6;6;4;6;3;12;13;17;3;3; ; ; ; ; ; ; ; ;2;4;9;20;15;11;16;20;30;33;21;15; ;0;0;0;3;3;3;8;8;8;9;9;8;6;8;8;7;7;7;0;0;13;13;4;0
Tierra del Fuego;Enmascarado;Estatal;Rural; ; ;1;1;4;2;4;2;4;9;3;6;3;4;4;3;3;4; ; ; ; ; ;0;1;2;0;1;1;3;4;0;3;2;2;2;1;2;0; ; ; ;0;0;0;0;0;0;0;0;0;0;0;0; ; ; ; ; ; ; ; ; ; ; ; ; ; ; ; ; ; ;1; ; ;0;0;0;0;1;1;0;0;0;0;1;0;0;0;0;0;0;0;0;0;2;5;5;0
Tierra del Fuego;RIO GRANDE;Estatal;Urbano; ; ;141;517;712;843;989;983;1087;1049;1251;1230;1129;1208;1178;1189;1090;983;178;41;3893; ; ;77;265;363;477;515;510;549;503;636;627;582;626;647;634;568;527;123;29;1560;0;0;0;0;1;0;28;90;106;115;70;32;0;0; ; ; ; ; ; ;1;4;1;2;8;15;127;260;288;296;232;167;31;0;0;14;33;49;57;54;54;57;53;61;58;52;56;58;54;50;47;10;0;3;0; ;0
Tierra del Fuego;RIO GRANDE;Privado;Urbano; ; ;4;194;255;296;443;431;436;421;446;382;508;471;479;488;461;393;44; ;327; ; ;2;88;121;144;208;208;226;204;214;188;233;226;251;241;218;193;20; ;64;0;0;0;0;0;0;2;5;3;9;0;0;0; ; ; ; ; ; ; ; ; ;1;1;3; ;8;25;17;23;18;13;2;0;0;0;13;14;14;17;16;17;16;16;16;18;18;18;18;18;17;2;0;1;0; ;0
Tierra del Fuego;TOLHUIN;Estatal;Urbano; ; ;20;55;72;99;117;103;123;119;127;124;129;121;127;110;110;79; ;27;94; ; ;10;23;28;56;53;57;63;56;73;62;73;65;72;49;64;35; ;19;23;0;0;0;0;0;0;1;8;11;8;6;0; ;0; ; ; ; ; ; ; ; ;1;3;1;3;46;61;62;51;51;26; ;0;0;2;2;3;5;6;5;6;6;5;6;6;6;6;6;6;5;0;0;3;2; ;0
Tierra del Fuego;USHUAIA;Estatal;Urbano;2;10;138;339;511;653;809;840;939;965;1010;1023;849;928;944;913;891;823;172;57;2208;1;5;61;167;248;330;449;446;445;478;522;548;407;466;492;498;477;421;89;35;510;0;1;0;2;0;4;28;51;97;64;37;12;0;0; ; ; ; ; ; ; ;2;1;6;2;12;60;131;183;148;159;101;6;1;1;17;26;33;42;56;49;52;51;53;50;49;48;49;48;46;45;13;0;7;1;2;0
Tierra del Fuego;USHUAIA;Privado;Urbano; ; ;79;196;195;223;225;229;230;216;217;238;347;296;319;328;277;283; ; ; ; ; ;36;83;91;95;106;107;114;98;97;113;147;127;160;158;118;129; ; ; ;0;0;0;0;0;0;0;0;0;1;0;0; ; ; ; ; ; ; ; ; ; ; ; ; ; ;1;2;4;4;10;6; ;0;0;6;13;11;13;9;9;9;9;9;9;14;14;14;14;13;14;0;0;0;0; ;0
Tucumán;BURRUYACU;Estatal;Rural; ; ; ;223;532;564;586;655;662;659;766;762;801;829;801;723;612;524;9; ;281; ; ; ;104;254;268;291;329;346;345;400;400;397;456;396;359;294;245;5; ;45;0;2;7;5;2;12;65;99;87;50;27;6;0; ; ; ; ; ; ;1;1;2;7;11;15;27;117;152;152;127;95;70;1;0;0;0;7;13;15;26;24;24;27;28;27;29;29;27;28;27;26;1;0;43;81;38;3
Tucumán;CAPITAL;Estatal;Urbano;11;75;76;1905;4306;5455;6230;6493;6711;6995;7581;7462;6919;6993;6424;5613;5077;4455;660; ;8475;6;51;42;939;2195;2771;3150;3351;3409;3518;3810;3811;3698;3689;3249;2841;2542;2133;528; ;2417;1;38;92;96;72;43;447;602;395;322;144;35;17; ;7;24; ;1;1;23;29;61;142;240;249;210;1005;1320;1194;1051;730;508;135;3;7;6;97;192;244;289;275;286;282;300;298;248;243;238;213;198;191;28;0;32;0; ;0
Tucumán;CAPITAL;Privado;Urbano;38;171;541;1571;2472;2443;2793;2817;2916;2853;2952;3022;4449;4297;4153;3828;3804;3512;84; ;9075;19;91;296;791;1244;1232;1431;1446;1495;1462;1472;1457;2085;1939;1920;1813;1737;1646;84; ;2573;0;0;3;6;4;2;60;85;59;59;19;9;0; ; ; ; ; ;9;13;14;11;16;16;28;17;177;234;322;352;262;141; ;5;18;41;87;131;123;113;113;116;114;111;113;147;141;138;137;135;134;3;0;71;1; ;0
Tucumán;CHICLIGASTA;Estatal;Rural; ; ; ;77;210;238;290;312;316;359;373;330;336;332;278;255;226;182;11; ; ; ; ; ;43;111;124;144;163;155;187;193;174;163;171;135;118;106;86;6; ; ;0;1;7;5;2;2;35;55;29;21;10;4;0; ; ; ; ; ; ; ; ;1;8;5;3;5;66;99;73;56;35;31;1;0;0;0;1;6;8;17;15;15;15;15;16;13;12;12;12;11;11;1;0;17;29;8;0
Tucumán;CHICLIGASTA;Estatal;Urbano; ; ;28;224;649;778;822;920;870;900;997;947;1031;1070;874;800;674;606;149; ;1083; ; ;13;122;339;365;436;469;448;483;503;472;552;557;453;395;310;279;102; ;356;0;3;4;3;4;0;75;86;60;64;37;7;1; ; ; ;4; ; ;1; ;3;4;8;9;6;146;189;116;134;113;44;11;0;0;1;9;28;35;41;42;39;40;42;43;41;37;35;34;34;30;7;0;2;0; ;0
Tucumán;CHICLIGASTA;Privado;Urbano; ; ;18;86;198;213;193;206;206;228;238;226;323;280;262;282;225;246; ; ;870; ; ;10;36;95;109;94;97;97;119;103;118;143;139;112;133;95;118; ; ;164;0;0;0;0;0;0;1;2;5;3;1;1; ; ; ; ; ; ; ; ; ; ;2;4;1;1;2;8;7;10;7;5; ;0;0;0;2;8;8;8;7;7;7;7;7;9;9;9;8;8;8;0;0;4;0; ;0
Tucumán;CRUZ ALTA;Estatal;Rural; ; ; ;203;520;623;462;550;504;518;618;575;410;439;368;373;311;260;15; ; ; ; ; ;114;251;312;253;276;267;273;318;284;209;222;186;191;154;98;6; ; ;0;0;1;4;4;2;45;52;38;30;9;8;0; ; ; ; ; ; ; ;1; ;6;15;18;13;77;91;78;88;53;35; ;0;0;0;8;15;19;26;20;19;21;26;28;18;17;16;14;13;13;1;0;31;48;12;1
Tucumán;CRUZ ALTA;Estatal;Urbano; ;1;37;744;1783;2078;2396;2503;2530;2629;2827;2758;2295;2318;1889;1636;1443;1160;141; ;766; ;0;19;386;936;1080;1197;1305;1319;1358;1470;1398;1247;1178;897;797;679;506;84; ;140;1;2;25;9;28;13;258;312;232;145;86;22;0; ; ; ; ; ; ; ;4;11;41;36;92;74;495;587;515;385;290;143;15;0;0;2;40;75;83;95;98;96;96;96;94;76;72;66;59;57;54;8;0;6;3; ;0
Tucumán;CRUZ ALTA;Privado;Urbano; ;6;90;220;556;552;751;735;766;744;758;747;1086;1047;952;961;771;763;153; ;709; ;4;46;111;289;266;418;375;376;374;395;363;545;517;482;474;395;386;148; ;84;0;1;1;1;0;1;4;17;10;9;3;0;0; ; ; ; ; ; ;1;1;1;1;2;3;6;74;82;63;96;58;61; ;0;0;4;10;22;22;26;25;26;23;22;23;30;28;25;23;21;21;3;0;12;0; ;0
Tucumán;Enmascarado;Estatal;Urbano; ; ; ;116;275;274;310;299;276;339;363;337;248;282;274;218;226;189;115; ;1166; ; ; ;58;141;123;140;161;131;172;182;162;132;124;133;98;105;87;56; ;461;0;0;0;0;1;0;9;12;11;4;0;0;0; ; ; ; ; ; ;1; ; ; ;2;1;2;45;40;49;31;36;28;15;0;0;0;7;12;12;14;14;14;14;14;15;12;12;12;9;9;8;5;0;0;0; ;0
Tucumán;Enmascarado;Privado;Rural; ; ;26;7;106;105;134;144;146;167;153;152;203;186;198;201;184;172;16; ; ; ; ;14;5;55;58;62;76;85;94;71;74;81;85;85;100;76;75;10; ; ;0;0;2;1;1;1;0;0;0;0;1;0;0; ; ; ; ; ; ; ;1; ;3;2;1;1;3;4;4;2;3;5;1;0;0;0;1;5;6;8;6;5;6;5;5;6;6;6;6;6;6;1;0;4;6;2;0
Tucumán;Enmascarado;Privado;Urbano; ; ; ;15;40;56;119;129;138;149;146;131;243;184;174;163;156;130; ; ;950; ; ; ;5;17;30;64;59;62;62;71;58;91;68;90;77;62;54; ; ;312;0;0;0;0;0;0;0;2;2;0;2;1; ; ; ; ; ; ; ; ; ; ; ; ; ; ; ;6;7;13;16;11; ;0;0;0;0;1;3;6;6;6;5;5;5;7;5;6;5;5;5;0;0;4;1; ;0
Tucumán;FAMAILLA;Estatal;Rural; ; ; ;71;133;134;151;176;170;172;196;198;249;229;224;162;141;132;32; ;767; ; ; ;38;65;56;86;80;79;85;101;100;140;105;105;90;65;64;15; ;154;0;0;0;0;0;1;27;22;11;6;4;2;0; ; ; ; ; ; ; ; ; ; ;2;1;2;42;48;49;23;13;24; ;0;0;0;1;4;5;6;7;7;8;8;7;8;8;7;8;7;5;1;0;10;22;8;2
Tucumán;FAMAILLA;Estatal;Urbano;1;3;9;91;356;400;448;446;440;470;483;475;389;422;407;352;363;263;83; ;307;0;2;6;39;185;194;217;237;228;262;247;229;213;223;195;169;162;116;66; ;39;0;3;7;5;1;1;28;43;42;35;9;7;0; ; ; ; ; ; ; ; ;3;9;12;4;4;116;118;120;108;111;28;10;0;0;0;4;14;16;21;22;20;19;21;19;15;14;13;12;12;9;2;0;2;0; ;0
Tucumán;FAMAILLA;Privado;Urbano; ; ; ; ;52;60;104;101;91;101;97;93;89;93;82;67;74;55; ; ;165; ; ; ; ;27;32;68;59;47;45;49;44;42;39;35;30;26;27; ; ;86;0;0;0;0;0;0;0;0;0;0;0;0; ; ; ; ; ; ; ; ; ; ; ; ; ; ; ;1;1; ; ;4; ;0;0;0;0;3;3;4;4;4;4;3;3;2;2;2;2;2;2;0;0;0;0; ;0
Tucumán;GRANEROS;Estatal;Rural; ; ; ;61;97;84;105;120;116;105;138;121;126;129;139;133;127;100; ; ; ; ; ; ;33;45;38;51;55;54;54;77;60;75;62;82;74;66;52; ; ; ;0;0;0;1;1;3;14;18;13;12;11;2; ; ; ; ; ; ; ; ;1; ;1;4;2;5;26;28;21;24;21;11; ;0;0;0;0;1;2;6;5;6;4;3;5;5;5;5;5;5;5;0;0;15;39;20;9
Tucumán;GRANEROS;Estatal;Urbano; ; ; ;44;86;96;117;100;117;100;123;123;102;94;85;78;74;70; ; ;479; ; ; ;26;39;52;56;58;57;40;56;70;51;48;46;42;35;36; ; ;169;0;0;0;0;0;0;5;5;5;4;1;0; ; ; ; ; ; ; ; ; ; ; ; ; ; ;10;9;10;10;3;13; ;0;0;0;2;4;4;5;4;4;4;5;5;5;4;4;4;4;4;0;0;0;0; ;0
Tucumán;JUAN B ALBERDI;Estatal;Rural; ; ; ;24;141;113;201;187;190;200;233;226;197;169;184;128;148;126;36; ; ; ; ; ;12;56;61;96;94;89;111;119;120;122;93;104;57;86;65;19; ; ;0;2;1;2;1;0;13;17;21;11;8;1;0; ; ; ; ; ; ; ;1;2;3;5;4;4;24;31;33;28;29;9;5;0;0;0;0;4;5;12;10;11;10;10;11;7;7;7;7;6;6;2;0;8;12;7;1
Tucumán;JUAN B ALBERDI;Estatal;Urbano; ;2;13;299;339;320;364;324;320;327;354;382;399;417;354;358;302;283;122; ;561; ;1;4;161;181;151;186;165;188;154;196;191;204;221;173;194;133;113;70; ;156;0;1;2;3;11;5;26;62;41;28;16;1;0; ; ; ; ; ; ; ;1;1;2;3;11;6;36;85;74;65;43;30;5;0;0;0;15;16;16;15;14;14;14;15;15;17;15;15;15;14;11;2;0;1;0; ;0
Tucumán;JUAN B ALBERDI;Privado;Urbano; ; ; ;23;33;33;56;50;47;46;62;58;62;53;69;73;54;51; ; ;201; ; ; ;12;13;16;29;24;21;24;31;28;33;24;36;36;26;21; ; ;19;0;0;0;0;0;0;0;0;0;0;0;0; ; ; ; ; ; ; ; ; ; ; ; ; ; ; ; ; ; ;1; ; ;0;0;0;2;2;2;2;2;2;2;2;2;2;2;2;2;2;2;0;0;0;0; ;0
Tucumán;LA COCHA;Estatal;Rural; ; ; ;73;183;193;246;196;241;227;268;258;253;298;300;225;224;208;29; ; ; ; ; ;34;96;114;127;102;126;117;141;121;131;166;164;111;97;105;14; ; ;0;1;2;0;1;0;15;30;31;10;13;8;0; ; ; ; ; ; ; ; ;1;3;1;7;1;36;49;71;29;39;37;2;0;0;0;2;4;6;15;13;14;13;13;15;16;14;12;12;11;11;1;0;11;8; ;0
Tucumán;LEALES;Estatal;Rural; ; ;2;236;477;563;594;638;638;631;694;690;638;647;649;620;530;514;85; ;215; ; ;1;118;243;285;288;339;321;326;346;357;334;360;339;308;283;232;51; ;24;1;5;3;3;0;6;28;59;50;38;30;5;1; ; ; ; ; ; ; ;1;5;4;7;7;11;55;99;116;124;77;76;9;0;0;0;8;8;13;31;26;27;29;27;26;27;27;26;26;25;24;3;0;58;93;31;1
Tucumán;LEALES;Estatal;Urbano; ; ; ;76;174;189;195;226;213;247;250;225;293;332;269;249;212;191;74; ;179; ; ; ;35;83;109;96;96;131;133;112;126;156;177;128;129;104;94;41; ;46;0;1;0;2;0;0;20;48;27;22;5;1;0; ; ; ; ; ; ; ; ;1; ;2;1; ;30;93;59;79;38;34;13;0;0;0;4;6;8;9;9;9;10;10;9;11;11;11;9;9;9;3;0;1;3; ;0
Tucumán;LEALES;Privado;Urbano; ; ; ; ;42;65;76;95;79;92;106;82;126;129;138;128;125;132;33; ;110; ; ; ; ;21;30;35;42;33;47;42;36;62;52;65;53;56;68;27; ;9;0;0;0;0;0;0;1;3;2;0;0;0;0; ; ; ; ; ; ; ; ; ; ; ; ; ;2;3;6;3;1;4; ;0;0;0;0;2;3;3;3;3;3;3;3;4;4;4;5;5;5;1;0;0;0; ;0
Tucumán;LULES;Estatal;Rural; ; ; ;41;173;181;232;207;239;223;255;230;223;231;199;180;128;138; ; ; ; ; ; ;17;96;94;128;109;126;106;138;125;115;121;95;89;74;61; ; ; ;0;1;0;0;0;0;14;29;20;10;8;6; ; ; ; ; ; ; ; ;2;1;1;3;5;7;34;57;42;58;18;31; ;0;0;0;0;3;6;10;10;11;11;11;10;9;8;8;8;7;8;0;0;11;10;2;1
Tucumán;LULES;Estatal;Urbano; ;7;16;271;670;786;879;852;911;891;978;1010;818;909;809;665;593;497;117; ;285; ;4;9;139;346;414;453;443;485;433;478;508;464;511;453;345;289;258;91; ;46;0;7;15;8;4;4;46;118;55;24;22;13;0; ; ; ; ; ; ;4;1;10;19;23;19;19;108;189;156;125;97;75;3;0;0;0;13;25;31;42;35;38;37;39;39;31;30;27;23;22;21;5;0;9;0; ;0
Tucumán;LULES;Privado;Urbano; ; ; ;27;72;112;130;148;147;156;153;158;399;378;357;293;294;310;59; ;83; ; ; ;15;33;58;59;78;78;84;66;72;175;164;153;133;138;120;22; ;4;0;0;0;0;0;0;3;3;9;4;3;0;0; ; ; ; ; ; ; ; ; ; ; ; ; ;10;22;24;14;19;25;1;0;0;0;2;5;6;6;7;6;6;6;6;12;12;11;11;10;9;1;0;0;0; ;0
Tucumán;MONTEROS;Estatal;Rural; ; ; ;108;248;340;196;200;201;241;250;220;185;185;177;151;145;136; ; ; ; ; ; ;64;133;171;108;108;96;125;122;120;103;113;102;73;66;63; ; ; ;1;1;2;1;1;3;19;17;15;16;8;4; ; ; ; ; ; ; ; ;1;1;3;7;5;12;27;37;34;29;33;23; ;0;0;0;4;8;12;11;10;10;11;11;11;9;9;9;9;9;9;0;0;20;30;5;1
Tucumán;MONTEROS;Estatal;Urbano; ; ;126;471;620;694;814;853;867;889;1029;932;1047;1083;1054;905;841;708;217; ;2463; ; ;60;252;322;356;394;432;458;446;514;458;529;555;548;467;377;343;151; ;550;0;3;8;20;10;6;77;108;109;65;25;11;1; ; ; ; ; ; ; ;2;3;8;24;10;7;154;257;276;204;188;112;16;0;0;8;23;26;32;40;39;41;40;46;41;46;40;39;34;31;30;8;0;7;0; ;0
Tucumán;RIO CHICO;Estatal;Rural; ; ; ;34;130;139;156;162;153;160;190;183;140;143;138;145;109;126; ; ; ; ; ; ;19;68;62;84;75;76;86;103;95;85;81;80;74;50;58; ; ; ;0;0;0;0;0;0;21;25;15;23;10;18; ; ; ; ; ; ; ; ; ; ; ; ; ; ;36;46;32;57;31;42; ;0;0;0;2;6;5;9;9;8;10;11;9;7;7;6;6;6;6;0;0;5;7;8;0
Tucumán;RIO CHICO;Estatal;Urbano; ; ;16;254;587;668;737;793;742;749;886;865;974;892;823;786;603;564;158; ;1753; ; ;7;130;273;355;371;388;378;369;456;434;529;441;386;386;288;263;88; ;472;2;2;1;3;4;4;60;69;70;61;48;25;0; ; ; ; ; ; ; ;3;3;1;5;5;6;149;168;186;176;130;107;6;0;0;1;12;29;30;37;38;35;36;39;37;31;31;27;29;27;25;8;0;3;0;8;0
Tucumán;RIO CHICO;Privado;Urbano; ; ;25;36;80;91;97;89;89;95;97;97;129;125;128;134;89;120; ; ; ; ; ;12;13;42;43;42;41;40;52;48;55;47;60;60;66;48;47; ; ; ;0;0;0;0;0;0;0;1;3;0;0;1; ; ; ; ; ; ; ; ; ; ; ; ; ; ;2;2;3;9;9;3; ;0;0;2;2;4;3;3;3;3;3;3;3;4;4;4;4;4;4;0;0;0;0; ;0
Tucumán;SIMOCA;Estatal;Rural; ; ; ;166;228;275;305;341;311;333;364;348;311;328;332;319;283;239; ; ; ; ; ; ;82;102;135;138;173;161;170;201;172;149;188;174;169;145;115; ; ; ;0;2;2;2;0;0;17;29;26;26;8;4; ; ; ; ; ; ; ; ;1;3;6;4;9;1;35;60;55;59;36;16; ;0;0;0;3;3;5;19;16;17;17;16;17;18;16;16;15;15;14;0;0;42;64;16;1
Tucumán;SIMOCA;Estatal;Urbano; ; ; ;67;118;125;120;128;131;130;160;169;182;189;162;162;151;147;46; ;663; ; ; ;34;59;58;53;62;77;80;87;81;98;107;89;73;75;65;23; ;150;0;1;0;0;0;0;8;23;14;3;7;0;0; ; ; ; ; ; ; ; ;1; ; ; ; ;17;39;30;26;38;17; ;0;0;0;3;5;4;8;8;8;7;8;8;7;7;7;9;9;9;1;0;2;0; ;0
Tucumán;SIMOCA;Privado;Urbano; ; ; ;23;44;51;75;86;77;67;91;67;98;91;100;91;80;63; ; ; ; ; ; ;8;21;29;35;46;32;35;44;36;44;38;45;45;35;32; ; ; ;0;0;0;0;0;0;0;0;0;0;0;0; ; ; ; ; ; ; ;1; ; ; ;1; ; ;14;23;16;10;16;2; ;0;0;0;1;2;2;3;3;3;3;3;2;3;3;3;3;2;2;0;0;0;0; ;0
Tucumán;TAFI DEL VALLE;Estatal;Rural;2;3;13;73;175;200;226;221;228;241;273;244;287;255;260;207;181;152;59; ;388;0;0;8;27;95;101;118;107;123;124;135;120;145;128;124;100;96;73;29; ;62;0;0;2;0;0;1;18;21;16;2;1;0;0; ; ; ; ; ; ; ; ; ;2;1;3;1;33;39;34;25;16;20; ;0;0;0;1;6;8;11;12;12;11;11;11;12;12;12;11;11;11;3;0;18;27;2;0
Tucumán;TAFI VIEJO;Estatal;Rural; ;1;14;122;400;485;712;787;778;849;872;820;547;615;450;397;307;323;23; ; ; ;0;8;61;223;239;370;418;410;424;464;427;300;333;217;206;151;166;18; ; ;2;12;15;10;5;8;22;45;18;21;15;11;1; ; ; ; ; ;1;26;5;20;23;22;18;23;94;134;85;69;60;69;11;0;0;0;4;17;21;35;39;37;37;40;34;21;20;21;16;16;15;1;0;14;12;18;1
Tucumán;TAFI VIEJO;Estatal;Urbano;2;7;35;369;988;1141;1070;1140;1182;1200;1340;1235;1287;1303;1134;997;893;774;108; ;1032;2;5;18;193;497;591;539;606;626;624;719;624;687;675;573;504;440;405;76; ;321;1;6;12;9;15;3;139;188;105;87;37;9;1; ; ; ; ; ; ;1;1;7;14;10;22;14;200;309;226;190;181;122;10;0;0;2;15;44;55;49;50;49;49;54;48;47;43;41;38;34;33;4;0;5;0; ;0
Tucumán;TAFI VIEJO;Privado;Urbano; ;15;46;117;296;282;353;346;346;369;352;362;462;448;402;377;319;291;18; ;199; ;9;23;56;155;148;179;186;187;182;186;192;214;194;187;192;143;154;10; ;51;1;1;3;3;0;0;4;5;7;1;1;1;0; ; ; ; ; ; ;1;1;3;4;5;2; ;52;29;72;76;53;47;7;0;0;0;1;9;11;12;11;11;12;12;12;13;13;12;12;12;11;1;0;14;0; ;0
Tucumán;TRANCAS;Estatal;Rural; ; ; ;91;157;162;195;219;183;208;221;193;150;135;139;136;126;104; ; ; ; ; ; ;42;77;91;91;110;96;105;126;101;78;66;66;81;56;43; ; ; ;0;0;0;0;0;0;8;12;7;9;4;0; ; ; ; ; ; ; ; ; ; ; ;2;1;2;16;18;16;26;13;7; ;0;0;0;2;5;6;9;8;7;7;10;8;6;5;5;5;5;5;0;0;15;29;15;2
Tucumán;TRANCAS;Estatal;Urbano; ; ; ;50;144;164;180;180;183;170;199;176;188;247;226;190;161;146;69; ;284; ; ; ;31;74;89;86;88;93;78;101;93;107;127;129;100;82;68;47; ;44;0;0;0;0;0;0;30;57;35;40;20;12;0; ; ; ; ; ; ;1; ; ; ; ;1; ;32;61;47;47;27;24; ;0;0;0;2;6;7;9;9;8;7;9;9;7;7;7;7;6;6;2;0;1;0; ;0
Tucumán;YERBA BUENA;Estatal;Rural; ; ; ;51;136;155;153;156;142;179;179;145;206;194;158;146;116;88;81; ; ; ; ; ;29;73;76;82;73;76;85;85;84;117;107;94;74;59;49;51; ; ;0;1;1;3;1;0;2;9;18;19;8;2;8; ; ; ; ; ; ; ;1;1;2;5;2;1;69;57;60;40;19;40;49;0;0;0;3;6;7;7;7;6;8;9;7;9;8;7;5;4;4;2;0;3;4;3;0
Tucumán;YERBA BUENA;Estatal;Urbano; ;13;9;262;345;355;409;420;430;461;500;453;570;574;532;473;386;337; ; ; ; ;5;5;127;178;190;187;231;238;217;270;246;293;280;246;221;176;156; ; ; ;1;13;6;11;9;4;28;59;35;17;10;0; ; ; ; ; ; ; ;1;4;15;9;17;12;9;56;94;89;69;47;26; ;0;2;1;13;15;15;21;20;21;20;21;19;22;21;20;18;18;16;0;0;3;0; ;0
Tucumán;YERBA BUENA;Privado;Urbano;1;4;6;592;773;804;894;897;921;949;966;896;889;849;834;789;773;715; ; ; ;1;1;4;291;397;383;442;432;476;474;479;441;442;423;424;392;365;363; ; ; ;0;2;0;0;0;0;0;0;2;1;0;0; ; ; ; ; ;1;1;10;8;4; ;1;3;5;14;16;14;15;11;10; ;1;1;1;28;32;32;33;33;34;33;33;32;29;28;27;27;26;26;0;0;2;0; ;0
